# https://github.com/mikedh/trimesh
v -0.00607900 -0.03798800 -0.00500000
v -0.00607900 -0.03798800 -0.00500000
v -0.00607900 -0.03798800 -0.00500000
v -0.00607900 -0.03798800 -0.00500000
v -0.00607900 -0.03798800 -0.00500000
v -0.00607900 -0.03798800 -0.00500000
v -0.00607900 -0.03798800 -0.00500000
v -0.00607900 -0.03798800 -0.00500000
v -0.00601100 -0.03796100 -0.00613000
v -0.00601100 -0.03796100 -0.00613000
v -0.00601100 -0.03796100 -0.00613000
v -0.00601100 -0.03796100 -0.00613000
v -0.00601100 -0.03796100 -0.00613000
v -0.00592400 -0.03613000 -0.00613400
v -0.00592400 -0.03613000 -0.00613400
v -0.00592400 -0.03613000 -0.00613400
v -0.00592400 -0.03613000 -0.00613400
v -0.00592400 -0.03613000 -0.00613400
v -0.00592400 -0.03613000 -0.00613400
v -0.00592400 -0.03613000 -0.00613400
v -0.00599100 -0.03615200 -0.00500000
v -0.00599100 -0.03615200 -0.00500000
v -0.00599100 -0.03615200 -0.00500000
v -0.00599100 -0.03615200 -0.00500000
v -0.00599100 -0.03615200 -0.00500000
v -0.00592400 -0.03613000 -0.00386700
v -0.00592400 -0.03613000 -0.00386700
v -0.00592400 -0.03613000 -0.00386700
v -0.00592400 -0.03613000 -0.00386700
v -0.00592400 -0.03613000 -0.00386700
v -0.00592400 -0.03613000 -0.00386700
v -0.00601100 -0.03796100 -0.00387100
v -0.00601100 -0.03796100 -0.00387100
v -0.00601100 -0.03796100 -0.00387100
v -0.00601100 -0.03796100 -0.00387100
v -0.00601100 -0.03796100 -0.00387100
v -0.00601100 -0.03796100 -0.00387100
v -0.00599200 -0.04053800 -0.00420100
v -0.00599200 -0.04053800 -0.00420100
v -0.00599200 -0.04053800 -0.00420100
v -0.00599200 -0.04053800 -0.00420100
v -0.00599200 -0.04053800 -0.00420100
v -0.00599200 -0.04053800 -0.00420100
v -0.00602900 -0.04055400 -0.00500000
v -0.00602900 -0.04055400 -0.00500000
v -0.00602900 -0.04055400 -0.00500000
v -0.00602900 -0.04055400 -0.00500000
v -0.00600200 -0.04054300 -0.00569600
v -0.00600200 -0.04054300 -0.00569600
v -0.00600200 -0.04054300 -0.00569600
v -0.00600200 -0.04054300 -0.00569600
v -0.00600200 -0.04054300 -0.00569600
v -0.00600200 -0.04054300 -0.00569600
v -0.00579100 -0.03788300 -0.00717300
v -0.00579100 -0.03788300 -0.00717300
v -0.00579100 -0.03788300 -0.00717300
v -0.00579100 -0.03788300 -0.00717300
v -0.00579100 -0.03788300 -0.00717300
v -0.00579100 -0.03788300 -0.00717300
v -0.00579100 -0.03788300 -0.00717300
v -0.00595600 -0.04052100 -0.00611500
v -0.00595600 -0.04052100 -0.00611500
v -0.00595600 -0.04052100 -0.00611500
v -0.00595600 -0.04052100 -0.00611500
v -0.00595600 -0.04052100 -0.00611500
v -0.00595600 -0.04052100 -0.00611500
v -0.00570500 -0.03608000 -0.00718200
v -0.00570500 -0.03608000 -0.00718200
v -0.00570500 -0.03608000 -0.00718200
v -0.00570500 -0.03608000 -0.00718200
v -0.00570500 -0.03608000 -0.00718200
v -0.00570500 -0.03608000 -0.00718200
v -0.00394000 -0.00226900 -0.00623400
v -0.00394000 -0.00226900 -0.00623400
v -0.00394000 -0.00226900 -0.00623400
v -0.00394000 -0.00226900 -0.00623400
v -0.00394000 -0.00226900 -0.00623400
v -0.00394000 -0.00226900 -0.00623400
v -0.00394000 -0.00226900 -0.00623400
v -0.00402800 -0.00230200 -0.00534800
v -0.00402800 -0.00230200 -0.00534800
v -0.00402800 -0.00230200 -0.00534800
v -0.00402800 -0.00230200 -0.00534800
v -0.00402800 -0.00230200 -0.00534800
v -0.00402800 -0.00230200 -0.00534800
v -0.00401500 -0.00229700 -0.00441100
v -0.00401500 -0.00229700 -0.00441100
v -0.00401500 -0.00229700 -0.00441100
v -0.00401500 -0.00229700 -0.00441100
v -0.00401500 -0.00229700 -0.00441100
v -0.00574600 -0.03670000 -0.00281900
v -0.00574600 -0.03670000 -0.00281900
v -0.00574600 -0.03670000 -0.00281900
v -0.00574600 -0.03670000 -0.00281900
v -0.00574600 -0.03670000 -0.00281900
v -0.00574600 -0.03670000 -0.00281900
v -0.00574600 -0.03670000 -0.00281900
v -0.00391400 -0.00225800 -0.00360900
v -0.00391400 -0.00225800 -0.00360900
v -0.00391400 -0.00225800 -0.00360900
v -0.00391400 -0.00225800 -0.00360900
v -0.00391400 -0.00225800 -0.00360900
v -0.00391400 -0.00225800 -0.00360900
v -0.00579500 -0.03824300 -0.00283000
v -0.00579500 -0.03824300 -0.00283000
v -0.00579500 -0.03824300 -0.00283000
v -0.00579500 -0.03824300 -0.00283000
v -0.00579500 -0.03824300 -0.00283000
v -0.00595600 -0.04052100 -0.00388400
v -0.00595600 -0.04052100 -0.00388400
v -0.00595600 -0.04052100 -0.00388400
v -0.00595600 -0.04052100 -0.00388400
v -0.00595600 -0.04052100 -0.00388400
v -0.00595600 -0.04052100 -0.00388400
v -0.00581100 -0.04185900 -0.00386500
v -0.00581100 -0.04185900 -0.00386500
v -0.00581100 -0.04185900 -0.00386500
v -0.00581100 -0.04185900 -0.00386500
v -0.00581100 -0.04185900 -0.00386500
v -0.00581100 -0.04185900 -0.00386500
v -0.00581100 -0.04185900 -0.00386500
v -0.00581100 -0.04185900 -0.00386500
v -0.00587900 -0.04190300 -0.00498800
v -0.00587900 -0.04190300 -0.00498800
v -0.00587900 -0.04190300 -0.00498800
v -0.00587900 -0.04190300 -0.00498800
v -0.00587900 -0.04190300 -0.00498800
v -0.00587900 -0.04190300 -0.00498800
v -0.00587900 -0.04190300 -0.00498800
v -0.00587900 -0.04190300 -0.00498800
v -0.00581500 -0.04185900 -0.00610900
v -0.00581500 -0.04185900 -0.00610900
v -0.00581500 -0.04185900 -0.00610900
v -0.00581500 -0.04185900 -0.00610900
v -0.00581500 -0.04185900 -0.00610900
v -0.00581500 -0.04185900 -0.00610900
v -0.00581500 -0.04185900 -0.00610900
v -0.00581500 -0.04185900 -0.00610900
v -0.00572200 -0.04039900 -0.00713900
v -0.00572200 -0.04039900 -0.00713900
v -0.00572200 -0.04039900 -0.00713900
v -0.00572200 -0.04039900 -0.00713900
v -0.00572200 -0.04039900 -0.00713900
v -0.00572200 -0.04039900 -0.00713900
v -0.00569200 -0.03814300 -0.00748200
v -0.00569200 -0.03814300 -0.00748200
v -0.00569200 -0.03814300 -0.00748200
v -0.00569200 -0.03814300 -0.00748200
v -0.00569200 -0.03814300 -0.00748200
v -0.00564000 -0.03661700 -0.00749500
v -0.00564000 -0.03661700 -0.00749500
v -0.00564000 -0.03661700 -0.00749500
v -0.00564000 -0.03661700 -0.00749500
v -0.00564000 -0.03661700 -0.00749500
v -0.00564000 -0.03661700 -0.00749500
v -0.00564000 -0.03661700 -0.00749500
v -0.00564000 -0.03661700 -0.00749500
v -0.00561000 -0.04172100 -0.00713100
v -0.00561000 -0.04172100 -0.00713100
v -0.00561000 -0.04172100 -0.00713100
v -0.00561000 -0.04172100 -0.00713100
v -0.00561000 -0.04172100 -0.00713100
v -0.00561000 -0.04172100 -0.00713100
v -0.00376600 -0.00220800 -0.00697900
v -0.00376600 -0.00220800 -0.00697900
v -0.00376600 -0.00220800 -0.00697900
v -0.00376600 -0.00220800 -0.00697900
v -0.00376600 -0.00220800 -0.00697900
v -0.00376600 -0.00220800 -0.00697900
v -0.00386500 -0.00280600 -0.00671500
v -0.00386500 -0.00280600 -0.00671500
v -0.00386500 -0.00280600 -0.00671500
v -0.00328900 -0.00029500 -0.00805000
v -0.00328900 -0.00029500 -0.00805000
v -0.00328900 -0.00029500 -0.00805000
v -0.00328900 -0.00029500 -0.00805000
v -0.00328900 -0.00029500 -0.00805000
v -0.00328900 -0.00029500 -0.00805000
v -0.00328900 -0.00029500 -0.00805000
v -0.00328900 -0.00029500 -0.00805000
v -0.00328900 -0.00029500 -0.00805000
v -0.00328900 -0.00029500 -0.00805000
v -0.00328900 -0.00029500 -0.00805000
v -0.00328900 -0.00029500 -0.00805000
v -0.00328900 -0.00029500 -0.00805000
v -0.00297800 0.00163000 -0.00805000
v -0.00297800 0.00163000 -0.00805000
v -0.00297800 0.00163000 -0.00805000
v -0.00297800 0.00163000 -0.00805000
v -0.00297800 0.00163000 -0.00805000
v -0.00297800 0.00163000 -0.00805000
v -0.00297800 0.00163000 -0.00805000
v -0.00297800 0.00163000 -0.00805000
v -0.00297800 0.00163000 -0.00805000
v -0.00297800 0.00163000 -0.00805000
v -0.00297800 0.00163000 -0.00195100
v -0.00297800 0.00163000 -0.00195100
v -0.00297800 0.00163000 -0.00195100
v -0.00297800 0.00163000 -0.00195100
v -0.00297800 0.00163000 -0.00195100
v -0.00297800 0.00163000 -0.00195100
v -0.00297800 0.00163000 -0.00195100
v -0.00297800 0.00163000 -0.00195100
v -0.00297800 0.00163000 -0.00195100
v -0.00297800 0.00163000 -0.00195100
v -0.00297800 0.00163000 -0.00195100
v -0.00564200 -0.03663300 -0.00250500
v -0.00564200 -0.03663300 -0.00250500
v -0.00564200 -0.03663300 -0.00250500
v -0.00564200 -0.03663300 -0.00250500
v -0.00564200 -0.03663300 -0.00250500
v -0.00564200 -0.03663300 -0.00250500
v -0.00569200 -0.03814300 -0.00251800
v -0.00569200 -0.03814300 -0.00251800
v -0.00569200 -0.03814300 -0.00251800
v -0.00569200 -0.03814300 -0.00251800
v -0.00569200 -0.03814300 -0.00251800
v -0.00569200 -0.03814300 -0.00251800
v -0.00371300 -0.00218600 -0.00286100
v -0.00371300 -0.00218600 -0.00286100
v -0.00371300 -0.00218600 -0.00286100
v -0.00371300 -0.00218600 -0.00286100
v -0.00328900 -0.00029500 -0.00195100
v -0.00328900 -0.00029500 -0.00195100
v -0.00328900 -0.00029500 -0.00195100
v -0.00328900 -0.00029500 -0.00195100
v -0.00328900 -0.00029500 -0.00195100
v -0.00328900 -0.00029500 -0.00195100
v -0.00328900 -0.00029500 -0.00195100
v -0.00328900 -0.00029500 -0.00195100
v -0.00328900 -0.00029500 -0.00195100
v -0.00328900 -0.00029500 -0.00195100
v -0.00328900 -0.00029500 -0.00195100
v -0.00572200 -0.04039900 -0.00286100
v -0.00572200 -0.04039900 -0.00286100
v -0.00572200 -0.04039900 -0.00286100
v -0.00572200 -0.04039900 -0.00286100
v -0.00572200 -0.04039900 -0.00286100
v -0.00572200 -0.04039900 -0.00286100
v -0.00561000 -0.04172100 -0.00286800
v -0.00561000 -0.04172100 -0.00286800
v -0.00561000 -0.04172100 -0.00286800
v -0.00561000 -0.04172100 -0.00286800
v -0.00561000 -0.04172100 -0.00286800
v -0.00561000 -0.04172100 -0.00286800
v -0.00549700 -0.04253900 -0.00287300
v -0.00549700 -0.04253900 -0.00287300
v -0.00549700 -0.04253900 -0.00287300
v -0.00549700 -0.04253900 -0.00287300
v -0.00547200 -0.04268300 -0.00287500
v -0.00547200 -0.04268300 -0.00287500
v -0.00547200 -0.04268300 -0.00287500
v -0.00547200 -0.04268300 -0.00287500
v -0.00539300 -0.04312600 -0.00287700
v -0.00539300 -0.04312600 -0.00287700
v -0.00539300 -0.04312600 -0.00287700
v -0.00539300 -0.04312600 -0.00287700
v -0.00539300 -0.04312600 -0.00287700
v -0.00539300 -0.04312600 -0.00287700
v -0.00563200 -0.04282100 -0.00386800
v -0.00563200 -0.04282100 -0.00386800
v -0.00563200 -0.04282100 -0.00386800
v -0.00563200 -0.04282100 -0.00386800
v -0.00563200 -0.04282100 -0.00386800
v -0.00563200 -0.04282100 -0.00386800
v -0.00540600 -0.04390500 -0.00498800
v -0.00540600 -0.04390500 -0.00498800
v -0.00540600 -0.04390500 -0.00498800
v -0.00540600 -0.04390500 -0.00498800
v -0.00540600 -0.04390500 -0.00498800
v -0.00540600 -0.04390500 -0.00498800
v -0.00540600 -0.04390500 -0.00498800
v -0.00537300 -0.04386100 -0.00609900
v -0.00537300 -0.04386100 -0.00609900
v -0.00537300 -0.04386100 -0.00609900
v -0.00537300 -0.04386100 -0.00609900
v -0.00537300 -0.04386100 -0.00609900
v -0.00537300 -0.04386100 -0.00609900
v -0.00526500 -0.04372300 -0.00711800
v -0.00526500 -0.04372300 -0.00711800
v -0.00526500 -0.04372300 -0.00711800
v -0.00526500 -0.04372300 -0.00711800
v -0.00526500 -0.04372300 -0.00711800
v -0.00526500 -0.04372300 -0.00711800
v -0.00539300 -0.04312600 -0.00712300
v -0.00539300 -0.04312600 -0.00712300
v -0.00539300 -0.04312600 -0.00712300
v -0.00539300 -0.04312600 -0.00712300
v -0.00549900 -0.04252800 -0.00712600
v -0.00549900 -0.04252800 -0.00712600
v -0.00549900 -0.04252800 -0.00712600
v -0.00549900 -0.04252800 -0.00712600
v -0.00535100 -0.04145600 -0.00792100
v -0.00535100 -0.04145600 -0.00792100
v -0.00535100 -0.04145600 -0.00792100
v -0.00535100 -0.04145600 -0.00792100
v -0.00535100 -0.04145600 -0.00792100
v -0.00535100 -0.04145600 -0.00792100
v -0.00535100 -0.04145600 -0.00792100
v -0.00561900 -0.04035500 -0.00743400
v -0.00561900 -0.04035500 -0.00743400
v -0.00561900 -0.04035500 -0.00743400
v -0.00561900 -0.04035500 -0.00743400
v -0.00561900 -0.04035500 -0.00743400
v -0.00549200 -0.03803200 -0.00803100
v -0.00549200 -0.03803200 -0.00803100
v -0.00549200 -0.03803200 -0.00803100
v -0.00549200 -0.03803200 -0.00803100
v -0.00549200 -0.03803200 -0.00803100
v -0.00549200 -0.03803200 -0.00803100
v -0.00549200 -0.03803200 -0.00803100
v -0.00543600 -0.03653900 -0.00805700
v -0.00543600 -0.03653900 -0.00805700
v -0.00543600 -0.03653900 -0.00805700
v -0.00543600 -0.03653900 -0.00805700
v -0.00371300 -0.00218600 -0.00713900
v -0.00371300 -0.00218600 -0.00713900
v -0.00371300 -0.00218600 -0.00713900
v -0.00517500 -0.04303200 -0.00788700
v -0.00517500 -0.04303200 -0.00788700
v -0.00517500 -0.04303200 -0.00788700
v -0.00517500 -0.04303200 -0.00788700
v -0.00517500 -0.04303200 -0.00788700
v -0.00517500 -0.04303200 -0.00788700
v -0.00517500 -0.04303200 -0.00788700
v -0.00517500 -0.04303200 -0.00788700
v -0.00252600 -0.00320400 -0.00899400
v -0.00252600 -0.00320400 -0.00899400
v -0.00252600 -0.00320400 -0.00899400
v -0.00199100 -0.00359600 -0.00948200
v -0.00199100 -0.00359600 -0.00948200
v -0.00199100 -0.00359600 -0.00948200
v -0.00199100 -0.00359600 -0.00948200
v -0.00199100 -0.00359600 -0.00948200
v -0.00514500 -0.03645100 -0.00872300
v -0.00514500 -0.03645100 -0.00872300
v -0.00514500 -0.03645100 -0.00872300
v -0.00514500 -0.03645100 -0.00872300
v -0.00514500 -0.03645100 -0.00872300
v -0.00514500 -0.03645100 -0.00872300
v -0.00476600 -0.03635700 -0.00937100
v -0.00476600 -0.03635700 -0.00937100
v -0.00476600 -0.03635700 -0.00937100
v -0.00476600 -0.03635700 -0.00937100
v -0.00476600 -0.03635700 -0.00937100
v -0.00476600 -0.03635700 -0.00937100
v -0.00442000 -0.03484200 -0.00965800
v -0.00442000 -0.03484200 -0.00965800
v -0.00442000 -0.03484200 -0.00965800
v -0.00429400 -0.03625200 -0.00991200
v -0.00429400 -0.03625200 -0.00991200
v -0.00429400 -0.03625200 -0.00991200
v -0.00429400 -0.03625200 -0.00991200
v -0.00429400 -0.03625200 -0.00991200
v -0.00429400 -0.03625200 -0.00991200
v -0.00429400 -0.03625200 -0.00991200
v -0.00429400 -0.03625200 -0.00991200
v -0.00414000 -0.03480800 -0.00995000
v -0.00414000 -0.03480800 -0.00995000
v -0.00414000 -0.03480800 -0.00995000
v -0.00414000 -0.03480800 -0.00995000
v -0.00414000 -0.03480800 -0.00995000
v -0.00414000 -0.03480800 -0.00995000
v -0.00414000 -0.03480800 -0.00995000
v -0.00224900 0.00343800 -0.00805000
v -0.00224900 0.00343800 -0.00805000
v -0.00224900 0.00343800 -0.00805000
v -0.00224900 0.00343800 -0.00805000
v -0.00224900 0.00343800 -0.00805000
v -0.00224900 0.00343800 -0.00805000
v -0.00224900 0.00343800 -0.00805000
v -0.00224900 0.00343800 -0.00805000
v -0.00197800 -0.00360700 -0.00949300
v -0.00197800 -0.00360700 -0.00949300
v -0.00197800 -0.00360700 -0.00949300
v -0.00197800 -0.00360700 -0.00949300
v -0.00172500 -0.00374600 -0.00969000
v -0.00172500 -0.00374600 -0.00969000
v -0.00172500 -0.00374600 -0.00969000
v -0.00172500 -0.00374600 -0.00969000
v -0.00172500 -0.00374600 -0.00969000
v -0.00136100 -0.00391200 -0.00994200
v -0.00136100 -0.00391200 -0.00994200
v -0.00136100 -0.00391200 -0.00994200
v -0.00136100 -0.00391200 -0.00994200
v -0.00096900 -0.00404400 -0.01018000
v -0.00096900 -0.00404400 -0.01018000
v -0.00096900 -0.00404400 -0.01018000
v -0.00096900 -0.00404400 -0.01018000
v -0.00096900 -0.00404400 -0.01018000
v -0.00224900 0.00343800 -0.00195100
v -0.00224900 0.00343800 -0.00195100
v -0.00224900 0.00343800 -0.00195100
v -0.00224900 0.00343800 -0.00195100
v -0.00224900 0.00343800 -0.00195100
v -0.00224900 0.00343800 -0.00195100
v -0.00224900 0.00343800 -0.00195100
v -0.00224900 0.00343800 -0.00195100
v -0.00094900 -0.00405000 0.00019100
v -0.00094900 -0.00405000 0.00019100
v -0.00094900 -0.00405000 0.00019100
v -0.00094900 -0.00405000 0.00019100
v -0.00094900 -0.00405000 0.00019100
v -0.00102400 -0.00402800 0.00014900
v -0.00102400 -0.00402800 0.00014900
v -0.00102400 -0.00402800 0.00014900
v -0.00102400 -0.00402800 0.00014900
v -0.00152100 -0.00384500 -0.00016400
v -0.00152100 -0.00384500 -0.00016400
v -0.00152100 -0.00384500 -0.00016400
v -0.00152100 -0.00384500 -0.00016400
v -0.00152100 -0.00384500 -0.00016400
v -0.00197800 -0.00360700 -0.00050800
v -0.00197800 -0.00360700 -0.00050800
v -0.00197800 -0.00360700 -0.00050800
v -0.00197800 -0.00360700 -0.00050800
v -0.00211100 -0.00352400 -0.00061900
v -0.00211100 -0.00352400 -0.00061900
v -0.00211100 -0.00352400 -0.00061900
v -0.00211100 -0.00352400 -0.00061900
v -0.00211100 -0.00352400 -0.00061900
v -0.00543700 -0.03655600 -0.00194300
v -0.00543700 -0.03655600 -0.00194300
v -0.00543700 -0.03655600 -0.00194300
v -0.00543700 -0.03655600 -0.00194300
v -0.00549200 -0.03803200 -0.00196800
v -0.00549200 -0.03803200 -0.00196800
v -0.00549200 -0.03803200 -0.00196800
v -0.00549200 -0.03803200 -0.00196800
v -0.00549200 -0.03803200 -0.00196800
v -0.00549200 -0.03803200 -0.00196800
v -0.00549200 -0.03803200 -0.00196800
v -0.00549200 -0.03803200 -0.00196800
v -0.00561900 -0.04035500 -0.00256600
v -0.00561900 -0.04035500 -0.00256600
v -0.00561900 -0.04035500 -0.00256600
v -0.00561900 -0.04035500 -0.00256600
v -0.00561900 -0.04035500 -0.00256600
v -0.00265200 -0.00308800 -0.00113800
v -0.00265200 -0.00308800 -0.00113800
v -0.00265200 -0.00308800 -0.00113800
v -0.00414000 -0.03480800 -0.00005100
v -0.00414000 -0.03480800 -0.00005100
v -0.00414000 -0.03480800 -0.00005100
v -0.00414000 -0.03480800 -0.00005100
v -0.00414000 -0.03480800 -0.00005100
v -0.00414000 -0.03480800 -0.00005100
v -0.00414000 -0.03480800 -0.00005100
v -0.00414000 -0.03480800 -0.00005100
v -0.00429600 -0.03626800 -0.00008900
v -0.00429600 -0.03626800 -0.00008900
v -0.00429600 -0.03626800 -0.00008900
v -0.00429600 -0.03626800 -0.00008900
v -0.00429600 -0.03626800 -0.00008900
v -0.00429600 -0.03626800 -0.00008900
v -0.00476800 -0.03637300 -0.00062900
v -0.00476800 -0.03637300 -0.00062900
v -0.00476800 -0.03637300 -0.00062900
v -0.00476800 -0.03637300 -0.00062900
v -0.00476800 -0.03637300 -0.00062900
v -0.00514700 -0.03646700 -0.00127600
v -0.00514700 -0.03646700 -0.00127600
v -0.00514700 -0.03646700 -0.00127600
v -0.00514700 -0.03646700 -0.00127600
v -0.00514700 -0.03646700 -0.00127600
v -0.00514700 -0.03646700 -0.00127600
v -0.00535600 -0.04145600 -0.00209300
v -0.00535600 -0.04145600 -0.00209300
v -0.00535600 -0.04145600 -0.00209300
v -0.00535600 -0.04145600 -0.00209300
v -0.00535600 -0.04145600 -0.00209300
v -0.00535600 -0.04145600 -0.00209300
v -0.00535600 -0.04145600 -0.00209300
v -0.00517800 -0.04303700 -0.00212500
v -0.00517800 -0.04303700 -0.00212500
v -0.00517800 -0.04303700 -0.00212500
v -0.00517800 -0.04303700 -0.00212500
v -0.00517800 -0.04303700 -0.00212500
v -0.00517800 -0.04303700 -0.00212500
v -0.00517800 -0.04303700 -0.00212500
v -0.00517800 -0.04303700 -0.00212500
v -0.00503500 -0.04458600 -0.00288900
v -0.00503500 -0.04458600 -0.00288900
v -0.00503500 -0.04458600 -0.00288900
v -0.00503500 -0.04458600 -0.00288900
v -0.00503500 -0.04458600 -0.00288900
v -0.00503500 -0.04458600 -0.00288900
v -0.00503500 -0.04458600 -0.00288900
v -0.00483400 -0.04468500 -0.00217900
v -0.00483400 -0.04468500 -0.00217900
v -0.00483400 -0.04468500 -0.00217900
v -0.00483400 -0.04468500 -0.00217900
v -0.00483400 -0.04468500 -0.00217900
v -0.00483400 -0.04468500 -0.00217900
v -0.00537100 -0.04386100 -0.00387600
v -0.00537100 -0.04386100 -0.00387600
v -0.00537100 -0.04386100 -0.00387600
v -0.00537100 -0.04386100 -0.00387600
v -0.00504000 -0.04487900 -0.00388300
v -0.00504000 -0.04487900 -0.00388300
v -0.00504000 -0.04487900 -0.00388300
v -0.00504000 -0.04487900 -0.00388300
v -0.00504000 -0.04487900 -0.00388300
v -0.00504000 -0.04487900 -0.00388300
v -0.00505900 -0.04492800 -0.00498800
v -0.00505900 -0.04492800 -0.00498800
v -0.00505900 -0.04492800 -0.00498800
v -0.00505900 -0.04492800 -0.00498800
v -0.00505900 -0.04492800 -0.00498800
v -0.00505900 -0.04492800 -0.00498800
v -0.00504200 -0.04487900 -0.00609100
v -0.00504200 -0.04487900 -0.00609100
v -0.00504200 -0.04487900 -0.00609100
v -0.00504200 -0.04487900 -0.00609100
v -0.00504200 -0.04487900 -0.00609100
v -0.00504200 -0.04487900 -0.00609100
v -0.00501400 -0.04465200 -0.00711000
v -0.00501400 -0.04465200 -0.00711000
v -0.00501400 -0.04465200 -0.00711000
v -0.00501400 -0.04465200 -0.00711000
v -0.00501400 -0.04465200 -0.00711000
v -0.00501400 -0.04465200 -0.00711000
v -0.00483100 -0.04468000 -0.00783200
v -0.00483100 -0.04468000 -0.00783200
v -0.00483100 -0.04468000 -0.00783200
v -0.00483100 -0.04468000 -0.00783200
v -0.00483100 -0.04468000 -0.00783200
v -0.00483100 -0.04468000 -0.00783200
v -0.00495400 -0.04295400 -0.00842900
v -0.00495400 -0.04295400 -0.00842900
v -0.00495400 -0.04295400 -0.00842900
v -0.00495400 -0.04295400 -0.00842900
v -0.00495400 -0.04295400 -0.00842900
v -0.00495400 -0.04295400 -0.00842900
v -0.00495400 -0.04295400 -0.00842900
v -0.00509700 -0.04141100 -0.00850300
v -0.00509700 -0.04141100 -0.00850300
v -0.00509700 -0.04141100 -0.00850300
v -0.00509700 -0.04141100 -0.00850300
v -0.00509700 -0.04141100 -0.00850300
v -0.00521500 -0.04022800 -0.00843900
v -0.00521500 -0.04022800 -0.00843900
v -0.00521500 -0.04022800 -0.00843900
v -0.00521500 -0.04022800 -0.00843900
v -0.00521500 -0.04022800 -0.00843900
v -0.00521500 -0.04022800 -0.00843900
v -0.00520600 -0.03791100 -0.00868300
v -0.00520600 -0.03791100 -0.00868300
v -0.00520600 -0.03791100 -0.00868300
v -0.00520600 -0.03791100 -0.00868300
v -0.00520600 -0.03791100 -0.00868300
v -0.00466300 -0.04455800 -0.00832400
v -0.00466300 -0.04455800 -0.00832400
v -0.00466300 -0.04455800 -0.00832400
v -0.00466300 -0.04455800 -0.00832400
v -0.00466300 -0.04455800 -0.00832400
v -0.00466300 -0.04455800 -0.00832400
v -0.00483600 -0.03778400 -0.00932100
v -0.00483600 -0.03778400 -0.00932100
v -0.00483600 -0.03778400 -0.00932100
v -0.00483600 -0.03778400 -0.00932100
v -0.00483600 -0.03778400 -0.00932100
v -0.00483600 -0.03778400 -0.00932100
v -0.00437700 -0.03765600 -0.00985400
v -0.00437700 -0.03765600 -0.00985400
v -0.00437700 -0.03765600 -0.00985400
v -0.00437700 -0.03765600 -0.00985400
v -0.00437700 -0.03765600 -0.00985400
v -0.00437700 -0.03765600 -0.00985400
v -0.00437700 -0.03765600 -0.00985400
v -0.00383400 -0.03752400 -0.01022700
v -0.00383400 -0.03752400 -0.01022700
v -0.00383400 -0.03752400 -0.01022700
v -0.00383400 -0.03752400 -0.01022700
v -0.00383400 -0.03752400 -0.01022700
v -0.00383400 -0.03752400 -0.01022700
v -0.00373200 -0.03614700 -0.01028700
v -0.00373200 -0.03614700 -0.01028700
v -0.00373200 -0.03614700 -0.01028700
v -0.00373200 -0.03614700 -0.01028700
v -0.00373200 -0.03614700 -0.01028700
v -0.00373200 -0.03614700 -0.01028700
v -0.00370100 -0.03476400 -0.01026100
v -0.00370100 -0.03476400 -0.01026100
v -0.00370100 -0.03476400 -0.01026100
v -0.00370100 -0.03476400 -0.01026100
v -0.00370100 -0.03476400 -0.01026100
v -0.00370100 -0.03476400 -0.01026100
v -0.00370100 -0.03476400 -0.01026100
v -0.00370100 -0.03476400 -0.01026100
v 0.00384700 -0.00183200 -0.01128000
v 0.00384700 -0.00183200 -0.01128000
v 0.00384700 -0.00183200 -0.01128000
v 0.00384700 -0.00183200 -0.01128000
v 0.00384700 -0.00183200 -0.01128000
v 0.00384700 -0.00183200 -0.01128000
v 0.00384700 -0.00183200 -0.01128000
v 0.00384700 -0.00183200 -0.01128000
v 0.00384700 -0.00183200 -0.01128000
v 0.00384700 -0.00183200 -0.01128000
v -0.00179500 0.00400200 -0.00805000
v -0.00179500 0.00400200 -0.00805000
v -0.00179500 0.00400200 -0.00805000
v -0.00179500 0.00400200 -0.00805000
v -0.00179500 0.00400200 -0.00805000
v -0.00070500 -0.00410500 -0.01032000
v -0.00070500 -0.00410500 -0.01032000
v -0.00070500 -0.00410500 -0.01032000
v -0.00070500 -0.00410500 -0.01032000
v -0.00070500 -0.00410500 -0.01032000
v -0.00006500 -0.00418300 -0.01060100
v -0.00006500 -0.00418300 -0.01060100
v -0.00006500 -0.00418300 -0.01060100
v -0.00006500 -0.00418300 -0.01060100
v 0.00015100 -0.00418800 -0.01067900
v 0.00015100 -0.00418800 -0.01067900
v 0.00015100 -0.00418800 -0.01067900
v 0.00015100 -0.00418800 -0.01067900
v 0.00015100 -0.00418800 -0.01067900
v 0.00015100 -0.00418800 -0.01067900
v -0.00179500 0.00400200 -0.00195100
v -0.00179500 0.00400200 -0.00195100
v -0.00179500 0.00400200 -0.00195100
v -0.00179500 0.00400200 -0.00195100
v -0.00179500 0.00400200 -0.00195100
v -0.00179500 0.00400200 -0.00195100
v 0.00399100 -0.00164400 0.00128800
v 0.00399100 -0.00164400 0.00128800
v 0.00399100 -0.00164400 0.00128800
v 0.00399100 -0.00164400 0.00128800
v 0.00399100 -0.00164400 0.00128800
v 0.00399100 -0.00164400 0.00128800
v 0.00399100 -0.00164400 0.00128800
v 0.00399100 -0.00164400 0.00128800
v 0.00031500 -0.00418300 0.00073100
v 0.00031500 -0.00418300 0.00073100
v 0.00031500 -0.00418300 0.00073100
v 0.00031500 -0.00418300 0.00073100
v 0.00031500 -0.00418300 0.00073100
v 0.00031500 -0.00418300 0.00073100
v 0.00015100 -0.00418800 0.00067800
v 0.00015100 -0.00418800 0.00067800
v 0.00015100 -0.00418800 0.00067800
v 0.00015100 -0.00418800 0.00067800
v -0.00032800 -0.00416600 0.00049500
v -0.00032800 -0.00416600 0.00049500
v -0.00032800 -0.00416600 0.00049500
v -0.00032800 -0.00416600 0.00049500
v -0.00356800 -0.03474800 0.00032900
v -0.00356800 -0.03474800 0.00032900
v -0.00356800 -0.03474800 0.00032900
v -0.00356800 -0.03474800 0.00032900
v -0.00356800 -0.03474800 0.00032900
v -0.00356800 -0.03474800 0.00032900
v -0.00356800 -0.03474800 0.00032900
v -0.00356800 -0.03474800 0.00032900
v -0.00356800 -0.03474800 0.00032900
v -0.00356800 -0.03474800 0.00032900
v -0.00520600 -0.03791100 -0.00131700
v -0.00520600 -0.03791100 -0.00131700
v -0.00520600 -0.03791100 -0.00131700
v -0.00520600 -0.03791100 -0.00131700
v -0.00520600 -0.03791100 -0.00131700
v -0.00515800 -0.04021100 -0.00144000
v -0.00515800 -0.04021100 -0.00144000
v -0.00515800 -0.04021100 -0.00144000
v -0.00515800 -0.04021100 -0.00144000
v -0.00515800 -0.04021100 -0.00144000
v -0.00542600 -0.04028900 -0.00205500
v -0.00542600 -0.04028900 -0.00205500
v -0.00542600 -0.04028900 -0.00205500
v -0.00542600 -0.04028900 -0.00205500
v -0.00542600 -0.04028900 -0.00205500
v -0.00373200 -0.03616300 0.00028600
v -0.00373200 -0.03616300 0.00028600
v -0.00373200 -0.03616300 0.00028600
v -0.00373200 -0.03616300 0.00028600
v -0.00373200 -0.03616300 0.00028600
v -0.00373200 -0.03616300 0.00028600
v -0.00383400 -0.03752400 0.00022700
v -0.00383400 -0.03752400 0.00022700
v -0.00383400 -0.03752400 0.00022700
v -0.00383400 -0.03752400 0.00022700
v -0.00383400 -0.03752400 0.00022700
v -0.00383400 -0.03752400 0.00022700
v -0.00437700 -0.03765600 -0.00014600
v -0.00437700 -0.03765600 -0.00014600
v -0.00437700 -0.03765600 -0.00014600
v -0.00437700 -0.03765600 -0.00014600
v -0.00437700 -0.03765600 -0.00014600
v -0.00437700 -0.03765600 -0.00014600
v -0.00483600 -0.03778400 -0.00068000
v -0.00483600 -0.03778400 -0.00068000
v -0.00483600 -0.03778400 -0.00068000
v -0.00483600 -0.03778400 -0.00068000
v -0.00483600 -0.03778400 -0.00068000
v -0.00483600 -0.03778400 -0.00068000
v -0.00510000 -0.04141700 -0.00150400
v -0.00510000 -0.04141700 -0.00150400
v -0.00510000 -0.04141700 -0.00150400
v -0.00510000 -0.04141700 -0.00150400
v -0.00510000 -0.04141700 -0.00150400
v -0.00510000 -0.04141700 -0.00150400
v -0.00495700 -0.04295400 -0.00157700
v -0.00495700 -0.04295400 -0.00157700
v -0.00495700 -0.04295400 -0.00157700
v -0.00495700 -0.04295400 -0.00157700
v -0.00495700 -0.04295400 -0.00157700
v -0.00495700 -0.04295400 -0.00157700
v -0.00495700 -0.04295400 -0.00157700
v -0.00466500 -0.04455800 -0.00168100
v -0.00466500 -0.04455800 -0.00168100
v -0.00466500 -0.04455800 -0.00168100
v -0.00466500 -0.04455800 -0.00168100
v -0.00466500 -0.04455800 -0.00168100
v -0.00466500 -0.04455800 -0.00168100
v -0.00459000 -0.04542100 -0.00221500
v -0.00459000 -0.04542100 -0.00221500
v -0.00459000 -0.04542100 -0.00221500
v -0.00459000 -0.04542100 -0.00221500
v -0.00459000 -0.04542100 -0.00221500
v -0.00459000 -0.04542100 -0.00221500
v -0.00459000 -0.04542100 -0.00221500
v -0.00459000 -0.04542100 -0.00221500
v -0.00466500 -0.04560300 -0.00290000
v -0.00466500 -0.04560300 -0.00290000
v -0.00466500 -0.04560300 -0.00290000
v -0.00466500 -0.04560300 -0.00290000
v -0.00466500 -0.04560300 -0.00290000
v -0.00445000 -0.04528200 -0.00174600
v -0.00445000 -0.04528200 -0.00174600
v -0.00445000 -0.04528200 -0.00174600
v -0.00445000 -0.04528200 -0.00174600
v -0.00445000 -0.04528200 -0.00174600
v -0.00445000 -0.04528200 -0.00174600
v -0.00466600 -0.04579100 -0.00389000
v -0.00466600 -0.04579100 -0.00389000
v -0.00466600 -0.04579100 -0.00389000
v -0.00466600 -0.04579100 -0.00389000
v -0.00466600 -0.04579100 -0.00389000
v -0.00466600 -0.04579100 -0.00389000
v -0.00466600 -0.04579100 -0.00389000
v -0.00466600 -0.04579100 -0.00389000
v -0.00466600 -0.04579100 -0.00389000
v -0.00467000 -0.04584100 -0.00498800
v -0.00467000 -0.04584100 -0.00498800
v -0.00467000 -0.04584100 -0.00498800
v -0.00467000 -0.04584100 -0.00498800
v -0.00467000 -0.04584100 -0.00498800
v -0.00466600 -0.04579100 -0.00608500
v -0.00466600 -0.04579100 -0.00608500
v -0.00466600 -0.04579100 -0.00608500
v -0.00466600 -0.04579100 -0.00608500
v -0.00466600 -0.04579100 -0.00608500
v -0.00466600 -0.04579100 -0.00608500
v -0.00466600 -0.04579100 -0.00608500
v -0.00466500 -0.04560300 -0.00709900
v -0.00466500 -0.04560300 -0.00709900
v -0.00466500 -0.04560300 -0.00709900
v -0.00466500 -0.04560300 -0.00709900
v -0.00466500 -0.04560300 -0.00709900
v -0.00458800 -0.04542100 -0.00779600
v -0.00458800 -0.04542100 -0.00779600
v -0.00458800 -0.04542100 -0.00779600
v -0.00458800 -0.04542100 -0.00779600
v -0.00458800 -0.04542100 -0.00779600
v -0.00458800 -0.04542100 -0.00779600
v -0.00458800 -0.04542100 -0.00779600
v -0.00458800 -0.04542100 -0.00779600
v -0.00444900 -0.04528200 -0.00826000
v -0.00444900 -0.04528200 -0.00826000
v -0.00444900 -0.04528200 -0.00826000
v -0.00444900 -0.04528200 -0.00826000
v -0.00444900 -0.04528200 -0.00826000
v -0.00440900 -0.04441400 -0.00880100
v -0.00440900 -0.04441400 -0.00880100
v -0.00440900 -0.04441400 -0.00880100
v -0.00440900 -0.04441400 -0.00880100
v -0.00440900 -0.04441400 -0.00880100
v -0.00440900 -0.04441400 -0.00880100
v -0.00465100 -0.04286600 -0.00895900
v -0.00465100 -0.04286600 -0.00895900
v -0.00465100 -0.04286600 -0.00895900
v -0.00465100 -0.04286600 -0.00895900
v -0.00476800 -0.04136700 -0.00907800
v -0.00476800 -0.04136700 -0.00907800
v -0.00476800 -0.04136700 -0.00907800
v -0.00476800 -0.04136700 -0.00907800
v -0.00476800 -0.04136700 -0.00907800
v -0.00476800 -0.04136700 -0.00907800
v -0.00481300 -0.04013900 -0.00916900
v -0.00481300 -0.04013900 -0.00916900
v -0.00481300 -0.04013900 -0.00916900
v -0.00481300 -0.04013900 -0.00916900
v -0.00481300 -0.04013900 -0.00916900
v -0.00481300 -0.04013900 -0.00916900
v -0.00422900 -0.04512800 -0.00870900
v -0.00422900 -0.04512800 -0.00870900
v -0.00422900 -0.04512800 -0.00870900
v -0.00422900 -0.04512800 -0.00870900
v -0.00422900 -0.04512800 -0.00870900
v -0.00422900 -0.04512800 -0.00870900
v -0.00422900 -0.04512800 -0.00870900
v -0.00460800 -0.04010100 -0.00944600
v -0.00460800 -0.04010100 -0.00944600
v -0.00460800 -0.04010100 -0.00944600
v -0.00460800 -0.04010100 -0.00944600
v -0.00460800 -0.04010100 -0.00944600
v -0.00460800 -0.04010100 -0.00944600
v -0.00438900 -0.04006700 -0.00968400
v -0.00438900 -0.04006700 -0.00968400
v -0.00438900 -0.04006700 -0.00968400
v -0.00438900 -0.04006700 -0.00968400
v -0.00393000 -0.04001200 -0.01002100
v -0.00393000 -0.04001200 -0.01002100
v -0.00393000 -0.04001200 -0.01002100
v -0.00393000 -0.04001200 -0.01002100
v -0.00393000 -0.04001200 -0.01002100
v -0.00393000 -0.04001200 -0.01002100
v -0.00322700 -0.03739600 -0.01042500
v -0.00322700 -0.03739600 -0.01042500
v -0.00322700 -0.03739600 -0.01042500
v -0.00322700 -0.03739600 -0.01042500
v -0.00322700 -0.03739600 -0.01042500
v -0.00322700 -0.03739600 -0.01042500
v -0.00322700 -0.03739600 -0.01042500
v -0.00333500 -0.03996200 -0.01022800
v -0.00333500 -0.03996200 -0.01022800
v -0.00333500 -0.03996200 -0.01022800
v -0.00333500 -0.03996200 -0.01022800
v -0.00333500 -0.03996200 -0.01022800
v -0.00333500 -0.03996200 -0.01022800
v -0.00292300 -0.03467600 -0.01053100
v -0.00292300 -0.03467600 -0.01053100
v -0.00292300 -0.03467600 -0.01053100
v -0.00292300 -0.03467600 -0.01053100
v -0.00292300 -0.03467600 -0.01053100
v -0.00292300 -0.03467600 -0.01053100
v -0.00292300 -0.03467600 -0.01053100
v -0.00292300 -0.03467600 -0.01053100
v -0.00292300 -0.03467600 -0.01053100
v -0.00292300 -0.03467600 -0.01053100
v -0.00356800 -0.03474800 -0.01032900
v -0.00356800 -0.03474800 -0.01032900
v -0.00356800 -0.03474800 -0.01032900
v -0.00356800 -0.03474800 -0.01032900
v -0.00356800 -0.03474800 -0.01032900
v -0.00356800 -0.03474800 -0.01032900
v 0.00426400 -0.00135700 -0.01129000
v 0.00426400 -0.00135700 -0.01129000
v 0.00426400 -0.00135700 -0.01129000
v 0.00426400 -0.00135700 -0.01129000
v 0.00426400 -0.00135700 -0.01129000
v 0.00426400 -0.00135700 -0.01129000
v 0.00056000 -0.00416000 -0.01080100
v 0.00056000 -0.00416000 -0.01080100
v 0.00056000 -0.00416000 -0.01080100
v 0.00056000 -0.00416000 -0.01080100
v 0.00126400 -0.00401100 -0.01096100
v 0.00126400 -0.00401100 -0.01096100
v 0.00126400 -0.00401100 -0.01096100
v 0.00126400 -0.00401100 -0.01096100
v 0.00126400 -0.00401100 -0.01096100
v 0.00137900 -0.00397200 -0.01098400
v 0.00137900 -0.00397200 -0.01098400
v 0.00137900 -0.00397200 -0.01098400
v 0.00137900 -0.00397200 -0.01098400
v 0.00137900 -0.00397200 -0.01098400
v 0.00204900 -0.00367900 -0.01109100
v 0.00204900 -0.00367900 -0.01109100
v 0.00204900 -0.00367900 -0.01109100
v 0.00204900 -0.00367900 -0.01109100
v 0.00204900 -0.00367900 -0.01109100
v 0.00204900 -0.00367900 -0.01109100
v 0.00373400 -0.00198700 -0.01127000
v 0.00373400 -0.00198700 -0.01127000
v 0.00373400 -0.00198700 -0.01127000
v 0.00373400 -0.00198700 -0.01127000
v 0.00373400 -0.00198700 -0.01127000
v -0.00212600 -0.03386300 -0.01061400
v -0.00212600 -0.03386300 -0.01061400
v -0.00212600 -0.03386300 -0.01061400
v -0.00212600 -0.03386300 -0.01061400
v -0.00212600 -0.03386300 -0.01061400
v -0.00212600 -0.03386300 -0.01061400
v 0.00284300 0.00753000 -0.00805000
v 0.00284300 0.00753000 -0.00805000
v 0.00284300 0.00753000 -0.00805000
v 0.00284300 0.00753000 -0.00805000
v 0.00284300 0.00753000 -0.00805000
v 0.00284300 0.00753000 -0.00195100
v 0.00284300 0.00753000 -0.00195100
v 0.00284300 0.00753000 -0.00195100
v 0.00284300 0.00753000 -0.00195100
v 0.00284300 0.00753000 -0.00195100
v 0.00447300 -0.00117400 0.00128400
v 0.00447300 -0.00117400 0.00128400
v 0.00447300 -0.00117400 0.00128400
v 0.00447300 -0.00117400 0.00128400
v 0.00447300 -0.00117400 0.00128400
v 0.00425000 -0.00136800 0.00129000
v 0.00425000 -0.00136800 0.00129000
v 0.00425000 -0.00136800 0.00129000
v 0.00425000 -0.00136800 0.00129000
v 0.00425000 -0.00136800 0.00129000
v 0.00384700 -0.00183200 0.00128000
v 0.00384700 -0.00183200 0.00128000
v 0.00384700 -0.00183200 0.00128000
v 0.00384700 -0.00183200 0.00128000
v 0.00384700 -0.00183200 0.00128000
v 0.00384700 -0.00183200 0.00128000
v 0.00126400 -0.00401100 0.00096100
v 0.00126400 -0.00401100 0.00096100
v 0.00126400 -0.00401100 0.00096100
v 0.00126400 -0.00401100 0.00096100
v 0.00126400 -0.00401100 0.00096100
v 0.00095400 -0.00409400 0.00089600
v 0.00095400 -0.00409400 0.00089600
v 0.00095400 -0.00409400 0.00089600
v 0.00095400 -0.00409400 0.00089600
v -0.00190800 -0.03281200 0.00063200
v -0.00190800 -0.03281200 0.00063200
v -0.00190800 -0.03281200 0.00063200
v -0.00190800 -0.03281200 0.00063200
v -0.00190800 -0.03281200 0.00063200
v -0.00190800 -0.03281200 0.00063200
v -0.00190800 -0.03281200 0.00063200
v -0.00190800 -0.03281200 0.00063200
v -0.00292300 -0.03467600 0.00053100
v -0.00292300 -0.03467600 0.00053100
v -0.00292300 -0.03467600 0.00053100
v -0.00292300 -0.03467600 0.00053100
v -0.00292300 -0.03467600 0.00053100
v -0.00292300 -0.03467600 0.00053100
v -0.00292300 -0.03467600 0.00053100
v -0.00292300 -0.03467600 0.00053100
v -0.00292300 -0.03467600 0.00053100
v -0.00292300 -0.03467600 0.00053100
v -0.00292300 -0.03467600 0.00053100
v -0.00292300 -0.03467600 0.00053100
v -0.00310300 -0.03605300 0.00048600
v -0.00310300 -0.03605300 0.00048600
v -0.00310300 -0.03605300 0.00048600
v -0.00310300 -0.03605300 0.00048600
v -0.00310300 -0.03605300 0.00048600
v -0.00310300 -0.03605300 0.00048600
v -0.00481300 -0.04013900 -0.00083100
v -0.00481300 -0.04013900 -0.00083100
v -0.00481300 -0.04013900 -0.00083100
v -0.00481300 -0.04013900 -0.00083100
v -0.00481300 -0.04013900 -0.00083100
v -0.00481300 -0.04013900 -0.00083100
v -0.00322700 -0.03739600 0.00042400
v -0.00322700 -0.03739600 0.00042400
v -0.00322700 -0.03739600 0.00042400
v -0.00322700 -0.03739600 0.00042400
v -0.00322700 -0.03739600 0.00042400
v -0.00333500 -0.03996200 0.00022800
v -0.00333500 -0.03996200 0.00022800
v -0.00333500 -0.03996200 0.00022800
v -0.00333500 -0.03996200 0.00022800
v -0.00333500 -0.03996200 0.00022800
v -0.00333500 -0.03996200 0.00022800
v -0.00333500 -0.03996200 0.00022800
v -0.00389000 -0.04001200 0.00004200
v -0.00389000 -0.04001200 0.00004200
v -0.00389000 -0.04001200 0.00004200
v -0.00389000 -0.04001200 0.00004200
v -0.00389000 -0.04001200 0.00004200
v -0.00389000 -0.04001200 0.00004200
v -0.00438900 -0.04006700 -0.00031600
v -0.00438900 -0.04006700 -0.00031600
v -0.00438900 -0.04006700 -0.00031600
v -0.00438900 -0.04006700 -0.00031600
v -0.00438900 -0.04006700 -0.00031600
v -0.00438900 -0.04006700 -0.00031600
v -0.00476800 -0.04136700 -0.00092200
v -0.00476800 -0.04136700 -0.00092200
v -0.00476800 -0.04136700 -0.00092200
v -0.00476800 -0.04136700 -0.00092200
v -0.00476800 -0.04136700 -0.00092200
v -0.00476800 -0.04136700 -0.00092200
v -0.00465100 -0.04286600 -0.00104100
v -0.00465100 -0.04286600 -0.00104100
v -0.00465100 -0.04286600 -0.00104100
v -0.00465100 -0.04286600 -0.00104100
v -0.00440900 -0.04441400 -0.00120000
v -0.00440900 -0.04441400 -0.00120000
v -0.00440900 -0.04441400 -0.00120000
v -0.00440900 -0.04441400 -0.00120000
v -0.00440900 -0.04441400 -0.00120000
v -0.00440900 -0.04441400 -0.00120000
v -0.00422900 -0.04512800 -0.00129200
v -0.00422900 -0.04512800 -0.00129200
v -0.00422900 -0.04512800 -0.00129200
v -0.00422900 -0.04512800 -0.00129200
v -0.00422900 -0.04512800 -0.00129200
v -0.00422900 -0.04512800 -0.00129200
v -0.00422900 -0.04512800 -0.00129200
v -0.00420800 -0.04588500 -0.00181000
v -0.00420800 -0.04588500 -0.00181000
v -0.00420800 -0.04588500 -0.00181000
v -0.00420800 -0.04588500 -0.00181000
v -0.00420800 -0.04588500 -0.00181000
v -0.00419400 -0.04625600 -0.00227700
v -0.00419400 -0.04625600 -0.00227700
v -0.00419400 -0.04625600 -0.00227700
v -0.00419400 -0.04625600 -0.00227700
v -0.00419400 -0.04625600 -0.00227700
v -0.00436100 -0.04611200 -0.00257100
v -0.00436100 -0.04611200 -0.00257100
v -0.00436100 -0.04611200 -0.00257100
v -0.00436100 -0.04611200 -0.00257100
v -0.00436100 -0.04611200 -0.00257100
v -0.00436100 -0.04611200 -0.00257100
v -0.00465300 -0.04563100 -0.00290000
v -0.00465300 -0.04563100 -0.00290000
v -0.00465300 -0.04563100 -0.00290000
v -0.00465300 -0.04563100 -0.00290000
v -0.00465300 -0.04563100 -0.00290000
v -0.00414000 -0.04582400 -0.00162700
v -0.00414000 -0.04582400 -0.00162700
v -0.00414000 -0.04582400 -0.00162700
v -0.00414000 -0.04582400 -0.00162700
v -0.00414000 -0.04582400 -0.00162700
v -0.00414000 -0.04582400 -0.00162700
v -0.00437100 -0.04620600 -0.00289300
v -0.00437100 -0.04620600 -0.00289300
v -0.00437100 -0.04620600 -0.00289300
v -0.00437100 -0.04620600 -0.00289300
v -0.00437100 -0.04620600 -0.00289300
v -0.00436900 -0.04621100 -0.00290800
v -0.00436900 -0.04621100 -0.00290800
v -0.00436900 -0.04621100 -0.00290800
v -0.00436900 -0.04621100 -0.00290800
v -0.00427300 -0.04653800 -0.00389400
v -0.00427300 -0.04653800 -0.00389400
v -0.00427300 -0.04653800 -0.00389400
v -0.00427300 -0.04653800 -0.00389400
v -0.00427300 -0.04653800 -0.00389400
v -0.00427300 -0.04653800 -0.00389400
v -0.00427300 -0.04653800 -0.00389400
v -0.00426900 -0.04660400 -0.00498800
v -0.00426900 -0.04660400 -0.00498800
v -0.00426900 -0.04660400 -0.00498800
v -0.00426900 -0.04660400 -0.00498800
v -0.00426900 -0.04660400 -0.00498800
v -0.00426900 -0.04660400 -0.00498800
v -0.00427300 -0.04654300 -0.00608000
v -0.00427300 -0.04654300 -0.00608000
v -0.00427300 -0.04654300 -0.00608000
v -0.00427300 -0.04654300 -0.00608000
v -0.00427300 -0.04654300 -0.00608000
v -0.00427300 -0.04654300 -0.00608000
v -0.00427300 -0.04654300 -0.00608000
v -0.00427300 -0.04654300 -0.00608000
v -0.00465300 -0.04563100 -0.00709900
v -0.00465300 -0.04563100 -0.00709900
v -0.00465300 -0.04563100 -0.00709900
v -0.00465300 -0.04563100 -0.00709900
v -0.00465300 -0.04563100 -0.00709900
v -0.00436900 -0.04621100 -0.00709200
v -0.00436900 -0.04621100 -0.00709200
v -0.00436900 -0.04621100 -0.00709200
v -0.00436900 -0.04621100 -0.00709200
v -0.00436900 -0.04621100 -0.00709200
v -0.00435600 -0.04610100 -0.00748500
v -0.00435600 -0.04610100 -0.00748500
v -0.00435600 -0.04610100 -0.00748500
v -0.00435600 -0.04610100 -0.00748500
v -0.00435600 -0.04610100 -0.00748500
v -0.00435600 -0.04610100 -0.00748500
v -0.00435600 -0.04610100 -0.00748500
v -0.00431700 -0.04602300 -0.00775900
v -0.00431700 -0.04602300 -0.00775900
v -0.00431700 -0.04602300 -0.00775900
v -0.00431700 -0.04602300 -0.00775900
v -0.00431700 -0.04602300 -0.00775900
v -0.00414800 -0.04583000 -0.00835400
v -0.00414800 -0.04583000 -0.00835400
v -0.00414800 -0.04583000 -0.00835400
v -0.00414800 -0.04583000 -0.00835400
v -0.00414800 -0.04583000 -0.00835400
v -0.00414800 -0.04583000 -0.00835400
v -0.00414800 -0.04583000 -0.00835400
v -0.00407600 -0.04427000 -0.00920000
v -0.00407600 -0.04427000 -0.00920000
v -0.00407600 -0.04427000 -0.00920000
v -0.00407600 -0.04427000 -0.00920000
v -0.00407600 -0.04427000 -0.00920000
v -0.00407600 -0.04427000 -0.00920000
v -0.00407600 -0.04427000 -0.00920000
v -0.00427300 -0.04278300 -0.00940400
v -0.00427300 -0.04278300 -0.00940400
v -0.00427300 -0.04278300 -0.00940400
v -0.00427300 -0.04278300 -0.00940400
v -0.00427300 -0.04278300 -0.00940400
v -0.00427300 -0.04278300 -0.00940400
v -0.00427300 -0.04278300 -0.00940400
v -0.00427300 -0.04278300 -0.00940400
v -0.00397500 -0.04570300 -0.00869800
v -0.00397500 -0.04570300 -0.00869800
v -0.00397500 -0.04570300 -0.00869800
v -0.00397500 -0.04570300 -0.00869800
v -0.00397500 -0.04570300 -0.00869800
v -0.00376700 -0.04558700 -0.00896600
v -0.00376700 -0.04558700 -0.00896600
v -0.00376700 -0.04558700 -0.00896600
v -0.00376700 -0.04558700 -0.00896600
v -0.00376700 -0.04558700 -0.00896600
v -0.00382100 -0.04271100 -0.00971600
v -0.00382100 -0.04271100 -0.00971600
v -0.00382100 -0.04271100 -0.00971600
v -0.00382100 -0.04271100 -0.00971600
v -0.00382100 -0.04271100 -0.00971600
v -0.00382100 -0.04271100 -0.00971600
v -0.00260600 -0.03729700 -0.01048300
v -0.00260600 -0.03729700 -0.01048300
v -0.00260600 -0.03729700 -0.01048300
v -0.00260600 -0.03729700 -0.01048300
v -0.00260600 -0.03729700 -0.01048300
v -0.00260600 -0.03729700 -0.01048300
v -0.00278500 -0.03465900 -0.01055300
v -0.00278500 -0.03465900 -0.01055300
v -0.00278500 -0.03465900 -0.01055300
v -0.00278500 -0.03465900 -0.01055300
v -0.00278500 -0.03465900 -0.01055300
v -0.00278500 -0.03465900 -0.01055300
v -0.00278500 -0.03465900 -0.01055300
v -0.00278500 -0.03465900 -0.01055300
v -0.00309300 -0.03995100 -0.01026100
v -0.00309300 -0.03995100 -0.01026100
v -0.00309300 -0.03995100 -0.01026100
v -0.00309300 -0.03995100 -0.01026100
v -0.00309300 -0.03995100 -0.01026100
v -0.00309300 -0.03995100 -0.01026100
v -0.00331200 -0.04265600 -0.00988000
v -0.00331200 -0.04265600 -0.00988000
v -0.00331200 -0.04265600 -0.00988000
v -0.00331200 -0.04265600 -0.00988000
v -0.00331200 -0.04265600 -0.00988000
v -0.00331200 -0.04265600 -0.00988000
v -0.00331200 -0.04265600 -0.00988000
v 0.00132200 -0.00399500 -0.01097300
v 0.00132200 -0.00399500 -0.01097300
v 0.00132200 -0.00399500 -0.01097300
v 0.00480500 -0.00093100 -0.01126900
v 0.00480500 -0.00093100 -0.01126900
v 0.00480500 -0.00093100 -0.01126900
v 0.00480500 -0.00093100 -0.01126900
v 0.00480500 -0.00093100 -0.01126900
v -0.00104400 -0.03447100 -0.01055900
v -0.00104400 -0.03447100 -0.01055900
v -0.00104400 -0.03447100 -0.01055900
v -0.00104400 -0.03447100 -0.01055900
v -0.00104400 -0.03447100 -0.01055900
v -0.00104400 -0.03447100 -0.01055900
v -0.00104400 -0.03447100 -0.01055900
v 0.00267800 -0.00325400 -0.01116300
v 0.00267800 -0.00325400 -0.01116300
v 0.00267800 -0.00325400 -0.01116300
v -0.00225500 -0.03460400 -0.01059100
v -0.00225500 -0.03460400 -0.01059100
v -0.00225500 -0.03460400 -0.01059100
v -0.00225500 -0.03460400 -0.01059100
v -0.00225500 -0.03460400 -0.01059100
v 0.00352100 0.00781200 -0.00805000
v 0.00352100 0.00781200 -0.00805000
v 0.00352100 0.00781200 -0.00805000
v 0.00352100 0.00781200 -0.00805000
v 0.00352100 0.00781200 -0.00805000
v 0.00352100 0.00781200 -0.00805000
v 0.00352100 0.00781200 -0.00805000
v 0.00352100 0.00781200 -0.00195100
v 0.00352100 0.00781200 -0.00195100
v 0.00352100 0.00781200 -0.00195100
v 0.00352100 0.00781200 -0.00195100
v 0.00352100 0.00781200 -0.00195100
v 0.00352100 0.00781200 -0.00195100
v 0.00352100 0.00781200 -0.00195100
v 0.00505100 -0.00078700 0.00125200
v 0.00505100 -0.00078700 0.00125200
v 0.00505100 -0.00078700 0.00125200
v 0.00505100 -0.00078700 0.00125200
v 0.00505100 -0.00078700 0.00125200
v 0.00505100 -0.00078700 0.00125200
v -0.00104400 -0.03447100 0.00056000
v -0.00104400 -0.03447100 0.00056000
v -0.00104400 -0.03447100 0.00056000
v -0.00104400 -0.03447100 0.00056000
v -0.00104400 -0.03447100 0.00056000
v -0.00104400 -0.03447100 0.00056000
v -0.00104400 -0.03447100 0.00056000
v -0.00104400 -0.03447100 0.00056000
v 0.00373400 -0.00198700 0.00127000
v 0.00373400 -0.00198700 0.00127000
v 0.00373400 -0.00198700 0.00127000
v 0.00373400 -0.00198700 0.00127000
v 0.00373400 -0.00198700 0.00127000
v 0.00202400 -0.00369600 0.00108800
v 0.00202400 -0.00369600 0.00108800
v 0.00202400 -0.00369600 0.00108800
v 0.00202400 -0.00369600 0.00108800
v 0.00202400 -0.00369600 0.00108800
v 0.00137900 -0.00397200 0.00098300
v 0.00137900 -0.00397200 0.00098300
v 0.00137900 -0.00397200 0.00098300
v 0.00137900 -0.00397200 0.00098300
v -0.00225500 -0.03460400 0.00059200
v -0.00225500 -0.03460400 0.00059200
v -0.00225500 -0.03460400 0.00059200
v -0.00225500 -0.03460400 0.00059200
v -0.00252900 -0.03267400 0.00057600
v -0.00252900 -0.03267400 0.00057600
v -0.00252900 -0.03267400 0.00057600
v -0.00252900 -0.03267400 0.00057600
v -0.00245500 -0.03594800 0.00054600
v -0.00245500 -0.03594800 0.00054600
v -0.00245500 -0.03594800 0.00054600
v -0.00245500 -0.03594800 0.00054600
v -0.00245500 -0.03594800 0.00054600
v -0.00245500 -0.03594800 0.00054600
v 0.00263500 -0.00329200 0.00115800
v 0.00263500 -0.00329200 0.00115800
v 0.00263500 -0.00329200 0.00115800
v 0.00263500 -0.00329200 0.00115800
v -0.00260700 -0.03731300 0.00048300
v -0.00260700 -0.03731300 0.00048300
v -0.00260700 -0.03731300 0.00048300
v -0.00260700 -0.03731300 0.00048300
v -0.00260700 -0.03731300 0.00048300
v -0.00260700 -0.03731300 0.00048300
v -0.00277000 -0.03994600 0.00027800
v -0.00277000 -0.03994600 0.00027800
v -0.00277000 -0.03994600 0.00027800
v -0.00277000 -0.03994600 0.00027800
v -0.00277000 -0.03994600 0.00027800
v -0.00277000 -0.03994600 0.00027800
v -0.00277000 -0.03994600 0.00027800
v -0.00329200 -0.04265000 -0.00011600
v -0.00329200 -0.04265000 -0.00011600
v -0.00329200 -0.04265000 -0.00011600
v -0.00329200 -0.04265000 -0.00011600
v -0.00329200 -0.04265000 -0.00011600
v -0.00329200 -0.04265000 -0.00011600
v -0.00329200 -0.04265000 -0.00011600
v -0.00380900 -0.04270500 -0.00027900
v -0.00380900 -0.04270500 -0.00027900
v -0.00380900 -0.04270500 -0.00027900
v -0.00380900 -0.04270500 -0.00027900
v -0.00380900 -0.04270500 -0.00027900
v -0.00380900 -0.04270500 -0.00027900
v -0.00426800 -0.04278300 -0.00059200
v -0.00426800 -0.04278300 -0.00059200
v -0.00426800 -0.04278300 -0.00059200
v -0.00426800 -0.04278300 -0.00059200
v -0.00426800 -0.04278300 -0.00059200
v -0.00426800 -0.04278300 -0.00059200
v -0.00426800 -0.04278300 -0.00059200
v -0.00407100 -0.04427000 -0.00079600
v -0.00407100 -0.04427000 -0.00079600
v -0.00407100 -0.04427000 -0.00079600
v -0.00407100 -0.04427000 -0.00079600
v -0.00407100 -0.04427000 -0.00079600
v -0.00407100 -0.04427000 -0.00079600
v -0.00366600 -0.04553700 -0.00093700
v -0.00366600 -0.04553700 -0.00093700
v -0.00366600 -0.04553700 -0.00093700
v -0.00366600 -0.04553700 -0.00093700
v -0.00366600 -0.04553700 -0.00093700
v -0.00366600 -0.04553700 -0.00093700
v -0.00366600 -0.04553700 -0.00093700
v -0.00402300 -0.04573600 -0.00138500
v -0.00402300 -0.04573600 -0.00138500
v -0.00402300 -0.04573600 -0.00138500
v -0.00402300 -0.04573600 -0.00138500
v -0.00402300 -0.04573600 -0.00138500
v -0.00406200 -0.04618900 -0.00185900
v -0.00406200 -0.04618900 -0.00185900
v -0.00406200 -0.04618900 -0.00185900
v -0.00406200 -0.04618900 -0.00185900
v -0.00406200 -0.04618900 -0.00185900
v -0.00406200 -0.04618900 -0.00185900
v -0.00406200 -0.04618900 -0.00185900
v -0.00407100 -0.04648800 -0.00234800
v -0.00407100 -0.04648800 -0.00234800
v -0.00407100 -0.04648800 -0.00234800
v -0.00407100 -0.04648800 -0.00234800
v -0.00407100 -0.04648800 -0.00234800
v -0.00407100 -0.04648800 -0.00234800
v -0.00421600 -0.04647100 -0.00292300
v -0.00421600 -0.04647100 -0.00292300
v -0.00421600 -0.04647100 -0.00292300
v -0.00421600 -0.04647100 -0.00292300
v -0.00421600 -0.04647100 -0.00292300
v -0.00421600 -0.04647100 -0.00292300
v -0.00421600 -0.04647100 -0.00292300
v -0.00421600 -0.04647100 -0.00292300
v -0.00386900 -0.04611200 -0.00146600
v -0.00386900 -0.04611200 -0.00146600
v -0.00386900 -0.04611200 -0.00146600
v -0.00386900 -0.04611200 -0.00146600
v -0.00386900 -0.04611200 -0.00146600
v -0.00386900 -0.04611200 -0.00146600
v -0.00414500 -0.04661500 -0.00306900
v -0.00414500 -0.04661500 -0.00306900
v -0.00414500 -0.04661500 -0.00306900
v -0.00414500 -0.04661500 -0.00306900
v -0.00414500 -0.04661500 -0.00306900
v -0.00391700 -0.04701300 -0.00346200
v -0.00391700 -0.04701300 -0.00346200
v -0.00391700 -0.04701300 -0.00346200
v -0.00391700 -0.04701300 -0.00346200
v -0.00391700 -0.04701300 -0.00346200
v -0.00391700 -0.04701300 -0.00346200
v -0.00390900 -0.04708500 -0.00389700
v -0.00390900 -0.04708500 -0.00389700
v -0.00390900 -0.04708500 -0.00389700
v -0.00390900 -0.04708500 -0.00389700
v -0.00390900 -0.04708500 -0.00389700
v -0.00390900 -0.04708500 -0.00389700
v -0.00390200 -0.04715700 -0.00504500
v -0.00390200 -0.04715700 -0.00504500
v -0.00390200 -0.04715700 -0.00504500
v -0.00390200 -0.04715700 -0.00504500
v -0.00390200 -0.04715700 -0.00504500
v -0.00421900 -0.04646600 -0.00707800
v -0.00421900 -0.04646600 -0.00707800
v -0.00421900 -0.04646600 -0.00707800
v -0.00421900 -0.04646600 -0.00707800
v -0.00421900 -0.04646600 -0.00707800
v -0.00421900 -0.04646600 -0.00707800
v -0.00421900 -0.04646600 -0.00707800
v -0.00421900 -0.04646600 -0.00707800
v -0.00390900 -0.04709100 -0.00607700
v -0.00390900 -0.04709100 -0.00607700
v -0.00390900 -0.04709100 -0.00607700
v -0.00390900 -0.04709100 -0.00607700
v -0.00390900 -0.04709100 -0.00607700
v -0.00391900 -0.04698600 -0.00666500
v -0.00391900 -0.04698600 -0.00666500
v -0.00391900 -0.04698600 -0.00666500
v -0.00391900 -0.04698600 -0.00666500
v -0.00391900 -0.04698600 -0.00666500
v -0.00391900 -0.04698600 -0.00666500
v -0.00395500 -0.04670900 -0.00754500
v -0.00395500 -0.04670900 -0.00754500
v -0.00395500 -0.04670900 -0.00754500
v -0.00395500 -0.04670900 -0.00754500
v -0.00395500 -0.04670900 -0.00754500
v -0.00395500 -0.04670900 -0.00754500
v -0.00395500 -0.04670900 -0.00754500
v -0.00407000 -0.04648200 -0.00766900
v -0.00407000 -0.04648200 -0.00766900
v -0.00407000 -0.04648200 -0.00766900
v -0.00407000 -0.04648200 -0.00766900
v -0.00407000 -0.04648200 -0.00766900
v -0.00406300 -0.04617300 -0.00815700
v -0.00406300 -0.04617300 -0.00815700
v -0.00406300 -0.04617300 -0.00815700
v -0.00406300 -0.04617300 -0.00815700
v -0.00406300 -0.04617300 -0.00815700
v -0.00406300 -0.04617300 -0.00815700
v -0.00387000 -0.04609500 -0.00854700
v -0.00387000 -0.04609500 -0.00854700
v -0.00387000 -0.04609500 -0.00854700
v -0.00387000 -0.04609500 -0.00854700
v -0.00387000 -0.04609500 -0.00854700
v -0.00387000 -0.04609500 -0.00854700
v -0.00367300 -0.04414300 -0.00948200
v -0.00367300 -0.04414300 -0.00948200
v -0.00367300 -0.04414300 -0.00948200
v -0.00367300 -0.04414300 -0.00948200
v -0.00367300 -0.04414300 -0.00948200
v -0.00367300 -0.04414300 -0.00948200
v -0.00367300 -0.04414300 -0.00948200
v -0.00352800 -0.04547600 -0.00916700
v -0.00352800 -0.04547600 -0.00916700
v -0.00352800 -0.04547600 -0.00916700
v -0.00352800 -0.04547600 -0.00916700
v -0.00352800 -0.04547600 -0.00916700
v -0.00352800 -0.04547600 -0.00916700
v -0.00362300 -0.04601800 -0.00886500
v -0.00362300 -0.04601800 -0.00886500
v -0.00362300 -0.04601800 -0.00886500
v -0.00362300 -0.04601800 -0.00886500
v -0.00362300 -0.04601800 -0.00886500
v -0.00362300 -0.04601800 -0.00886500
v -0.00362300 -0.04601800 -0.00886500
v -0.00277000 -0.03994600 -0.01027700
v -0.00277000 -0.03994600 -0.01027700
v -0.00277000 -0.03994600 -0.01027700
v -0.00277000 -0.03994600 -0.01027700
v -0.00277000 -0.03994600 -0.01027700
v -0.00277000 -0.03994600 -0.01027700
v -0.00135600 -0.03715900 -0.01045500
v -0.00135600 -0.03715900 -0.01045500
v -0.00135600 -0.03715900 -0.01045500
v -0.00135600 -0.03715900 -0.01045500
v -0.00135600 -0.03715900 -0.01045500
v -0.00135600 -0.03715900 -0.01045500
v -0.00135600 -0.03715900 -0.01045500
v -0.00276700 -0.04261100 -0.00993000
v -0.00276700 -0.04261100 -0.00993000
v -0.00276700 -0.04261100 -0.00993000
v -0.00276700 -0.04261100 -0.00993000
v -0.00276700 -0.04261100 -0.00993000
v -0.00321200 -0.04403300 -0.00963700
v -0.00321200 -0.04403300 -0.00963700
v -0.00321200 -0.04403300 -0.00963700
v -0.00321200 -0.04403300 -0.00963700
v -0.00321200 -0.04403300 -0.00963700
v -0.00270400 -0.04396600 -0.00969200
v -0.00270400 -0.04396600 -0.00969200
v -0.00270400 -0.04396600 -0.00969200
v -0.00270400 -0.04396600 -0.00969200
v -0.00270400 -0.04396600 -0.00969200
v -0.00270400 -0.04396600 -0.00969200
v 0.00505100 -0.00078700 -0.01125100
v 0.00505100 -0.00078700 -0.01125100
v 0.00505100 -0.00078700 -0.01125100
v 0.00505100 -0.00078700 -0.01125100
v 0.00505100 -0.00078700 -0.01125100
v -0.00000900 -0.03436000 -0.01046800
v -0.00000900 -0.03436000 -0.01046800
v -0.00000900 -0.03436000 -0.01046800
v -0.00000900 -0.03436000 -0.01046800
v -0.00000900 -0.03436000 -0.01046800
v -0.00000900 -0.03436000 -0.01046800
v -0.00000900 -0.03436000 -0.01046800
v -0.00000900 -0.03436000 -0.01046800
v -0.00000900 -0.03436000 -0.01046800
v 0.00564300 -0.00052200 -0.01119700
v 0.00564300 -0.00052200 -0.01119700
v 0.00564300 -0.00052200 -0.01119700
v 0.00564300 -0.00052200 -0.01119700
v 0.00580200 -0.00047200 -0.01117900
v 0.00580200 -0.00047200 -0.01117900
v 0.00580200 -0.00047200 -0.01117900
v 0.00580200 -0.00047200 -0.01117900
v 0.00580200 -0.00047200 -0.01117900
v 0.00482500 0.00780100 -0.00805000
v 0.00482500 0.00780100 -0.00805000
v 0.00482500 0.00780100 -0.00805000
v 0.00482500 0.00780100 -0.00805000
v 0.00482500 0.00780100 -0.00805000
v 0.00482500 0.00780100 -0.00195100
v 0.00482500 0.00780100 -0.00195100
v 0.00482500 0.00780100 -0.00195100
v 0.00482500 0.00780100 -0.00195100
v 0.00482500 0.00780100 -0.00195100
v 0.00580200 -0.00047200 0.00117900
v 0.00580200 -0.00047200 0.00117900
v 0.00580200 -0.00047200 0.00117900
v 0.00580200 -0.00047200 0.00117900
v 0.00580200 -0.00047200 0.00117900
v 0.00574600 -0.00048800 0.00118500
v 0.00574600 -0.00048800 0.00118500
v 0.00574600 -0.00048800 0.00118500
v 0.00574600 -0.00048800 0.00118500
v 0.00516100 -0.00072600 0.00124300
v 0.00516100 -0.00072600 0.00124300
v 0.00516100 -0.00072600 0.00124300
v 0.00516100 -0.00072600 0.00124300
v -0.00000900 -0.03436000 0.00046800
v -0.00000900 -0.03436000 0.00046800
v -0.00000900 -0.03436000 0.00046800
v -0.00000900 -0.03436000 0.00046800
v -0.00000900 -0.03436000 0.00046800
v -0.00000900 -0.03436000 0.00046800
v -0.00000900 -0.03436000 0.00046800
v -0.00000900 -0.03436000 0.00046800
v -0.00000900 -0.03436000 0.00046800
v -0.00000900 -0.03436000 0.00046800
v -0.00135800 -0.03717500 0.00045400
v -0.00135800 -0.03717500 0.00045400
v -0.00135800 -0.03717500 0.00045400
v -0.00135800 -0.03717500 0.00045400
v -0.00135800 -0.03717500 0.00045400
v -0.00135800 -0.03717500 0.00045400
v -0.00135800 -0.03717500 0.00045400
v -0.00155900 -0.03986800 0.00024200
v -0.00155900 -0.03986800 0.00024200
v -0.00155900 -0.03986800 0.00024200
v -0.00155900 -0.03986800 0.00024200
v -0.00155900 -0.03986800 0.00024200
v -0.00162400 -0.04255100 -0.00010300
v -0.00162400 -0.04255100 -0.00010300
v -0.00162400 -0.04255100 -0.00010300
v -0.00162400 -0.04255100 -0.00010300
v -0.00162400 -0.04255100 -0.00010300
v -0.00162400 -0.04255100 -0.00010300
v -0.00162400 -0.04255100 -0.00010300
v -0.00276700 -0.04261100 -0.00007000
v -0.00276700 -0.04261100 -0.00007000
v -0.00276700 -0.04261100 -0.00007000
v -0.00276700 -0.04261100 -0.00007000
v -0.00270400 -0.04396600 -0.00030700
v -0.00270400 -0.04396600 -0.00030700
v -0.00270400 -0.04396600 -0.00030700
v -0.00270400 -0.04396600 -0.00030700
v -0.00270400 -0.04396600 -0.00030700
v -0.00270400 -0.04396600 -0.00030700
v -0.00319400 -0.04403300 -0.00035900
v -0.00319400 -0.04403300 -0.00035900
v -0.00319400 -0.04403300 -0.00035900
v -0.00319400 -0.04403300 -0.00035900
v -0.00319400 -0.04403300 -0.00035900
v -0.00366300 -0.04413800 -0.00051300
v -0.00366300 -0.04413800 -0.00051300
v -0.00366300 -0.04413800 -0.00051300
v -0.00366300 -0.04413800 -0.00051300
v -0.00366300 -0.04413800 -0.00051300
v -0.00366300 -0.04413800 -0.00051300
v -0.00366300 -0.04413800 -0.00051300
v -0.00343700 -0.04544300 -0.00077900
v -0.00343700 -0.04544300 -0.00077900
v -0.00343700 -0.04544300 -0.00077900
v -0.00343700 -0.04544300 -0.00077900
v -0.00343700 -0.04544300 -0.00077900
v -0.00331900 -0.04596800 -0.00092300
v -0.00331900 -0.04596800 -0.00092300
v -0.00331900 -0.04596800 -0.00092300
v -0.00331900 -0.04596800 -0.00092300
v -0.00331900 -0.04596800 -0.00092300
v -0.00331900 -0.04596800 -0.00092300
v -0.00362300 -0.04604000 -0.00114600
v -0.00362300 -0.04604000 -0.00114600
v -0.00362300 -0.04604000 -0.00114600
v -0.00362300 -0.04604000 -0.00114600
v -0.00362300 -0.04604000 -0.00114600
v -0.00362300 -0.04604000 -0.00114600
v -0.00372100 -0.04648200 -0.00162600
v -0.00372100 -0.04648200 -0.00162600
v -0.00372100 -0.04648200 -0.00162600
v -0.00372100 -0.04648200 -0.00162600
v -0.00372100 -0.04648200 -0.00162600
v -0.00359100 -0.04682000 -0.00187400
v -0.00359100 -0.04682000 -0.00187400
v -0.00359100 -0.04682000 -0.00187400
v -0.00359100 -0.04682000 -0.00187400
v -0.00359100 -0.04682000 -0.00187400
v -0.00359100 -0.04682000 -0.00187400
v -0.00359100 -0.04682000 -0.00187400
v -0.00395700 -0.04671500 -0.00247000
v -0.00395700 -0.04671500 -0.00247000
v -0.00395700 -0.04671500 -0.00247000
v -0.00395700 -0.04671500 -0.00247000
v -0.00395700 -0.04671500 -0.00247000
v -0.00395700 -0.04671500 -0.00247000
v -0.00405000 -0.04673100 -0.00298800
v -0.00405000 -0.04673100 -0.00298800
v -0.00405000 -0.04673100 -0.00298800
v -0.00405000 -0.04673100 -0.00298800
v -0.00405000 -0.04673100 -0.00298800
v -0.00348300 -0.04647700 -0.00134800
v -0.00348300 -0.04647700 -0.00134800
v -0.00348300 -0.04647700 -0.00134800
v -0.00348300 -0.04647700 -0.00134800
v -0.00348300 -0.04647700 -0.00134800
v -0.00348300 -0.04647700 -0.00134800
v -0.00392200 -0.04695800 -0.00322200
v -0.00392200 -0.04695800 -0.00322200
v -0.00392200 -0.04695800 -0.00322200
v -0.00392200 -0.04695800 -0.00322200
v -0.00392200 -0.04695800 -0.00322200
v -0.00370300 -0.04716800 -0.00296700
v -0.00370300 -0.04716800 -0.00296700
v -0.00370300 -0.04716800 -0.00296700
v -0.00370300 -0.04716800 -0.00296700
v -0.00370300 -0.04716800 -0.00296700
v -0.00370300 -0.04716800 -0.00296700
v -0.00346700 -0.04763300 -0.00407500
v -0.00346700 -0.04763300 -0.00407500
v -0.00346700 -0.04763300 -0.00407500
v -0.00346700 -0.04763300 -0.00407500
v -0.00346700 -0.04763300 -0.00407500
v -0.00346700 -0.04763300 -0.00407500
v -0.00346700 -0.04763300 -0.00407500
v -0.00346500 -0.04768800 -0.00499000
v -0.00346500 -0.04768800 -0.00499000
v -0.00346500 -0.04768800 -0.00499000
v -0.00346500 -0.04768800 -0.00499000
v -0.00346500 -0.04768800 -0.00499000
v -0.00346500 -0.04768800 -0.00499000
v -0.00392000 -0.04697500 -0.00671500
v -0.00392000 -0.04697500 -0.00671500
v -0.00392000 -0.04697500 -0.00671500
v -0.00392000 -0.04697500 -0.00671500
v -0.00392000 -0.04697500 -0.00671500
v -0.00402700 -0.04676400 -0.00699600
v -0.00402700 -0.04676400 -0.00699600
v -0.00402700 -0.04676400 -0.00699600
v -0.00402700 -0.04676400 -0.00699600
v -0.00385200 -0.04690800 -0.00738300
v -0.00385200 -0.04690800 -0.00738300
v -0.00385200 -0.04690800 -0.00738300
v -0.00385200 -0.04690800 -0.00738300
v -0.00385200 -0.04690800 -0.00738300
v -0.00385200 -0.04690800 -0.00738300
v -0.00385200 -0.04690800 -0.00738300
v -0.00346700 -0.04763300 -0.00590200
v -0.00346700 -0.04763300 -0.00590200
v -0.00346700 -0.04763300 -0.00590200
v -0.00346700 -0.04763300 -0.00590200
v -0.00346700 -0.04763300 -0.00590200
v -0.00346700 -0.04763300 -0.00590200
v -0.00346700 -0.04763300 -0.00590200
v -0.00346700 -0.04763300 -0.00590200
v -0.00369800 -0.04717400 -0.00703900
v -0.00369800 -0.04717400 -0.00703900
v -0.00369800 -0.04717400 -0.00703900
v -0.00369800 -0.04717400 -0.00703900
v -0.00369800 -0.04717400 -0.00703900
v -0.00369800 -0.04717400 -0.00703900
v -0.00369800 -0.04717400 -0.00703900
v -0.00359100 -0.04681400 -0.00814100
v -0.00359100 -0.04681400 -0.00814100
v -0.00359100 -0.04681400 -0.00814100
v -0.00359100 -0.04681400 -0.00814100
v -0.00359100 -0.04681400 -0.00814100
v -0.00359100 -0.04681400 -0.00814100
v -0.00391900 -0.04647700 -0.00804400
v -0.00391900 -0.04647700 -0.00804400
v -0.00391900 -0.04647700 -0.00804400
v -0.00391900 -0.04647700 -0.00804400
v -0.00391900 -0.04647700 -0.00804400
v -0.00347800 -0.04710200 -0.00783800
v -0.00347800 -0.04710200 -0.00783800
v -0.00347800 -0.04710200 -0.00783800
v -0.00347800 -0.04710200 -0.00783800
v -0.00347800 -0.04710200 -0.00783800
v -0.00347800 -0.04710200 -0.00783800
v -0.00372100 -0.04647100 -0.00838900
v -0.00372100 -0.04647100 -0.00838900
v -0.00372100 -0.04647100 -0.00838900
v -0.00372100 -0.04647100 -0.00838900
v -0.00372100 -0.04647100 -0.00838900
v -0.00372100 -0.04647100 -0.00838900
v -0.00348300 -0.04646000 -0.00866600
v -0.00348300 -0.04646000 -0.00866600
v -0.00348300 -0.04646000 -0.00866600
v -0.00348300 -0.04646000 -0.00866600
v -0.00348300 -0.04646000 -0.00866600
v -0.00348300 -0.04646000 -0.00866600
v -0.00341700 -0.04543700 -0.00923200
v -0.00341700 -0.04543700 -0.00923200
v -0.00341700 -0.04543700 -0.00923200
v -0.00341700 -0.04543700 -0.00923200
v -0.00341700 -0.04543700 -0.00923200
v -0.00305600 -0.04533800 -0.00935900
v -0.00305600 -0.04533800 -0.00935900
v -0.00305600 -0.04533800 -0.00935900
v -0.00305600 -0.04533800 -0.00935900
v -0.00305600 -0.04533800 -0.00935900
v -0.00332000 -0.04594600 -0.00908700
v -0.00332000 -0.04594600 -0.00908700
v -0.00332000 -0.04594600 -0.00908700
v -0.00332000 -0.04594600 -0.00908700
v -0.00332000 -0.04594600 -0.00908700
v -0.00332000 -0.04594600 -0.00908700
v -0.00320100 -0.04645500 -0.00885400
v -0.00320100 -0.04645500 -0.00885400
v -0.00320100 -0.04645500 -0.00885400
v -0.00320100 -0.04645500 -0.00885400
v -0.00320100 -0.04645500 -0.00885400
v -0.00320100 -0.04645500 -0.00885400
v -0.00155700 -0.03984100 -0.01024500
v -0.00155700 -0.03984100 -0.01024500
v -0.00155700 -0.03984100 -0.01024500
v -0.00155700 -0.03984100 -0.01024500
v -0.00155700 -0.03984100 -0.01024500
v -0.00162500 -0.04250100 -0.00990400
v -0.00162500 -0.04250100 -0.00990400
v -0.00162500 -0.04250100 -0.00990400
v -0.00162500 -0.04250100 -0.00990400
v -0.00162500 -0.04250100 -0.00990400
v -0.00162500 -0.04250100 -0.00990400
v -0.00162500 -0.04250100 -0.00990400
v -0.00025500 -0.03704300 -0.01035400
v -0.00025500 -0.03704300 -0.01035400
v -0.00025500 -0.03704300 -0.01035400
v -0.00025500 -0.03704300 -0.01035400
v -0.00025500 -0.03704300 -0.01035400
v -0.00025500 -0.03704300 -0.01035400
v -0.00260100 -0.04526000 -0.00941700
v -0.00260100 -0.04526000 -0.00941700
v -0.00260100 -0.04526000 -0.00941700
v -0.00260100 -0.04526000 -0.00941700
v -0.00260100 -0.04526000 -0.00941700
v -0.00260100 -0.04526000 -0.00941700
v -0.00260100 -0.04526000 -0.00941700
v -0.00152100 -0.04514400 -0.00941800
v -0.00152100 -0.04514400 -0.00941800
v -0.00152100 -0.04514400 -0.00941800
v -0.00152100 -0.04514400 -0.00941800
v -0.00152100 -0.04514400 -0.00941800
v -0.00152100 -0.04514400 -0.00941800
v -0.00152100 -0.04514400 -0.00941800
v 0.00091500 -0.03426100 -0.01030700
v 0.00091500 -0.03426100 -0.01030700
v 0.00091500 -0.03426100 -0.01030700
v 0.00091500 -0.03426100 -0.01030700
v 0.00091500 -0.03426100 -0.01030700
v 0.00253500 -0.02846000 -0.01034400
v 0.00253500 -0.02846000 -0.01034400
v 0.00253500 -0.02846000 -0.01034400
v 0.00253500 -0.02846000 -0.01034400
v 0.00253500 -0.02846000 -0.01034400
v 0.00253500 -0.02846000 -0.01034400
v 0.00608300 -0.00042200 -0.01114100
v 0.00608300 -0.00042200 -0.01114100
v 0.00608300 -0.00042200 -0.01114100
v 0.00608300 -0.00042200 -0.01114100
v 0.00608300 -0.00042200 -0.01114100
v 0.00608300 -0.00042200 -0.01114100
v 0.00600800 0.00724800 -0.00805000
v 0.00600800 0.00724800 -0.00805000
v 0.00600800 0.00724800 -0.00805000
v 0.00600800 0.00724800 -0.00805000
v 0.00600800 0.00724800 -0.00805000
v 0.00600800 0.00724800 -0.00805000
v 0.00600800 0.00724800 -0.00195100
v 0.00600800 0.00724800 -0.00195100
v 0.00600800 0.00724800 -0.00195100
v 0.00600800 0.00724800 -0.00195100
v 0.00600800 0.00724800 -0.00195100
v 0.00600800 0.00724800 -0.00195100
v 0.00600800 0.00724800 -0.00195100
v 0.00621300 -0.00041100 0.00112000
v 0.00621300 -0.00041100 0.00112000
v 0.00621300 -0.00041100 0.00112000
v 0.00621300 -0.00041100 0.00112000
v 0.00621300 -0.00041100 0.00112000
v 0.00621300 -0.00041100 0.00112000
v 0.00256500 -0.02848200 0.00033800
v 0.00256500 -0.02848200 0.00033800
v 0.00256500 -0.02848200 0.00033800
v 0.00256500 -0.02848200 0.00033800
v 0.00256500 -0.02848200 0.00033800
v 0.00256500 -0.02848200 0.00033800
v 0.00092200 -0.03426100 0.00030600
v 0.00092200 -0.03426100 0.00030600
v 0.00092200 -0.03426100 0.00030600
v 0.00092200 -0.03426100 0.00030600
v 0.00092200 -0.03426100 0.00030600
v -0.00025600 -0.03705900 0.00035300
v -0.00025600 -0.03705900 0.00035300
v -0.00025600 -0.03705900 0.00035300
v -0.00025600 -0.03705900 0.00035300
v -0.00025600 -0.03705900 0.00035300
v -0.00025600 -0.03705900 0.00035300
v -0.00046700 -0.03975200 0.00013000
v -0.00046700 -0.03975200 0.00013000
v -0.00046700 -0.03975200 0.00013000
v -0.00046700 -0.03975200 0.00013000
v -0.00046700 -0.03975200 0.00013000
v -0.00046700 -0.03975200 0.00013000
v -0.00057400 -0.04243400 -0.00022400
v -0.00057400 -0.04243400 -0.00022400
v -0.00057400 -0.04243400 -0.00022400
v -0.00057400 -0.04243400 -0.00022400
v -0.00057400 -0.04243400 -0.00022400
v -0.00057400 -0.04243400 -0.00022400
v -0.00151400 -0.04514400 -0.00058300
v -0.00151400 -0.04514400 -0.00058300
v -0.00151400 -0.04514400 -0.00058300
v -0.00151400 -0.04514400 -0.00058300
v -0.00151400 -0.04514400 -0.00058300
v -0.00151400 -0.04514400 -0.00058300
v -0.00151400 -0.04514400 -0.00058300
v -0.00260100 -0.04526000 -0.00058300
v -0.00260100 -0.04526000 -0.00058300
v -0.00260100 -0.04526000 -0.00058300
v -0.00260100 -0.04526000 -0.00058300
v -0.00260100 -0.04526000 -0.00058300
v -0.00260100 -0.04526000 -0.00058300
v -0.00305800 -0.04533800 -0.00064100
v -0.00305800 -0.04533800 -0.00064100
v -0.00305800 -0.04533800 -0.00064100
v -0.00305800 -0.04533800 -0.00064100
v -0.00305800 -0.04533800 -0.00064100
v -0.00305800 -0.04533800 -0.00064100
v -0.00295300 -0.04591800 -0.00080100
v -0.00295300 -0.04591800 -0.00080100
v -0.00295300 -0.04591800 -0.00080100
v -0.00295300 -0.04591800 -0.00080100
v -0.00295300 -0.04591800 -0.00080100
v -0.00295300 -0.04591800 -0.00080100
v -0.00286200 -0.04647100 -0.00105600
v -0.00286200 -0.04647100 -0.00105600
v -0.00286200 -0.04647100 -0.00105600
v -0.00286200 -0.04647100 -0.00105600
v -0.00286200 -0.04647100 -0.00105600
v -0.00286200 -0.04647100 -0.00105600
v -0.00286200 -0.04647100 -0.00105600
v -0.00320100 -0.04647100 -0.00115800
v -0.00320100 -0.04647100 -0.00115800
v -0.00320100 -0.04647100 -0.00115800
v -0.00320100 -0.04647100 -0.00115800
v -0.00320100 -0.04647100 -0.00115800
v -0.00320100 -0.04647100 -0.00115800
v -0.00335900 -0.04687000 -0.00164600
v -0.00335900 -0.04687000 -0.00164600
v -0.00335900 -0.04687000 -0.00164600
v -0.00335900 -0.04687000 -0.00164600
v -0.00335900 -0.04687000 -0.00164600
v -0.00335900 -0.04687000 -0.00164600
v -0.00324900 -0.04719000 -0.00200200
v -0.00324900 -0.04719000 -0.00200200
v -0.00324900 -0.04719000 -0.00200200
v -0.00324900 -0.04719000 -0.00200200
v -0.00324900 -0.04719000 -0.00200200
v -0.00324900 -0.04719000 -0.00200200
v -0.00348000 -0.04710200 -0.00217500
v -0.00348000 -0.04710200 -0.00217500
v -0.00348000 -0.04710200 -0.00217500
v -0.00348000 -0.04710200 -0.00217500
v -0.00348000 -0.04710200 -0.00217500
v -0.00385500 -0.04690800 -0.00263000
v -0.00385500 -0.04690800 -0.00263000
v -0.00385500 -0.04690800 -0.00263000
v -0.00385500 -0.04690800 -0.00263000
v -0.00385500 -0.04690800 -0.00263000
v -0.00385500 -0.04690800 -0.00263000
v -0.00309100 -0.04690800 -0.00149200
v -0.00309100 -0.04690800 -0.00149200
v -0.00309100 -0.04690800 -0.00149200
v -0.00309100 -0.04690800 -0.00149200
v -0.00309100 -0.04690800 -0.00149200
v -0.00309100 -0.04690800 -0.00149200
v -0.00330200 -0.04748900 -0.00277600
v -0.00330200 -0.04748900 -0.00277600
v -0.00330200 -0.04748900 -0.00277600
v -0.00330200 -0.04748900 -0.00277600
v -0.00330200 -0.04748900 -0.00277600
v -0.00330200 -0.04748900 -0.00277600
v -0.00330200 -0.04748900 -0.00277600
v -0.00347300 -0.04746700 -0.00323900
v -0.00347300 -0.04746700 -0.00323900
v -0.00347300 -0.04746700 -0.00323900
v -0.00347300 -0.04746700 -0.00323900
v -0.00347300 -0.04746700 -0.00323900
v -0.00302100 -0.04802500 -0.00407600
v -0.00302100 -0.04802500 -0.00407600
v -0.00302100 -0.04802500 -0.00407600
v -0.00302100 -0.04802500 -0.00407600
v -0.00302100 -0.04802500 -0.00407600
v -0.00302100 -0.04808600 -0.00499000
v -0.00302100 -0.04808600 -0.00499000
v -0.00302100 -0.04808600 -0.00499000
v -0.00302100 -0.04808600 -0.00499000
v -0.00302100 -0.04808600 -0.00499000
v -0.00302100 -0.04808600 -0.00499000
v -0.00302100 -0.04808600 -0.00499000
v -0.00302100 -0.04808600 -0.00499000
v -0.00392200 -0.04695800 -0.00678400
v -0.00392200 -0.04695800 -0.00678400
v -0.00392200 -0.04695800 -0.00678400
v -0.00392200 -0.04695800 -0.00678400
v -0.00329700 -0.04749400 -0.00723000
v -0.00329700 -0.04749400 -0.00723000
v -0.00329700 -0.04749400 -0.00723000
v -0.00329700 -0.04749400 -0.00723000
v -0.00329700 -0.04749400 -0.00723000
v -0.00329700 -0.04749400 -0.00723000
v -0.00329700 -0.04749400 -0.00723000
v -0.00319200 -0.04772100 -0.00675800
v -0.00319200 -0.04772100 -0.00675800
v -0.00319200 -0.04772100 -0.00675800
v -0.00319200 -0.04772100 -0.00675800
v -0.00319200 -0.04772100 -0.00675800
v -0.00347300 -0.04746700 -0.00676100
v -0.00347300 -0.04746700 -0.00676100
v -0.00347300 -0.04746700 -0.00676100
v -0.00347300 -0.04746700 -0.00676100
v -0.00302100 -0.04802500 -0.00590200
v -0.00302100 -0.04802500 -0.00590200
v -0.00302100 -0.04802500 -0.00590200
v -0.00302100 -0.04802500 -0.00590200
v -0.00302100 -0.04802500 -0.00590200
v -0.00335700 -0.04685800 -0.00836900
v -0.00335700 -0.04685800 -0.00836900
v -0.00335700 -0.04685800 -0.00836900
v -0.00335700 -0.04685800 -0.00836900
v -0.00335700 -0.04685800 -0.00836900
v -0.00335700 -0.04685800 -0.00836900
v -0.00324700 -0.04718500 -0.00801000
v -0.00324700 -0.04718500 -0.00801000
v -0.00324700 -0.04718500 -0.00801000
v -0.00324700 -0.04718500 -0.00801000
v -0.00324700 -0.04718500 -0.00801000
v -0.00282900 -0.04776500 -0.00734700
v -0.00282900 -0.04776500 -0.00734700
v -0.00282900 -0.04776500 -0.00734700
v -0.00282900 -0.04776500 -0.00734700
v -0.00282900 -0.04776500 -0.00734700
v -0.00282900 -0.04776500 -0.00734700
v -0.00282900 -0.04776500 -0.00734700
v -0.00308900 -0.04689700 -0.00852000
v -0.00308900 -0.04689700 -0.00852000
v -0.00308900 -0.04689700 -0.00852000
v -0.00308900 -0.04689700 -0.00852000
v -0.00308900 -0.04689700 -0.00852000
v -0.00308900 -0.04689700 -0.00852000
v -0.00295500 -0.04589100 -0.00920900
v -0.00295500 -0.04589100 -0.00920900
v -0.00295500 -0.04589100 -0.00920900
v -0.00295500 -0.04589100 -0.00920900
v -0.00295500 -0.04589100 -0.00920900
v -0.00295500 -0.04589100 -0.00920900
v -0.00286300 -0.04644900 -0.00895500
v -0.00286300 -0.04644900 -0.00895500
v -0.00286300 -0.04644900 -0.00895500
v -0.00286300 -0.04644900 -0.00895500
v -0.00286300 -0.04644900 -0.00895500
v -0.00286300 -0.04644900 -0.00895500
v -0.00277400 -0.04694100 -0.00860200
v -0.00277400 -0.04694100 -0.00860200
v -0.00277400 -0.04694100 -0.00860200
v -0.00277400 -0.04694100 -0.00860200
v -0.00277400 -0.04694100 -0.00860200
v -0.00277400 -0.04694100 -0.00860200
v -0.00277400 -0.04694100 -0.00860200
v -0.00046400 -0.03971900 -0.01013200
v -0.00046400 -0.03971900 -0.01013200
v -0.00046400 -0.03971900 -0.01013200
v -0.00046400 -0.03971900 -0.01013200
v -0.00046400 -0.03971900 -0.01013200
v -0.00046400 -0.03971900 -0.01013200
v -0.00057400 -0.04239000 -0.00978400
v -0.00057400 -0.04239000 -0.00978400
v -0.00057400 -0.04239000 -0.00978400
v -0.00057400 -0.04239000 -0.00978400
v -0.00057400 -0.04239000 -0.00978400
v -0.00057400 -0.04239000 -0.00978400
v 0.00063900 -0.03694300 -0.01018400
v 0.00063900 -0.03694300 -0.01018400
v 0.00063900 -0.03694300 -0.01018400
v 0.00063900 -0.03694300 -0.01018400
v 0.00063900 -0.03694300 -0.01018400
v 0.00063900 -0.03694300 -0.01018400
v 0.00063900 -0.03694300 -0.01018400
v 0.00063900 -0.03694300 -0.01018400
v 0.00063900 -0.03694300 -0.01018400
v -0.00249900 -0.04622300 -0.00911300
v -0.00249900 -0.04622300 -0.00911300
v -0.00249900 -0.04622300 -0.00911300
v -0.00249900 -0.04622300 -0.00911300
v -0.00249900 -0.04622300 -0.00911300
v -0.00249900 -0.04622300 -0.00911300
v -0.00144800 -0.04579700 -0.00925800
v -0.00144800 -0.04579700 -0.00925800
v -0.00144800 -0.04579700 -0.00925800
v -0.00144800 -0.04579700 -0.00925800
v -0.00144800 -0.04579700 -0.00925800
v -0.00144800 -0.04579700 -0.00925800
v -0.00045700 -0.04568600 -0.00914500
v -0.00045700 -0.04568600 -0.00914500
v -0.00045700 -0.04568600 -0.00914500
v -0.00045700 -0.04568600 -0.00914500
v -0.00045700 -0.04568600 -0.00914500
v -0.00045700 -0.04568600 -0.00914500
v -0.00045700 -0.04568600 -0.00914500
v -0.00050700 -0.04503900 -0.00929700
v -0.00050700 -0.04503900 -0.00929700
v -0.00050700 -0.04503900 -0.00929700
v -0.00050700 -0.04503900 -0.00929700
v -0.00050700 -0.04503900 -0.00929700
v 0.00337300 -0.02870900 -0.01016000
v 0.00337300 -0.02870900 -0.01016000
v 0.00337300 -0.02870900 -0.01016000
v 0.00337300 -0.02870900 -0.01016000
v 0.00337300 -0.02870900 -0.01016000
v 0.00337300 -0.02870900 -0.01016000
v 0.00292600 -0.02770200 -0.01030700
v 0.00292600 -0.02770200 -0.01030700
v 0.00292600 -0.02770200 -0.01030700
v 0.00650200 -0.00043900 -0.01106700
v 0.00650200 -0.00043900 -0.01106700
v 0.00650200 -0.00043900 -0.01106700
v 0.00650200 -0.00043900 -0.01106700
v 0.00650200 -0.00043900 -0.01106700
v 0.00650200 -0.00043900 -0.01106700
v 0.00650200 -0.00043900 -0.01106700
v 0.00696100 -0.00058800 -0.01095700
v 0.00696100 -0.00058800 -0.01095700
v 0.00696100 -0.00058800 -0.01095700
v 0.00696100 -0.00058800 -0.01095700
v 0.00696100 -0.00058800 -0.01095700
v 0.00684900 0.00624700 -0.00805000
v 0.00684900 0.00624700 -0.00805000
v 0.00684900 0.00624700 -0.00805000
v 0.00684900 0.00624700 -0.00805000
v 0.00684900 0.00624700 -0.00805000
v 0.00684900 0.00624700 -0.00805000
v 0.00684900 0.00624700 -0.00805000
v 0.00684900 0.00624700 -0.00805000
v 0.00684900 0.00624700 -0.00805000
v 0.00684900 0.00624700 -0.00805000
v 0.00684900 0.00624700 -0.00805000
v 0.00684900 0.00624700 -0.00805000
v 0.00684900 0.00624700 -0.00805000
v 0.00684900 0.00624700 -0.00805000
v 0.00684900 0.00624700 -0.00805000
v 0.00684900 0.00624700 -0.00805000
v 0.00684900 0.00624700 -0.00805000
v 0.00684900 0.00624700 -0.00805000
v 0.00684900 0.00624700 -0.00805000
v 0.00684900 0.00624700 -0.00805000
v 0.00684900 0.00624700 -0.00805000
v 0.00684900 0.00624700 -0.00805000
v 0.00684900 0.00624700 -0.00195100
v 0.00684900 0.00624700 -0.00195100
v 0.00684900 0.00624700 -0.00195100
v 0.00684900 0.00624700 -0.00195100
v 0.00684900 0.00624700 -0.00195100
v 0.00684900 0.00624700 -0.00195100
v 0.00684900 0.00624700 -0.00195100
v 0.00684900 0.00624700 -0.00195100
v 0.00684900 0.00624700 -0.00195100
v 0.00684900 0.00624700 -0.00195100
v 0.00684900 0.00624700 -0.00195100
v 0.00684900 0.00624700 -0.00195100
v 0.00684900 0.00624700 -0.00195100
v 0.00684900 0.00624700 -0.00195100
v 0.00684900 0.00624700 -0.00195100
v 0.00684900 0.00624700 -0.00195100
v 0.00684900 0.00624700 -0.00195100
v 0.00684900 0.00624700 -0.00195100
v 0.00711800 -0.00067100 0.00091000
v 0.00711800 -0.00067100 0.00091000
v 0.00711800 -0.00067100 0.00091000
v 0.00711800 -0.00067100 0.00091000
v 0.00711800 -0.00067100 0.00091000
v 0.00711800 -0.00067100 0.00091000
v 0.00665200 -0.00047200 0.00103500
v 0.00665200 -0.00047200 0.00103500
v 0.00665200 -0.00047200 0.00103500
v 0.00665200 -0.00047200 0.00103500
v 0.00665200 -0.00047200 0.00103500
v 0.00650200 -0.00043900 0.00106700
v 0.00650200 -0.00043900 0.00106700
v 0.00650200 -0.00043900 0.00106700
v 0.00650200 -0.00043900 0.00106700
v 0.00650200 -0.00043900 0.00106700
v 0.00295800 -0.02772400 0.00030100
v 0.00295800 -0.02772400 0.00030100
v 0.00295800 -0.02772400 0.00030100
v 0.00295800 -0.02772400 0.00030100
v 0.00295800 -0.02772400 0.00030100
v 0.00339600 -0.02872500 0.00015300
v 0.00339600 -0.02872500 0.00015300
v 0.00339600 -0.02872500 0.00015300
v 0.00339600 -0.02872500 0.00015300
v 0.00339600 -0.02872500 0.00015300
v 0.00064300 -0.03696000 0.00018200
v 0.00064300 -0.03696000 0.00018200
v 0.00064300 -0.03696000 0.00018200
v 0.00064300 -0.03696000 0.00018200
v 0.00064300 -0.03696000 0.00018200
v 0.00064300 -0.03696000 0.00018200
v 0.00064300 -0.03696000 0.00018200
v 0.00064300 -0.03696000 0.00018200
v 0.00064300 -0.03696000 0.00018200
v 0.00034900 -0.03966400 -0.00004000
v 0.00034900 -0.03966400 -0.00004000
v 0.00034900 -0.03966400 -0.00004000
v 0.00034900 -0.03966400 -0.00004000
v 0.00034900 -0.03966400 -0.00004000
v 0.00034900 -0.03966400 -0.00004000
v 0.00013600 -0.04235700 -0.00038100
v 0.00013600 -0.04235700 -0.00038100
v 0.00013600 -0.04235700 -0.00038100
v 0.00013600 -0.04235700 -0.00038100
v 0.00013600 -0.04235700 -0.00038100
v 0.00013600 -0.04235700 -0.00038100
v -0.00050700 -0.04503900 -0.00070300
v -0.00050700 -0.04503900 -0.00070300
v -0.00050700 -0.04503900 -0.00070300
v -0.00050700 -0.04503900 -0.00070300
v -0.00050700 -0.04503900 -0.00070300
v -0.00050700 -0.04503900 -0.00070300
v -0.00087400 -0.04574100 -0.00079200
v -0.00087400 -0.04574100 -0.00079200
v -0.00087400 -0.04574100 -0.00079200
v -0.00087400 -0.04574100 -0.00079200
v -0.00087400 -0.04574100 -0.00079200
v -0.00144800 -0.04579700 -0.00074300
v -0.00144800 -0.04579700 -0.00074300
v -0.00144800 -0.04579700 -0.00074300
v -0.00144800 -0.04579700 -0.00074300
v -0.00144800 -0.04579700 -0.00074300
v -0.00144800 -0.04579700 -0.00074300
v -0.00253900 -0.04586300 -0.00074700
v -0.00253900 -0.04586300 -0.00074700
v -0.00253900 -0.04586300 -0.00074700
v -0.00253900 -0.04586300 -0.00074700
v -0.00253900 -0.04586300 -0.00074700
v -0.00253900 -0.04586300 -0.00074700
v -0.00247000 -0.04647700 -0.00101700
v -0.00247000 -0.04647700 -0.00101700
v -0.00247000 -0.04647700 -0.00101700
v -0.00247000 -0.04647700 -0.00101700
v -0.00247000 -0.04647700 -0.00101700
v -0.00247000 -0.04647700 -0.00101700
v -0.00240800 -0.04698600 -0.00136400
v -0.00240800 -0.04698600 -0.00136400
v -0.00240800 -0.04698600 -0.00136400
v -0.00240800 -0.04698600 -0.00136400
v -0.00240600 -0.04700200 -0.00137600
v -0.00240600 -0.04700200 -0.00137600
v -0.00240600 -0.04700200 -0.00137600
v -0.00240600 -0.04700200 -0.00137600
v -0.00240600 -0.04700200 -0.00137600
v -0.00240600 -0.04700200 -0.00137600
v -0.00277400 -0.04695200 -0.00141100
v -0.00277400 -0.04695200 -0.00141100
v -0.00277400 -0.04695200 -0.00141100
v -0.00277400 -0.04695200 -0.00141100
v -0.00277400 -0.04695200 -0.00141100
v -0.00277400 -0.04695200 -0.00141100
v -0.00277400 -0.04695200 -0.00141100
v -0.00299100 -0.04727300 -0.00188700
v -0.00299100 -0.04727300 -0.00188700
v -0.00299100 -0.04727300 -0.00188700
v -0.00299100 -0.04727300 -0.00188700
v -0.00299100 -0.04727300 -0.00188700
v -0.00299100 -0.04727300 -0.00188700
v -0.00283200 -0.04776500 -0.00265800
v -0.00283200 -0.04776500 -0.00265800
v -0.00283200 -0.04776500 -0.00265800
v -0.00283200 -0.04776500 -0.00265800
v -0.00283200 -0.04776500 -0.00265800
v -0.00283200 -0.04776500 -0.00265800
v -0.00283200 -0.04776500 -0.00265800
v -0.00269100 -0.04735100 -0.00182700
v -0.00269100 -0.04735100 -0.00182700
v -0.00269100 -0.04735100 -0.00182700
v -0.00269100 -0.04735100 -0.00182700
v -0.00269100 -0.04735100 -0.00182700
v -0.00269100 -0.04735100 -0.00182700
v -0.00302300 -0.04784800 -0.00324400
v -0.00302300 -0.04784800 -0.00324400
v -0.00302300 -0.04784800 -0.00324400
v -0.00302300 -0.04784800 -0.00324400
v -0.00302300 -0.04784800 -0.00324400
v -0.00302300 -0.04784800 -0.00324400
v -0.00259800 -0.04828500 -0.00407900
v -0.00259800 -0.04828500 -0.00407900
v -0.00259800 -0.04828500 -0.00407900
v -0.00259800 -0.04828500 -0.00407900
v -0.00259800 -0.04828500 -0.00407900
v -0.00259800 -0.04828500 -0.00407900
v -0.00259800 -0.04828500 -0.00407900
v -0.00259600 -0.04834600 -0.00499000
v -0.00259600 -0.04834600 -0.00499000
v -0.00259600 -0.04834600 -0.00499000
v -0.00259600 -0.04834600 -0.00499000
v -0.00259600 -0.04834600 -0.00499000
v -0.00259800 -0.04828500 -0.00590000
v -0.00259800 -0.04828500 -0.00590000
v -0.00259800 -0.04828500 -0.00590000
v -0.00259800 -0.04828500 -0.00590000
v -0.00259800 -0.04828500 -0.00590000
v -0.00259800 -0.04828500 -0.00590000
v -0.00259800 -0.04828500 -0.00590000
v -0.00259800 -0.04828500 -0.00590000
v -0.00302300 -0.04784800 -0.00675600
v -0.00302300 -0.04784800 -0.00675600
v -0.00302300 -0.04784800 -0.00675600
v -0.00302300 -0.04784800 -0.00675600
v -0.00302300 -0.04784800 -0.00675600
v -0.00302300 -0.04784800 -0.00675600
v -0.00299000 -0.04726800 -0.00812400
v -0.00299000 -0.04726800 -0.00812400
v -0.00299000 -0.04726800 -0.00812400
v -0.00299000 -0.04726800 -0.00812400
v -0.00299000 -0.04726800 -0.00812400
v -0.00299000 -0.04726800 -0.00812400
v -0.00299000 -0.04726800 -0.00812400
v -0.00260400 -0.04810300 -0.00675200
v -0.00260400 -0.04810300 -0.00675200
v -0.00260400 -0.04810300 -0.00675200
v -0.00260400 -0.04810300 -0.00675200
v -0.00260400 -0.04810300 -0.00675200
v -0.00227300 -0.04800300 -0.00738700
v -0.00227300 -0.04800300 -0.00738700
v -0.00227300 -0.04800300 -0.00738700
v -0.00227300 -0.04800300 -0.00738700
v -0.00227300 -0.04800300 -0.00738700
v -0.00227300 -0.04800300 -0.00738700
v -0.00269100 -0.04734500 -0.00818300
v -0.00269100 -0.04734500 -0.00818300
v -0.00269100 -0.04734500 -0.00818300
v -0.00269100 -0.04734500 -0.00818300
v -0.00269100 -0.04734500 -0.00818300
v -0.00269100 -0.04734500 -0.00818300
v -0.00247300 -0.04646000 -0.00899400
v -0.00247300 -0.04646000 -0.00899400
v -0.00247300 -0.04646000 -0.00899400
v -0.00247300 -0.04646000 -0.00899400
v -0.00247300 -0.04646000 -0.00899400
v -0.00247300 -0.04646000 -0.00899400
v -0.00235200 -0.04742300 -0.00821500
v -0.00235200 -0.04742300 -0.00821500
v -0.00235200 -0.04742300 -0.00821500
v -0.00235200 -0.04742300 -0.00821500
v -0.00235200 -0.04742300 -0.00821500
v -0.00238800 -0.04713500 -0.00850400
v -0.00238800 -0.04713500 -0.00850400
v -0.00238800 -0.04713500 -0.00850400
v -0.00238800 -0.04713500 -0.00850400
v -0.00238800 -0.04713500 -0.00850400
v -0.00238800 -0.04713500 -0.00850400
v 0.00034700 -0.03963100 -0.00996500
v 0.00034700 -0.03963100 -0.00996500
v 0.00034700 -0.03963100 -0.00996500
v 0.00034700 -0.03963100 -0.00996500
v 0.00034700 -0.03963100 -0.00996500
v 0.00034700 -0.03963100 -0.00996500
v 0.00013400 -0.04231300 -0.00962700
v 0.00013400 -0.04231300 -0.00962700
v 0.00013400 -0.04231300 -0.00962700
v 0.00013400 -0.04231300 -0.00962700
v 0.00013400 -0.04231300 -0.00962700
v 0.00013400 -0.04231300 -0.00962700
v 0.00013400 -0.04231300 -0.00962700
v 0.00147200 -0.03685400 -0.00991700
v 0.00147200 -0.03685400 -0.00991700
v 0.00147200 -0.03685400 -0.00991700
v 0.00147200 -0.03685400 -0.00991700
v 0.00455900 -0.02817200 -0.00986100
v 0.00455900 -0.02817200 -0.00986100
v 0.00455900 -0.02817200 -0.00986100
v 0.00455900 -0.02817200 -0.00986100
v 0.00455900 -0.02817200 -0.00986100
v 0.00466600 -0.02777400 -0.00986900
v 0.00466600 -0.02777400 -0.00986900
v 0.00466600 -0.02777400 -0.00986900
v 0.00466600 -0.02777400 -0.00986900
v 0.00466600 -0.02777400 -0.00986900
v 0.00466600 -0.02777400 -0.00986900
v 0.00466600 -0.02777400 -0.00986900
v 0.00378700 -0.02796200 -0.01011600
v 0.00378700 -0.02796200 -0.01011600
v 0.00378700 -0.02796200 -0.01011600
v 0.00378700 -0.02796200 -0.01011600
v 0.00378700 -0.02796200 -0.01011600
v 0.00378700 -0.02796200 -0.01011600
v 0.00378700 -0.02796200 -0.01011600
v -0.00137100 -0.04645500 -0.00901300
v -0.00137100 -0.04645500 -0.00901300
v -0.00137100 -0.04645500 -0.00901300
v -0.00137100 -0.04645500 -0.00901300
v -0.00137100 -0.04645500 -0.00901300
v -0.00137100 -0.04645500 -0.00901300
v -0.00080000 -0.04641100 -0.00897300
v -0.00080000 -0.04641100 -0.00897300
v -0.00080000 -0.04641100 -0.00897300
v -0.00080000 -0.04641100 -0.00897300
v -0.00080000 -0.04641100 -0.00897300
v -0.00080000 -0.04641100 -0.00897300
v 0.00055600 -0.04550900 -0.00884500
v 0.00055600 -0.04550900 -0.00884500
v 0.00055600 -0.04550900 -0.00884500
v 0.00055600 -0.04550900 -0.00884500
v 0.00055600 -0.04550900 -0.00884500
v 0.00055600 -0.04550900 -0.00884500
v 0.00055600 -0.04550900 -0.00884500
v 0.00055600 -0.04550900 -0.00884500
v 0.00004100 -0.04497800 -0.00916500
v 0.00004100 -0.04497800 -0.00916500
v 0.00004100 -0.04497800 -0.00916500
v 0.00004100 -0.04497800 -0.00916500
v 0.00004100 -0.04497800 -0.00916500
v -0.00039200 -0.04638800 -0.00890100
v -0.00039200 -0.04638800 -0.00890100
v -0.00039200 -0.04638800 -0.00890100
v -0.00039200 -0.04638800 -0.00890100
v -0.00039200 -0.04638800 -0.00890100
v -0.00039200 -0.04638800 -0.00890100
v 0.00711800 -0.00067100 -0.01091000
v 0.00711800 -0.00067100 -0.01091000
v 0.00711800 -0.00067100 -0.01091000
v 0.00711800 -0.00067100 -0.01091000
v 0.00711800 -0.00067100 -0.01091000
v 0.00718000 -0.00070400 -0.01089100
v 0.00718000 -0.00070400 -0.01089100
v 0.00718000 -0.00070400 -0.01089100
v 0.00718000 -0.00070400 -0.01089100
v 0.00724000 -0.00073700 -0.01087100
v 0.00724000 -0.00073700 -0.01087100
v 0.00724000 -0.00073700 -0.01087100
v 0.00724000 -0.00073700 -0.01087100
v 0.00740100 -0.00083700 -0.01081400
v 0.00740100 -0.00083700 -0.01081400
v 0.00740100 -0.00083700 -0.01081400
v 0.00740100 -0.00083700 -0.01081400
v 0.00740100 -0.00083700 -0.01081400
v 0.00740100 -0.00083700 -0.01081400
v 0.00771700 -0.00105300 -0.01068600
v 0.00771700 -0.00105300 -0.01068600
v 0.00771700 -0.00105300 -0.01068600
v 0.00771700 -0.00105300 -0.01068600
v 0.00771700 -0.00105300 -0.01068600
v 0.00815500 -0.00137300 -0.01046200
v 0.00815500 -0.00137300 -0.01046200
v 0.00815500 -0.00137300 -0.01046200
v 0.00815500 -0.00137300 -0.01046200
v 0.00815500 -0.00137300 -0.01046200
v 0.00827800 -0.00146700 -0.01038900
v 0.00827800 -0.00146700 -0.01038900
v 0.00827800 -0.00146700 -0.01038900
v 0.00827800 -0.00146700 -0.01038900
v 0.00827800 -0.00146700 -0.01038900
v 0.00909600 -0.00208100 -0.00981600
v 0.00909600 -0.00208100 -0.00981600
v 0.00909600 -0.00208100 -0.00981600
v 0.00909600 -0.00208100 -0.00981600
v 0.00911100 -0.00209200 -0.00980500
v 0.00911100 -0.00209200 -0.00980500
v 0.00911100 -0.00209200 -0.00980500
v 0.00911100 -0.00209200 -0.00980500
v 0.00911100 -0.00209200 -0.00980500
v 0.00912600 -0.00210300 -0.00979200
v 0.00912600 -0.00210300 -0.00979200
v 0.00912600 -0.00210300 -0.00979200
v 0.00912600 -0.00210300 -0.00979200
v 0.00954000 -0.00241800 -0.00942000
v 0.00954000 -0.00241800 -0.00942000
v 0.00954000 -0.00241800 -0.00942000
v 0.00954000 -0.00241800 -0.00942000
v 0.00954000 -0.00241800 -0.00942000
v 0.00992000 -0.00270600 -0.00898000
v 0.00992000 -0.00270600 -0.00898000
v 0.00992000 -0.00270600 -0.00898000
v 0.00992000 -0.00270600 -0.00898000
v 0.00992000 -0.00270600 -0.00898000
v 0.01023400 -0.00293800 -0.00846400
v 0.01023400 -0.00293800 -0.00846400
v 0.01023400 -0.00293800 -0.00846400
v 0.01023400 -0.00293800 -0.00846400
v 0.01023400 -0.00293800 -0.00846400
v 0.01024900 -0.00294900 -0.00843200
v 0.01024900 -0.00294900 -0.00843200
v 0.01024900 -0.00294900 -0.00843200
v 0.01024900 -0.00294900 -0.00843200
v 0.01049700 -0.00314300 -0.00777800
v 0.01049700 -0.00314300 -0.00777800
v 0.01049700 -0.00314300 -0.00777800
v 0.01049700 -0.00314300 -0.00777800
v 0.01049700 -0.00314300 -0.00777800
v 0.01049700 -0.00314300 -0.00777800
v 0.01072800 -0.00330900 -0.00684800
v 0.01072800 -0.00330900 -0.00684800
v 0.01072800 -0.00330900 -0.00684800
v 0.01072800 -0.00330900 -0.00684800
v 0.01072800 -0.00330900 -0.00684800
v 0.01072800 -0.00330900 -0.00684800
v 0.01082400 -0.00338100 -0.00623100
v 0.01082400 -0.00338100 -0.00623100
v 0.01082400 -0.00338100 -0.00623100
v 0.01082400 -0.00338100 -0.00623100
v 0.01086100 -0.00341400 -0.00587500
v 0.01086100 -0.00341400 -0.00587500
v 0.01086100 -0.00341400 -0.00587500
v 0.01086100 -0.00341400 -0.00587500
v 0.01086100 -0.00341400 -0.00587500
v 0.01089700 -0.00344200 -0.00480900
v 0.01089700 -0.00344200 -0.00480900
v 0.01089700 -0.00344200 -0.00480900
v 0.01089700 -0.00344200 -0.00480900
v 0.01089700 -0.00344200 -0.00480900
v 0.01089700 -0.00344200 -0.00480900
v 0.00909600 -0.00208100 -0.00018400
v 0.00909600 -0.00208100 -0.00018400
v 0.00909600 -0.00208100 -0.00018400
v 0.00909600 -0.00208100 -0.00018400
v 0.00909600 -0.00208100 -0.00018400
v 0.00891100 -0.00194300 -0.00004100
v 0.00891100 -0.00194300 -0.00004100
v 0.00891100 -0.00194300 -0.00004100
v 0.00891100 -0.00194300 -0.00004100
v 0.00891100 -0.00194300 -0.00004100
v 0.00815500 -0.00137300 0.00046200
v 0.00815500 -0.00137300 0.00046200
v 0.00815500 -0.00137300 0.00046200
v 0.00815500 -0.00137300 0.00046200
v 0.00815500 -0.00137300 0.00046200
v 0.00815500 -0.00137300 0.00046200
v 0.00815500 -0.00137300 0.00046200
v 0.00789300 -0.00118000 0.00060300
v 0.00789300 -0.00118000 0.00060300
v 0.00789300 -0.00118000 0.00060300
v 0.00789300 -0.00118000 0.00060300
v 0.00789300 -0.00118000 0.00060300
v 0.00724000 -0.00073700 0.00087100
v 0.00724000 -0.00073700 0.00087100
v 0.00724000 -0.00073700 0.00087100
v 0.00724000 -0.00073700 0.00087100
v 0.00724000 -0.00073700 0.00087100
v 0.00724000 -0.00073700 0.00087100
v 0.00718000 -0.00070400 0.00089100
v 0.00718000 -0.00070400 0.00089100
v 0.00718000 -0.00070400 0.00089100
v 0.00718000 -0.00070400 0.00089100
v 0.01082900 -0.00338600 -0.00381400
v 0.01082900 -0.00338600 -0.00381400
v 0.01082900 -0.00338600 -0.00381400
v 0.01082900 -0.00338600 -0.00381400
v 0.01082900 -0.00338600 -0.00381400
v 0.01065800 -0.00325900 -0.00282300
v 0.01065800 -0.00325900 -0.00282300
v 0.01065800 -0.00325900 -0.00282300
v 0.01065800 -0.00325900 -0.00282300
v 0.01065800 -0.00325900 -0.00282300
v 0.01065800 -0.00325900 -0.00282300
v 0.01049700 -0.00314300 -0.00222200
v 0.01049700 -0.00314300 -0.00222200
v 0.01049700 -0.00314300 -0.00222200
v 0.01049700 -0.00314300 -0.00222200
v 0.01048000 -0.00313200 -0.00217000
v 0.01048000 -0.00313200 -0.00217000
v 0.01048000 -0.00313200 -0.00217000
v 0.01048000 -0.00313200 -0.00217000
v 0.01048000 -0.00313200 -0.00217000
v 0.01023400 -0.00293800 -0.00153600
v 0.01023400 -0.00293800 -0.00153600
v 0.01023400 -0.00293800 -0.00153600
v 0.01023400 -0.00293800 -0.00153600
v 0.01007300 -0.00281700 -0.00124700
v 0.01007300 -0.00281700 -0.00124700
v 0.01007300 -0.00281700 -0.00124700
v 0.01007300 -0.00281700 -0.00124700
v 0.01007300 -0.00281700 -0.00124700
v 0.00968400 -0.00252900 -0.00073200
v 0.00968400 -0.00252900 -0.00073200
v 0.00968400 -0.00252900 -0.00073200
v 0.00968400 -0.00252900 -0.00073200
v 0.00968400 -0.00252900 -0.00073200
v 0.00912600 -0.00210300 -0.00020800
v 0.00912600 -0.00210300 -0.00020800
v 0.00912600 -0.00210300 -0.00020800
v 0.00912600 -0.00210300 -0.00020800
v 0.00431200 -0.02685000 0.00004400
v 0.00431200 -0.02685000 0.00004400
v 0.00431200 -0.02685000 0.00004400
v 0.00431200 -0.02685000 0.00004400
v 0.00431200 -0.02685000 0.00004400
v 0.00381000 -0.02798400 0.00010900
v 0.00381000 -0.02798400 0.00010900
v 0.00381000 -0.02798400 0.00010900
v 0.00381000 -0.02798400 0.00010900
v 0.00381000 -0.02798400 0.00010900
v 0.00381000 -0.02798400 0.00010900
v 0.00381000 -0.02798400 0.00010900
v 0.00457900 -0.02766300 -0.00009100
v 0.00457900 -0.02766300 -0.00009100
v 0.00457900 -0.02766300 -0.00009100
v 0.00457900 -0.02766300 -0.00009100
v 0.00457900 -0.02766300 -0.00009100
v 0.00457900 -0.02766300 -0.00009100
v 0.00457600 -0.02818900 -0.00014600
v 0.00457600 -0.02818900 -0.00014600
v 0.00457600 -0.02818900 -0.00014600
v 0.00457600 -0.02818900 -0.00014600
v 0.00457600 -0.02818900 -0.00014600
v 0.00457600 -0.02818900 -0.00014600
v 0.00147900 -0.03687100 -0.00008800
v 0.00147900 -0.03687100 -0.00008800
v 0.00147900 -0.03687100 -0.00008800
v 0.00147900 -0.03687100 -0.00008800
v 0.00110600 -0.03958100 -0.00029700
v 0.00110600 -0.03958100 -0.00029700
v 0.00110600 -0.03958100 -0.00029700
v 0.00110600 -0.03958100 -0.00029700
v 0.00110600 -0.03958100 -0.00029700
v 0.00110600 -0.03958100 -0.00029700
v 0.00110600 -0.03958100 -0.00029700
v 0.00079600 -0.04229100 -0.00061400
v 0.00079600 -0.04229100 -0.00061400
v 0.00079600 -0.04229100 -0.00061400
v 0.00079600 -0.04229100 -0.00061400
v 0.00079600 -0.04229100 -0.00061400
v 0.00079600 -0.04229100 -0.00061400
v 0.00079600 -0.04229100 -0.00061400
v 0.00007000 -0.04497300 -0.00084300
v 0.00007000 -0.04497300 -0.00084300
v 0.00007000 -0.04497300 -0.00084300
v 0.00007000 -0.04497300 -0.00084300
v 0.00007000 -0.04497300 -0.00084300
v 0.00007000 -0.04497300 -0.00084300
v -0.00045700 -0.04568600 -0.00085500
v -0.00045700 -0.04568600 -0.00085500
v -0.00045700 -0.04568600 -0.00085500
v -0.00045700 -0.04568600 -0.00085500
v -0.00045700 -0.04568600 -0.00085500
v -0.00045700 -0.04568600 -0.00085500
v -0.00080000 -0.04641100 -0.00102600
v -0.00080000 -0.04641100 -0.00102600
v -0.00080000 -0.04641100 -0.00102600
v -0.00080000 -0.04641100 -0.00102600
v -0.00080000 -0.04641100 -0.00102600
v -0.00080000 -0.04641100 -0.00102600
v -0.00080000 -0.04641100 -0.00102600
v -0.00137100 -0.04645500 -0.00098700
v -0.00137100 -0.04645500 -0.00098700
v -0.00137100 -0.04645500 -0.00098700
v -0.00137100 -0.04645500 -0.00098700
v -0.00137100 -0.04645500 -0.00098700
v -0.00137100 -0.04645500 -0.00098700
v -0.00129600 -0.04705200 -0.00132600
v -0.00129600 -0.04705200 -0.00132600
v -0.00129600 -0.04705200 -0.00132600
v -0.00129600 -0.04705200 -0.00132600
v -0.00129600 -0.04705200 -0.00132600
v -0.00129600 -0.04705200 -0.00132600
v -0.00129600 -0.04705200 -0.00132600
v -0.00123200 -0.04756100 -0.00173200
v -0.00123200 -0.04756100 -0.00173200
v -0.00123200 -0.04756100 -0.00173200
v -0.00123200 -0.04756100 -0.00173200
v -0.00123200 -0.04756100 -0.00173200
v -0.00123200 -0.04756100 -0.00173200
v -0.00184000 -0.04751100 -0.00175200
v -0.00184000 -0.04751100 -0.00175200
v -0.00184000 -0.04751100 -0.00175200
v -0.00184000 -0.04751100 -0.00175200
v -0.00184000 -0.04751100 -0.00175200
v -0.00184000 -0.04751100 -0.00175200
v -0.00235500 -0.04739500 -0.00175800
v -0.00235500 -0.04739500 -0.00175800
v -0.00235500 -0.04739500 -0.00175800
v -0.00235500 -0.04739500 -0.00175800
v -0.00235500 -0.04739500 -0.00175800
v -0.00227300 -0.04800300 -0.00261200
v -0.00227300 -0.04800300 -0.00261200
v -0.00227300 -0.04800300 -0.00261200
v -0.00227300 -0.04800300 -0.00261200
v -0.00227300 -0.04800300 -0.00261200
v -0.00227300 -0.04800300 -0.00261200
v -0.00227300 -0.04800300 -0.00261200
v -0.00226200 -0.04809200 -0.00279500
v -0.00226200 -0.04809200 -0.00279500
v -0.00226200 -0.04809200 -0.00279500
v -0.00226200 -0.04809200 -0.00279500
v -0.00226200 -0.04809200 -0.00279500
v -0.00226200 -0.04809200 -0.00279500
v -0.00260400 -0.04810300 -0.00324800
v -0.00260400 -0.04810300 -0.00324800
v -0.00260400 -0.04810300 -0.00324800
v -0.00260400 -0.04810300 -0.00324800
v -0.00260400 -0.04810300 -0.00324800
v -0.00260400 -0.04810300 -0.00324800
v -0.00233700 -0.04752800 -0.00191100
v -0.00233700 -0.04752800 -0.00191100
v -0.00233700 -0.04752800 -0.00191100
v -0.00233700 -0.04752800 -0.00191100
v -0.00222200 -0.04839600 -0.00380900
v -0.00222200 -0.04839600 -0.00380900
v -0.00222200 -0.04839600 -0.00380900
v -0.00222200 -0.04839600 -0.00380900
v -0.00222200 -0.04839600 -0.00380900
v -0.00222200 -0.04839600 -0.00380900
v -0.00221700 -0.04844000 -0.00408500
v -0.00221700 -0.04844000 -0.00408500
v -0.00221700 -0.04844000 -0.00408500
v -0.00221700 -0.04844000 -0.00408500
v -0.00221700 -0.04844000 -0.00408500
v -0.00221700 -0.04844000 -0.00408500
v -0.00220900 -0.04849500 -0.00532300
v -0.00220900 -0.04849500 -0.00532300
v -0.00220900 -0.04849500 -0.00532300
v -0.00220900 -0.04849500 -0.00532300
v -0.00220900 -0.04849500 -0.00532300
v -0.00220900 -0.04849500 -0.00532300
v -0.00224000 -0.04826300 -0.00674800
v -0.00224000 -0.04826300 -0.00674800
v -0.00224000 -0.04826300 -0.00674800
v -0.00224000 -0.04826300 -0.00674800
v -0.00224000 -0.04826300 -0.00674800
v -0.00224000 -0.04826300 -0.00674800
v -0.00221500 -0.04844600 -0.00589400
v -0.00221500 -0.04844600 -0.00589400
v -0.00221500 -0.04844600 -0.00589400
v -0.00221500 -0.04844600 -0.00589400
v -0.00221500 -0.04844600 -0.00589400
v -0.00229500 -0.04784800 -0.00764700
v -0.00229500 -0.04784800 -0.00764700
v -0.00229500 -0.04784800 -0.00764700
v -0.00229500 -0.04784800 -0.00764700
v -0.00229500 -0.04784800 -0.00764700
v -0.00176000 -0.04815800 -0.00741200
v -0.00176000 -0.04815800 -0.00741200
v -0.00176000 -0.04815800 -0.00741200
v -0.00176000 -0.04815800 -0.00741200
v -0.00176000 -0.04815800 -0.00741200
v -0.00176000 -0.04815800 -0.00741200
v -0.00179300 -0.04788700 -0.00781600
v -0.00179300 -0.04788700 -0.00781600
v -0.00179300 -0.04788700 -0.00781600
v -0.00179300 -0.04788700 -0.00781600
v -0.00179300 -0.04788700 -0.00781600
v -0.00179300 -0.04788700 -0.00781600
v -0.00179300 -0.04788700 -0.00781600
v -0.00129600 -0.04705200 -0.00867400
v -0.00129600 -0.04705200 -0.00867400
v -0.00129600 -0.04705200 -0.00867400
v -0.00129600 -0.04705200 -0.00867400
v -0.00129600 -0.04705200 -0.00867400
v -0.00129600 -0.04705200 -0.00867400
v -0.00184000 -0.04751100 -0.00824800
v -0.00184000 -0.04751100 -0.00824800
v -0.00184000 -0.04751100 -0.00824800
v -0.00184000 -0.04751100 -0.00824800
v -0.00184000 -0.04751100 -0.00824800
v -0.00123200 -0.04756100 -0.00826800
v -0.00123200 -0.04756100 -0.00826800
v -0.00123200 -0.04756100 -0.00826800
v -0.00123200 -0.04756100 -0.00826800
v -0.00123200 -0.04756100 -0.00826800
v -0.00123200 -0.04756100 -0.00826800
v 0.00110300 -0.03955300 -0.00970800
v 0.00110300 -0.03955300 -0.00970800
v 0.00110300 -0.03955300 -0.00970800
v 0.00110300 -0.03955300 -0.00970800
v 0.00110300 -0.03955300 -0.00970800
v 0.00110300 -0.03955300 -0.00970800
v 0.00110300 -0.03955300 -0.00970800
v 0.00110300 -0.03955300 -0.00970800
v 0.00079200 -0.04224100 -0.00939600
v 0.00079200 -0.04224100 -0.00939600
v 0.00079200 -0.04224100 -0.00939600
v 0.00079200 -0.04224100 -0.00939600
v 0.00079200 -0.04224100 -0.00939600
v 0.00079200 -0.04224100 -0.00939600
v 0.00006600 -0.04497300 -0.00915800
v 0.00006600 -0.04497300 -0.00915800
v 0.00006600 -0.04497300 -0.00915800
v 0.00006600 -0.04497300 -0.00915800
v 0.00006600 -0.04497300 -0.00915800
v 0.00488700 -0.02806700 -0.00974700
v 0.00488700 -0.02806700 -0.00974700
v 0.00488700 -0.02806700 -0.00974700
v 0.00488700 -0.02806700 -0.00974700
v 0.00488700 -0.02806700 -0.00974700
v 0.00488700 -0.02806700 -0.00974700
v 0.00431400 -0.02685000 -0.01004200
v 0.00431400 -0.02685000 -0.01004200
v 0.00431400 -0.02685000 -0.01004200
v 0.00431400 -0.02685000 -0.01004200
v 0.00431400 -0.02685000 -0.01004200
v 0.00431400 -0.02685000 -0.01004200
v 0.00508500 -0.02703900 -0.00978400
v 0.00508500 -0.02703900 -0.00978400
v 0.00508500 -0.02703900 -0.00978400
v 0.00508500 -0.02703900 -0.00978400
v 0.00508500 -0.02703900 -0.00978400
v 0.00508500 -0.02703900 -0.00978400
v -0.00072500 -0.04702400 -0.00865200
v -0.00072500 -0.04702400 -0.00865200
v -0.00072500 -0.04702400 -0.00865200
v -0.00072500 -0.04702400 -0.00865200
v -0.00072500 -0.04702400 -0.00865200
v -0.00072500 -0.04702400 -0.00865200
v -0.00033400 -0.04695800 -0.00860800
v -0.00033400 -0.04695800 -0.00860800
v -0.00033400 -0.04695800 -0.00860800
v -0.00033400 -0.04695800 -0.00860800
v -0.00033400 -0.04695800 -0.00860800
v -0.00033400 -0.04695800 -0.00860800
v 0.00053000 -0.04612300 -0.00865800
v 0.00053000 -0.04612300 -0.00865800
v 0.00053000 -0.04612300 -0.00865800
v 0.00053000 -0.04612300 -0.00865800
v 0.00094700 -0.04596800 -0.00847000
v 0.00094700 -0.04596800 -0.00847000
v 0.00094700 -0.04596800 -0.00847000
v 0.00094700 -0.04596800 -0.00847000
v 0.00094700 -0.04596800 -0.00847000
v 0.00094700 -0.04596800 -0.00847000
v 0.00094700 -0.04596800 -0.00847000
v 0.00105800 -0.04486800 -0.00872600
v 0.00105800 -0.04486800 -0.00872600
v 0.00105800 -0.04486800 -0.00872600
v 0.00105800 -0.04486800 -0.00872600
v 0.00105800 -0.04486800 -0.00872600
v 0.00059500 -0.04491700 -0.00896400
v 0.00059500 -0.04491700 -0.00896400
v 0.00059500 -0.04491700 -0.00896400
v 0.00059500 -0.04491700 -0.00896400
v 0.00059500 -0.04491700 -0.00896400
v 0.00050000 -0.04672000 -0.00839500
v 0.00050000 -0.04672000 -0.00839500
v 0.00050000 -0.04672000 -0.00839500
v 0.00050000 -0.04672000 -0.00839500
v 0.00050000 -0.04672000 -0.00839500
v 0.00050000 -0.04672000 -0.00839500
v 0.00050000 -0.04672000 -0.00839500
v 0.00549800 -0.02594400 -0.00970500
v 0.00549800 -0.02594400 -0.00970500
v 0.00549800 -0.02594400 -0.00970500
v 0.00549800 -0.02594400 -0.00970500
v 0.00549800 -0.02594400 -0.00970500
v 0.00645700 -0.02441200 -0.00935100
v 0.00645700 -0.02441200 -0.00935100
v 0.00645700 -0.02441200 -0.00935100
v 0.00645700 -0.02441200 -0.00935100
v 0.00645700 -0.02441200 -0.00935100
v 0.00645700 -0.02441200 -0.00935100
v 0.00645700 -0.02441200 -0.00935100
v 0.00645700 -0.02441200 -0.00935100
v 0.00645700 -0.02441200 -0.00935100
v 0.00850900 -0.00547100 -0.00988200
v 0.00850900 -0.00547100 -0.00988200
v 0.00850900 -0.00547100 -0.00988200
v 0.00850900 -0.00547100 -0.00988200
v 0.00850900 -0.00547100 -0.00988200
v 0.00850900 -0.00547100 -0.00988200
v 0.00902600 -0.00545400 -0.00952600
v 0.00902600 -0.00545400 -0.00952600
v 0.00902600 -0.00545400 -0.00952600
v 0.00902600 -0.00545400 -0.00952600
v 0.00902600 -0.00545400 -0.00952600
v 0.00902600 -0.00545400 -0.00952600
v 0.00902600 -0.00545400 -0.00952600
v 0.00946300 -0.00542700 -0.00913100
v 0.00946300 -0.00542700 -0.00913100
v 0.00946300 -0.00542700 -0.00913100
v 0.00946300 -0.00542700 -0.00913100
v 0.00946300 -0.00542700 -0.00913100
v 0.00946300 -0.00542700 -0.00913100
v 0.00980400 -0.00539400 -0.00870600
v 0.00980400 -0.00539400 -0.00870600
v 0.00980400 -0.00539400 -0.00870600
v 0.00980400 -0.00539400 -0.00870600
v 0.00980400 -0.00539400 -0.00870600
v 0.00980400 -0.00539400 -0.00870600
v 0.01005500 -0.00534900 -0.00825800
v 0.01005500 -0.00534900 -0.00825800
v 0.01005500 -0.00534900 -0.00825800
v 0.01005500 -0.00534900 -0.00825800
v 0.01005500 -0.00534900 -0.00825800
v 0.01005500 -0.00534900 -0.00825800
v 0.01005500 -0.00534900 -0.00825800
v 0.01030200 -0.00481900 -0.00777800
v 0.01030200 -0.00481900 -0.00777800
v 0.01030200 -0.00481900 -0.00777800
v 0.01030200 -0.00481900 -0.00777800
v 0.01018800 -0.00606300 -0.00767800
v 0.01018800 -0.00606300 -0.00767800
v 0.01018800 -0.00606300 -0.00767800
v 0.01018800 -0.00606300 -0.00767800
v 0.01018800 -0.00606300 -0.00767800
v 0.00874900 -0.01714500 -0.00778000
v 0.00874900 -0.01714500 -0.00778000
v 0.00874900 -0.01714500 -0.00778000
v 0.00874900 -0.01714500 -0.00778000
v 0.00874900 -0.01714500 -0.00778000
v 0.00874900 -0.01714500 -0.00778000
v 0.00874900 -0.01714500 -0.00778000
v 0.00874900 -0.01714500 -0.00778000
v 0.00874900 -0.01714500 -0.00778000
v 0.01052000 -0.00597400 -0.00623100
v 0.01052000 -0.00597400 -0.00623100
v 0.01052000 -0.00597400 -0.00623100
v 0.01052000 -0.00597400 -0.00623100
v 0.01052000 -0.00597400 -0.00623100
v 0.01052000 -0.00597400 -0.00623100
v 0.01060000 -0.00595200 -0.00477300
v 0.01060000 -0.00595200 -0.00477300
v 0.01060000 -0.00595200 -0.00477300
v 0.01060000 -0.00595200 -0.00477300
v 0.01060000 -0.00595200 -0.00477300
v 0.01054500 -0.00596900 -0.00397100
v 0.01054500 -0.00596900 -0.00397100
v 0.01054500 -0.00596900 -0.00397100
v 0.01054500 -0.00596900 -0.00397100
v 0.01054500 -0.00596900 -0.00397100
v 0.01054500 -0.00596900 -0.00397100
v 0.00899600 -0.00625100 -0.00053600
v 0.00899600 -0.00625100 -0.00053600
v 0.00899600 -0.00625100 -0.00053600
v 0.00899600 -0.00625100 -0.00053600
v 0.00899600 -0.00625100 -0.00053600
v 0.00899600 -0.00625100 -0.00053600
v 0.00899600 -0.00625100 -0.00053600
v 0.00871700 -0.00835200 -0.00055200
v 0.00871700 -0.00835200 -0.00055200
v 0.00871700 -0.00835200 -0.00055200
v 0.00871700 -0.00835200 -0.00055200
v 0.00871700 -0.00835200 -0.00055200
v 0.00871700 -0.00835200 -0.00055200
v 0.00841500 -0.00605700 -0.00011600
v 0.00841500 -0.00605700 -0.00011600
v 0.00841500 -0.00605700 -0.00011600
v 0.00841500 -0.00605700 -0.00011600
v 0.00841500 -0.00605700 -0.00011600
v 0.00652400 -0.02443400 -0.00068800
v 0.00652400 -0.02443400 -0.00068800
v 0.00652400 -0.02443400 -0.00068800
v 0.00652400 -0.02443400 -0.00068800
v 0.00652400 -0.02443400 -0.00068800
v 0.00652400 -0.02443400 -0.00068800
v 0.00612000 -0.02602700 -0.00060900
v 0.00612000 -0.02602700 -0.00060900
v 0.00612000 -0.02602700 -0.00060900
v 0.00612000 -0.02602700 -0.00060900
v 0.00612000 -0.02602700 -0.00060900
v 0.00612000 -0.02602700 -0.00060900
v 0.00561800 -0.02596600 -0.00034700
v 0.00561800 -0.02596600 -0.00034700
v 0.00561800 -0.02596600 -0.00034700
v 0.00561800 -0.02596600 -0.00034700
v 0.00561800 -0.02596600 -0.00034700
v 0.00508300 -0.02703900 -0.00021500
v 0.00508300 -0.02703900 -0.00021500
v 0.00508300 -0.02703900 -0.00021500
v 0.00508300 -0.02703900 -0.00021500
v 0.00508300 -0.02703900 -0.00021500
v 0.00508300 -0.02703900 -0.00021500
v 0.00508300 -0.02703900 -0.00021500
v 0.01041500 -0.00600200 -0.00316600
v 0.01041500 -0.00600200 -0.00316600
v 0.01041500 -0.00600200 -0.00316600
v 0.01041500 -0.00600200 -0.00316600
v 0.01041500 -0.00600200 -0.00316600
v 0.01041500 -0.00600200 -0.00316600
v 0.01009000 -0.00660500 -0.00222200
v 0.01009000 -0.00660500 -0.00222200
v 0.01009000 -0.00660500 -0.00222200
v 0.01009000 -0.00660500 -0.00222200
v 0.01009000 -0.00660500 -0.00222200
v 0.01009000 -0.00660500 -0.00222200
v 0.01030200 -0.00481900 -0.00222200
v 0.01030200 -0.00481900 -0.00222200
v 0.01030200 -0.00481900 -0.00222200
v 0.01030200 -0.00481900 -0.00222200
v 0.01030200 -0.00481900 -0.00222200
v 0.00981000 -0.00651100 -0.00152900
v 0.00981000 -0.00651100 -0.00152900
v 0.00981000 -0.00651100 -0.00152900
v 0.00981000 -0.00651100 -0.00152900
v 0.00981000 -0.00651100 -0.00152900
v 0.00981000 -0.00651100 -0.00152900
v 0.00981000 -0.00651100 -0.00152900
v 0.00981000 -0.00651100 -0.00152900
v 0.00945000 -0.00639500 -0.00098800
v 0.00945000 -0.00639500 -0.00098800
v 0.00945000 -0.00639500 -0.00098800
v 0.00945000 -0.00639500 -0.00098800
v 0.00945000 -0.00639500 -0.00098800
v 0.00945000 -0.00639500 -0.00098800
v 0.00505800 -0.02829400 -0.00036600
v 0.00505800 -0.02829400 -0.00036600
v 0.00505800 -0.02829400 -0.00036600
v 0.00505800 -0.02829400 -0.00036600
v 0.00505800 -0.02829400 -0.00036600
v 0.00505800 -0.02829400 -0.00036600
v 0.00178800 -0.03950900 -0.00062400
v 0.00178800 -0.03950900 -0.00062400
v 0.00178800 -0.03950900 -0.00062400
v 0.00178800 -0.03950900 -0.00062400
v 0.00178800 -0.03950900 -0.00062400
v 0.00138400 -0.04223000 -0.00090300
v 0.00138400 -0.04223000 -0.00090300
v 0.00138400 -0.04223000 -0.00090300
v 0.00138400 -0.04223000 -0.00090300
v 0.00138400 -0.04223000 -0.00090300
v 0.00138400 -0.04223000 -0.00090300
v 0.00138400 -0.04223000 -0.00090300
v 0.00138400 -0.04223000 -0.00090300
v 0.00080400 -0.04489500 -0.00113500
v 0.00080400 -0.04489500 -0.00113500
v 0.00080400 -0.04489500 -0.00113500
v 0.00080400 -0.04489500 -0.00113500
v 0.00080400 -0.04489500 -0.00113500
v 0.00059500 -0.04491700 -0.00103600
v 0.00059500 -0.04491700 -0.00103600
v 0.00059500 -0.04491700 -0.00103600
v 0.00059500 -0.04491700 -0.00103600
v 0.00056800 -0.04550900 -0.00115900
v 0.00056800 -0.04550900 -0.00115900
v 0.00056800 -0.04550900 -0.00115900
v 0.00056800 -0.04550900 -0.00115900
v 0.00056800 -0.04550900 -0.00115900
v 0.00056800 -0.04550900 -0.00115900
v 0.00056800 -0.04550900 -0.00115900
v 0.00056800 -0.04550900 -0.00115900
v -0.00039200 -0.04638800 -0.00109900
v -0.00039200 -0.04638800 -0.00109900
v -0.00039200 -0.04638800 -0.00109900
v -0.00039200 -0.04638800 -0.00109900
v -0.00039200 -0.04638800 -0.00109900
v -0.00039200 -0.04638800 -0.00109900
v -0.00033400 -0.04695800 -0.00139300
v -0.00033400 -0.04695800 -0.00139300
v -0.00033400 -0.04695800 -0.00139300
v -0.00033400 -0.04695800 -0.00139300
v -0.00033400 -0.04695800 -0.00139300
v -0.00072500 -0.04702400 -0.00134800
v -0.00072500 -0.04702400 -0.00134800
v -0.00072500 -0.04702400 -0.00134800
v -0.00072500 -0.04702400 -0.00134800
v -0.00072500 -0.04702400 -0.00134800
v -0.00072500 -0.04702400 -0.00134800
v -0.00072500 -0.04702400 -0.00134800
v -0.00065800 -0.04755000 -0.00173900
v -0.00065800 -0.04755000 -0.00173900
v -0.00065800 -0.04755000 -0.00173900
v -0.00065800 -0.04755000 -0.00173900
v -0.00065800 -0.04755000 -0.00173900
v -0.00065800 -0.04755000 -0.00173900
v -0.00060300 -0.04795900 -0.00216200
v -0.00060300 -0.04795900 -0.00216200
v -0.00060300 -0.04795900 -0.00216200
v -0.00060300 -0.04795900 -0.00216200
v -0.00060300 -0.04795900 -0.00216200
v -0.00060300 -0.04795900 -0.00216200
v -0.00060300 -0.04795900 -0.00216200
v -0.00117800 -0.04795900 -0.00216400
v -0.00117800 -0.04795900 -0.00216400
v -0.00117800 -0.04795900 -0.00216400
v -0.00117800 -0.04795900 -0.00216400
v -0.00117800 -0.04795900 -0.00216400
v -0.00117800 -0.04795900 -0.00216400
v -0.00179300 -0.04788700 -0.00218500
v -0.00179300 -0.04788700 -0.00218500
v -0.00179300 -0.04788700 -0.00218500
v -0.00179300 -0.04788700 -0.00218500
v -0.00179300 -0.04788700 -0.00218500
v -0.00179300 -0.04788700 -0.00218500
v -0.00179300 -0.04788700 -0.00218500
v -0.00176000 -0.04815800 -0.00258800
v -0.00176000 -0.04815800 -0.00258800
v -0.00176000 -0.04815800 -0.00258800
v -0.00176000 -0.04815800 -0.00258800
v -0.00176000 -0.04815800 -0.00258800
v -0.00172000 -0.04841800 -0.00325400
v -0.00172000 -0.04841800 -0.00325400
v -0.00172000 -0.04841800 -0.00325400
v -0.00172000 -0.04841800 -0.00325400
v -0.00172000 -0.04841800 -0.00325400
v -0.00172000 -0.04841800 -0.00325400
v -0.00172000 -0.04841800 -0.00325400
v -0.00224000 -0.04826300 -0.00325100
v -0.00224000 -0.04826300 -0.00325100
v -0.00224000 -0.04826300 -0.00325100
v -0.00224000 -0.04826300 -0.00325100
v -0.00169500 -0.04857300 -0.00409500
v -0.00169500 -0.04857300 -0.00409500
v -0.00169500 -0.04857300 -0.00409500
v -0.00169500 -0.04857300 -0.00409500
v -0.00169500 -0.04857300 -0.00409500
v -0.00169500 -0.04857300 -0.00409500
v -0.00169500 -0.04857300 -0.00409500
v -0.00168700 -0.04862300 -0.00499000
v -0.00168700 -0.04862300 -0.00499000
v -0.00168700 -0.04862300 -0.00499000
v -0.00168700 -0.04862300 -0.00499000
v -0.00168700 -0.04862300 -0.00499000
v -0.00169500 -0.04857300 -0.00588400
v -0.00169500 -0.04857300 -0.00588400
v -0.00169500 -0.04857300 -0.00588400
v -0.00169500 -0.04857300 -0.00588400
v -0.00169500 -0.04857300 -0.00588400
v -0.00169500 -0.04857300 -0.00588400
v -0.00161900 -0.04844000 -0.00674600
v -0.00161900 -0.04844000 -0.00674600
v -0.00161900 -0.04844000 -0.00674600
v -0.00161900 -0.04844000 -0.00674600
v -0.00161900 -0.04844000 -0.00674600
v -0.00161900 -0.04844000 -0.00674600
v -0.00161900 -0.04844000 -0.00674600
v -0.00113900 -0.04824100 -0.00742600
v -0.00113900 -0.04824100 -0.00742600
v -0.00113900 -0.04824100 -0.00742600
v -0.00113900 -0.04824100 -0.00742600
v -0.00113900 -0.04824100 -0.00742600
v -0.00113900 -0.04824100 -0.00742600
v -0.00117800 -0.04795900 -0.00783600
v -0.00117800 -0.04795900 -0.00783600
v -0.00117800 -0.04795900 -0.00783600
v -0.00117800 -0.04795900 -0.00783600
v -0.00117800 -0.04795900 -0.00783600
v -0.00117800 -0.04795900 -0.00783600
v -0.00065800 -0.04755000 -0.00826000
v -0.00065800 -0.04755000 -0.00826000
v -0.00065800 -0.04755000 -0.00826000
v -0.00065800 -0.04755000 -0.00826000
v -0.00065800 -0.04755000 -0.00826000
v -0.00065800 -0.04755000 -0.00826000
v -0.00060300 -0.04795900 -0.00783800
v -0.00060300 -0.04795900 -0.00783800
v -0.00060300 -0.04795900 -0.00783800
v -0.00060300 -0.04795900 -0.00783800
v -0.00060300 -0.04795900 -0.00783800
v -0.00060300 -0.04795900 -0.00783800
v 0.00178300 -0.03948100 -0.00938500
v 0.00178300 -0.03948100 -0.00938500
v 0.00178300 -0.03948100 -0.00938500
v 0.00178300 -0.03948100 -0.00938500
v 0.00530600 -0.02816700 -0.00953100
v 0.00530600 -0.02816700 -0.00953100
v 0.00530600 -0.02816700 -0.00953100
v 0.00530600 -0.02816700 -0.00953100
v 0.00530600 -0.02816700 -0.00953100
v 0.00138100 -0.04218000 -0.00910800
v 0.00138100 -0.04218000 -0.00910800
v 0.00138100 -0.04218000 -0.00910800
v 0.00138100 -0.04218000 -0.00910800
v 0.00138100 -0.04218000 -0.00910800
v 0.00138100 -0.04218000 -0.00910800
v 0.00138100 -0.04218000 -0.00910800
v 0.00138100 -0.04218000 -0.00910800
v 0.00138100 -0.04218000 -0.00910800
v 0.00573100 -0.02717100 -0.00946800
v 0.00573100 -0.02717100 -0.00946800
v 0.00573100 -0.02717100 -0.00946800
v 0.00573100 -0.02717100 -0.00946800
v 0.00573100 -0.02717100 -0.00946800
v 0.00573100 -0.02717100 -0.00946800
v 0.00573100 -0.02717100 -0.00946800
v 0.00573100 -0.02717100 -0.00946800
v 0.00573100 -0.02717100 -0.00946800
v -0.00027600 -0.04750000 -0.00822000
v -0.00027600 -0.04750000 -0.00822000
v -0.00027600 -0.04750000 -0.00822000
v -0.00027600 -0.04750000 -0.00822000
v -0.00027600 -0.04750000 -0.00822000
v -0.00027600 -0.04750000 -0.00822000
v 0.00047000 -0.04725100 -0.00807100
v 0.00047000 -0.04725100 -0.00807100
v 0.00047000 -0.04725100 -0.00807100
v 0.00047000 -0.04725100 -0.00807100
v 0.00047000 -0.04725100 -0.00807100
v 0.00047000 -0.04725100 -0.00807100
v 0.00131100 -0.04578000 -0.00825400
v 0.00131100 -0.04578000 -0.00825400
v 0.00131100 -0.04578000 -0.00825400
v 0.00131100 -0.04578000 -0.00825400
v 0.00131100 -0.04578000 -0.00825400
v 0.00131100 -0.04578000 -0.00825400
v 0.00118500 -0.04485700 -0.00864700
v 0.00118500 -0.04485700 -0.00864700
v 0.00118500 -0.04485700 -0.00864700
v 0.00118500 -0.04485700 -0.00864700
v 0.00118500 -0.04485700 -0.00864700
v 0.00118500 -0.04485700 -0.00864700
v 0.00118500 -0.04485700 -0.00864700
v 0.00118500 -0.04485700 -0.00864700
v 0.00089200 -0.04652100 -0.00823700
v 0.00089200 -0.04652100 -0.00823700
v 0.00089200 -0.04652100 -0.00823700
v 0.00089200 -0.04652100 -0.00823700
v 0.00089200 -0.04652100 -0.00823700
v 0.00084600 -0.04703000 -0.00794400
v 0.00084600 -0.04703000 -0.00794400
v 0.00084600 -0.04703000 -0.00794400
v 0.00084600 -0.04703000 -0.00794400
v 0.00084600 -0.04703000 -0.00794400
v 0.00084600 -0.04703000 -0.00794400
v 0.00084600 -0.04703000 -0.00794400
v 0.00690700 -0.02455600 -0.00900300
v 0.00690700 -0.02455600 -0.00900300
v 0.00690700 -0.02455600 -0.00900300
v 0.00690700 -0.02455600 -0.00900300
v 0.00690700 -0.02455600 -0.00900300
v 0.00690700 -0.02455600 -0.00900300
v 0.00690700 -0.02455600 -0.00900300
v 0.00690700 -0.02455600 -0.00900300
v 0.00690700 -0.02455600 -0.00900300
v 0.00682900 -0.02226600 -0.00931400
v 0.00682900 -0.02226600 -0.00931400
v 0.00682900 -0.02226600 -0.00931400
v 0.00860200 -0.00934800 -0.00942200
v 0.00860200 -0.00934800 -0.00942200
v 0.00860200 -0.00934800 -0.00942200
v 0.00860200 -0.00934800 -0.00942200
v 0.00860200 -0.00934800 -0.00942200
v 0.00860200 -0.00934800 -0.00942200
v 0.00860200 -0.00934800 -0.00942200
v 0.00628300 -0.02603800 -0.00928600
v 0.00628300 -0.02603800 -0.00928600
v 0.00628300 -0.02603800 -0.00928600
v 0.00628300 -0.02603800 -0.00928600
v 0.00628300 -0.02603800 -0.00928600
v 0.00903100 -0.00933100 -0.00904600
v 0.00903100 -0.00933100 -0.00904600
v 0.00903100 -0.00933100 -0.00904600
v 0.00903100 -0.00933100 -0.00904600
v 0.00903100 -0.00933100 -0.00904600
v 0.00903100 -0.00933100 -0.00904600
v 0.00903100 -0.00933100 -0.00904600
v 0.00936200 -0.00929800 -0.00864100
v 0.00936200 -0.00929800 -0.00864100
v 0.00936200 -0.00929800 -0.00864100
v 0.00936200 -0.00929800 -0.00864100
v 0.00936200 -0.00929800 -0.00864100
v 0.00936200 -0.00929800 -0.00864100
v 0.00959900 -0.00925900 -0.00821700
v 0.00959900 -0.00925900 -0.00821700
v 0.00959900 -0.00925900 -0.00821700
v 0.00959900 -0.00925900 -0.00821700
v 0.00959900 -0.00925900 -0.00821700
v 0.00959900 -0.00925900 -0.00821700
v 0.01009000 -0.00660500 -0.00777800
v 0.01009000 -0.00660500 -0.00777800
v 0.01009000 -0.00660500 -0.00777800
v 0.01009000 -0.00660500 -0.00777800
v 0.01009000 -0.00660500 -0.00777800
v 0.00857400 -0.01712300 -0.00821600
v 0.00857400 -0.01712300 -0.00821600
v 0.00857400 -0.01712300 -0.00821600
v 0.00857400 -0.01712300 -0.00821600
v 0.00857400 -0.01712300 -0.00821600
v 0.00857400 -0.01712300 -0.00821600
v 0.00857400 -0.01712300 -0.00821600
v 0.00857400 -0.01712300 -0.00821600
v 0.00850600 -0.01890400 -0.00778000
v 0.00850600 -0.01890400 -0.00778000
v 0.00850600 -0.01890400 -0.00778000
v 0.00850600 -0.01890400 -0.00778000
v 0.00850600 -0.01890400 -0.00778000
v 0.00850600 -0.01890400 -0.00778000
v 0.00853900 -0.01889300 -0.00768000
v 0.00853900 -0.01889300 -0.00768000
v 0.00853900 -0.01889300 -0.00768000
v 0.00853900 -0.01889300 -0.00768000
v 0.00853900 -0.01889300 -0.00768000
v 0.00886800 -0.01881000 -0.00623100
v 0.00886800 -0.01881000 -0.00623100
v 0.00886800 -0.01881000 -0.00623100
v 0.00886800 -0.01881000 -0.00623100
v 0.00886800 -0.01881000 -0.00623100
v 0.00886800 -0.01881000 -0.00623100
v 0.00894800 -0.01878800 -0.00477300
v 0.00894800 -0.01878800 -0.00477300
v 0.00894800 -0.01878800 -0.00477300
v 0.00894800 -0.01878800 -0.00477300
v 0.00889300 -0.01880400 -0.00397100
v 0.00889300 -0.01880400 -0.00397100
v 0.00889300 -0.01880400 -0.00397100
v 0.00889300 -0.01880400 -0.00397100
v 0.00889300 -0.01880400 -0.00397100
v 0.00876500 -0.01883700 -0.00316600
v 0.00876500 -0.01883700 -0.00316600
v 0.00876500 -0.01883700 -0.00316600
v 0.00876500 -0.01883700 -0.00316600
v 0.00876500 -0.01883700 -0.00316600
v 0.00876500 -0.01883700 -0.00316600
v 0.00876500 -0.01883700 -0.00316600
v 0.00878200 -0.01135500 -0.00099200
v 0.00878200 -0.01135500 -0.00099200
v 0.00878200 -0.01135500 -0.00099200
v 0.00878200 -0.01135500 -0.00099200
v 0.00878200 -0.01135500 -0.00099200
v 0.00729600 -0.02248200 -0.00104900
v 0.00729600 -0.02248200 -0.00104900
v 0.00729600 -0.02248200 -0.00104900
v 0.00729600 -0.02248200 -0.00104900
v 0.00729600 -0.02248200 -0.00104900
v 0.00729600 -0.02248200 -0.00104900
v 0.00729600 -0.02248200 -0.00104900
v 0.00689100 -0.02228800 -0.00071200
v 0.00689100 -0.02228800 -0.00071200
v 0.00689100 -0.02228800 -0.00071200
v 0.00689100 -0.02228800 -0.00071200
v 0.00689100 -0.02228800 -0.00071200
v 0.00694200 -0.02456700 -0.00102500
v 0.00694200 -0.02456700 -0.00102500
v 0.00694200 -0.02456700 -0.00102500
v 0.00694200 -0.02456700 -0.00102500
v 0.00694200 -0.02456700 -0.00102500
v 0.00694200 -0.02456700 -0.00102500
v 0.00656500 -0.02605400 -0.00093000
v 0.00656500 -0.02605400 -0.00093000
v 0.00656500 -0.02605400 -0.00093000
v 0.00656500 -0.02605400 -0.00093000
v 0.00656500 -0.02605400 -0.00093000
v 0.00656500 -0.02605400 -0.00093000
v 0.00624400 -0.02726000 -0.00089700
v 0.00624400 -0.02726000 -0.00089700
v 0.00624400 -0.02726000 -0.00089700
v 0.00624400 -0.02726000 -0.00089700
v 0.00624400 -0.02726000 -0.00089700
v 0.00624400 -0.02726000 -0.00089700
v 0.00624400 -0.02726000 -0.00089700
v 0.00624400 -0.02726000 -0.00089700
v 0.00572900 -0.02717100 -0.00053100
v 0.00572900 -0.02717100 -0.00053100
v 0.00572900 -0.02717100 -0.00053100
v 0.00572900 -0.02717100 -0.00053100
v 0.00572900 -0.02717100 -0.00053100
v 0.00572900 -0.02717100 -0.00053100
v 0.00572900 -0.02717100 -0.00053100
v 0.00572900 -0.02717100 -0.00053100
v 0.00874900 -0.01714500 -0.00222000
v 0.00874900 -0.01714500 -0.00222000
v 0.00874900 -0.01714500 -0.00222000
v 0.00874900 -0.01714500 -0.00222000
v 0.00874900 -0.01714500 -0.00222000
v 0.00874900 -0.01714500 -0.00222000
v 0.00874900 -0.01714500 -0.00222000
v 0.00935200 -0.01129400 -0.00180000
v 0.00935200 -0.01129400 -0.00180000
v 0.00935200 -0.01129400 -0.00180000
v 0.00935200 -0.01129400 -0.00180000
v 0.00935200 -0.01129400 -0.00180000
v 0.00911400 -0.01132700 -0.00138800
v 0.00911400 -0.01132700 -0.00138800
v 0.00911400 -0.01132700 -0.00138800
v 0.00911400 -0.01132700 -0.00138800
v 0.00911400 -0.01132700 -0.00138800
v 0.00911400 -0.01132700 -0.00138800
v 0.00911400 -0.01132700 -0.00138800
v 0.00530600 -0.02816700 -0.00046900
v 0.00530600 -0.02816700 -0.00046900
v 0.00530600 -0.02816700 -0.00046900
v 0.00530600 -0.02816700 -0.00046900
v 0.00188200 -0.04217400 -0.00123300
v 0.00188200 -0.04217400 -0.00123300
v 0.00188200 -0.04217400 -0.00123300
v 0.00144500 -0.04482900 -0.00154200
v 0.00144500 -0.04482900 -0.00154200
v 0.00144500 -0.04482900 -0.00154200
v 0.00144500 -0.04482900 -0.00154200
v 0.00144500 -0.04482900 -0.00154200
v 0.00144500 -0.04482900 -0.00154200
v 0.00144500 -0.04482900 -0.00154200
v 0.00144500 -0.04482900 -0.00154200
v 0.00144500 -0.04482900 -0.00154200
v 0.00584100 -0.02828300 -0.00084300
v 0.00584100 -0.02828300 -0.00084300
v 0.00584100 -0.02828300 -0.00084300
v 0.00584100 -0.02828300 -0.00084300
v 0.00584100 -0.02828300 -0.00084300
v 0.00130900 -0.04578600 -0.00174800
v 0.00130900 -0.04578600 -0.00174800
v 0.00130900 -0.04578600 -0.00174800
v 0.00130900 -0.04578600 -0.00174800
v 0.00130900 -0.04578600 -0.00174800
v 0.00130900 -0.04578600 -0.00174800
v 0.00130900 -0.04578600 -0.00174800
v 0.00054000 -0.04612800 -0.00134900
v 0.00054000 -0.04612800 -0.00134900
v 0.00054000 -0.04612800 -0.00134900
v 0.00054000 -0.04612800 -0.00134900
v 0.00054000 -0.04612800 -0.00134900
v 0.00050800 -0.04672600 -0.00161400
v 0.00050800 -0.04672600 -0.00161400
v 0.00050800 -0.04672600 -0.00161400
v 0.00050800 -0.04672600 -0.00161400
v 0.00050800 -0.04672600 -0.00161400
v 0.00050800 -0.04672600 -0.00161400
v 0.00050800 -0.04672600 -0.00161400
v -0.00033400 -0.04696900 -0.00140000
v -0.00033400 -0.04696900 -0.00140000
v -0.00033400 -0.04696900 -0.00140000
v -0.00033400 -0.04696900 -0.00140000
v -0.00033400 -0.04696900 -0.00140000
v -0.00027600 -0.04750000 -0.00178000
v -0.00027600 -0.04750000 -0.00178000
v -0.00027600 -0.04750000 -0.00178000
v -0.00027600 -0.04750000 -0.00178000
v -0.00027600 -0.04750000 -0.00178000
v -0.00027600 -0.04750000 -0.00178000
v -0.00023000 -0.04790900 -0.00217600
v -0.00023000 -0.04790900 -0.00217600
v -0.00023000 -0.04790900 -0.00217600
v -0.00023000 -0.04790900 -0.00217600
v -0.00023000 -0.04790900 -0.00217600
v -0.00023000 -0.04792000 -0.00218900
v -0.00023000 -0.04792000 -0.00218900
v -0.00023000 -0.04792000 -0.00218900
v -0.00023000 -0.04792000 -0.00218900
v -0.00023000 -0.04792000 -0.00218900
v -0.00019600 -0.04820800 -0.00257800
v -0.00019600 -0.04820800 -0.00257800
v -0.00019600 -0.04820800 -0.00257800
v -0.00019600 -0.04820800 -0.00257800
v -0.00019600 -0.04820800 -0.00257800
v -0.00019600 -0.04820800 -0.00257800
v -0.00056400 -0.04824700 -0.00256900
v -0.00056400 -0.04824700 -0.00256900
v -0.00056400 -0.04824700 -0.00256900
v -0.00056400 -0.04824700 -0.00256900
v -0.00056400 -0.04824700 -0.00256900
v -0.00056400 -0.04824700 -0.00256900
v -0.00113900 -0.04824100 -0.00257400
v -0.00113900 -0.04824100 -0.00257400
v -0.00113900 -0.04824100 -0.00257400
v -0.00113900 -0.04824100 -0.00257400
v -0.00113900 -0.04824100 -0.00257400
v -0.00113900 -0.04824100 -0.00257400
v -0.00113900 -0.04824100 -0.00257400
v -0.00122700 -0.04848400 -0.00325500
v -0.00122700 -0.04848400 -0.00325500
v -0.00122700 -0.04848400 -0.00325500
v -0.00122700 -0.04848400 -0.00325500
v -0.00122700 -0.04848400 -0.00325500
v -0.00106900 -0.04863400 -0.00410100
v -0.00106900 -0.04863400 -0.00410100
v -0.00106900 -0.04863400 -0.00410100
v -0.00106900 -0.04863400 -0.00410100
v -0.00106900 -0.04863400 -0.00410100
v -0.00106900 -0.04863400 -0.00410100
v -0.00106900 -0.04863400 -0.00410100
v -0.00106000 -0.04868300 -0.00499000
v -0.00106000 -0.04868300 -0.00499000
v -0.00106000 -0.04868300 -0.00499000
v -0.00106000 -0.04868300 -0.00499000
v -0.00106000 -0.04868300 -0.00499000
v -0.00106000 -0.04868300 -0.00499000
v -0.00106000 -0.04868300 -0.00499000
v -0.00106000 -0.04868300 -0.00499000
v -0.00106900 -0.04863400 -0.00587800
v -0.00106900 -0.04863400 -0.00587800
v -0.00106900 -0.04863400 -0.00587800
v -0.00106900 -0.04863400 -0.00587800
v -0.00106900 -0.04863400 -0.00587800
v -0.00106900 -0.04863400 -0.00587800
v -0.00086400 -0.04850100 -0.00674500
v -0.00086400 -0.04850100 -0.00674500
v -0.00086400 -0.04850100 -0.00674500
v -0.00086400 -0.04850100 -0.00674500
v -0.00086400 -0.04850100 -0.00674500
v -0.00086400 -0.04850100 -0.00674500
v -0.00086400 -0.04850100 -0.00674500
v -0.00056400 -0.04824700 -0.00743100
v -0.00056400 -0.04824700 -0.00743100
v -0.00056400 -0.04824700 -0.00743100
v -0.00056400 -0.04824700 -0.00743100
v -0.00056400 -0.04824700 -0.00743100
v -0.00056400 -0.04824700 -0.00743100
v -0.00023000 -0.04790900 -0.00782300
v -0.00023000 -0.04790900 -0.00782300
v -0.00023000 -0.04790900 -0.00782300
v -0.00023000 -0.04790900 -0.00782300
v -0.00023000 -0.04790900 -0.00782300
v -0.00023000 -0.04790900 -0.00782300
v -0.00019600 -0.04820800 -0.00742200
v -0.00019600 -0.04820800 -0.00742200
v -0.00019600 -0.04820800 -0.00742200
v -0.00019600 -0.04820800 -0.00742200
v -0.00019600 -0.04820800 -0.00742200
v -0.00019600 -0.04820800 -0.00742200
v 0.00188100 -0.04213000 -0.00878000
v 0.00188100 -0.04213000 -0.00878000
v 0.00188100 -0.04213000 -0.00878000
v 0.00584200 -0.02828300 -0.00915600
v 0.00584200 -0.02828300 -0.00915600
v 0.00584200 -0.02828300 -0.00915600
v 0.00584200 -0.02828300 -0.00915600
v 0.00584200 -0.02828300 -0.00915600
v 0.00624400 -0.02726000 -0.00910300
v 0.00624400 -0.02726000 -0.00910300
v 0.00624400 -0.02726000 -0.00910300
v 0.00624400 -0.02726000 -0.00910300
v 0.00624400 -0.02726000 -0.00910300
v 0.00624400 -0.02726000 -0.00910300
v 0.00624400 -0.02726000 -0.00910300
v 0.00045000 -0.04768200 -0.00771600
v 0.00045000 -0.04768200 -0.00771600
v 0.00045000 -0.04768200 -0.00771600
v 0.00045000 -0.04768200 -0.00771600
v 0.00045000 -0.04768200 -0.00771600
v 0.00045000 -0.04768200 -0.00771600
v 0.00081400 -0.04744500 -0.00762100
v 0.00081400 -0.04744500 -0.00762100
v 0.00081400 -0.04744500 -0.00762100
v 0.00081400 -0.04744500 -0.00762100
v 0.00081400 -0.04744500 -0.00762100
v 0.00081400 -0.04744500 -0.00762100
v 0.00161500 -0.04556400 -0.00801700
v 0.00161500 -0.04556400 -0.00801700
v 0.00161500 -0.04556400 -0.00801700
v 0.00161500 -0.04556400 -0.00801700
v 0.00161500 -0.04556400 -0.00801700
v 0.00161500 -0.04556400 -0.00801700
v 0.00144500 -0.04482900 -0.00845700
v 0.00144500 -0.04482900 -0.00845700
v 0.00144500 -0.04482900 -0.00845700
v 0.00144500 -0.04482900 -0.00845700
v 0.00144500 -0.04482900 -0.00845700
v 0.00144500 -0.04482900 -0.00845700
v 0.00124900 -0.04627200 -0.00805400
v 0.00124900 -0.04627200 -0.00805400
v 0.00124900 -0.04627200 -0.00805400
v 0.00124900 -0.04627200 -0.00805400
v 0.00124900 -0.04627200 -0.00805400
v 0.00124900 -0.04627200 -0.00805400
v 0.00117100 -0.04710200 -0.00751100
v 0.00117100 -0.04710200 -0.00751100
v 0.00117100 -0.04710200 -0.00751100
v 0.00117100 -0.04710200 -0.00751100
v 0.00117100 -0.04710200 -0.00751100
v 0.00117100 -0.04710200 -0.00751100
v 0.00117100 -0.04710200 -0.00751100
v 0.00119900 -0.04672600 -0.00779600
v 0.00119900 -0.04672600 -0.00779600
v 0.00119900 -0.04672600 -0.00779600
v 0.00119900 -0.04672600 -0.00779600
v 0.00723500 -0.02467700 -0.00861600
v 0.00723500 -0.02467700 -0.00861600
v 0.00723500 -0.02467700 -0.00861600
v 0.00723500 -0.02467700 -0.00861600
v 0.00723500 -0.02467700 -0.00861600
v 0.00757200 -0.02265900 -0.00858600
v 0.00757200 -0.02265900 -0.00858600
v 0.00757200 -0.02265900 -0.00858600
v 0.00757200 -0.02265900 -0.00858600
v 0.00757200 -0.02265900 -0.00858600
v 0.00757200 -0.02265900 -0.00858600
v 0.00757200 -0.02265900 -0.00858600
v 0.00757200 -0.02265900 -0.00858600
v 0.00725800 -0.02247100 -0.00896800
v 0.00725800 -0.02247100 -0.00896800
v 0.00725800 -0.02247100 -0.00896800
v 0.00725800 -0.02247100 -0.00896800
v 0.00660500 -0.02605400 -0.00903500
v 0.00660500 -0.02605400 -0.00903500
v 0.00660500 -0.02605400 -0.00903500
v 0.00660500 -0.02605400 -0.00903500
v 0.00660500 -0.02605400 -0.00903500
v 0.00697400 -0.02604900 -0.00863500
v 0.00697400 -0.02604900 -0.00863500
v 0.00697400 -0.02604900 -0.00863500
v 0.00697400 -0.02604900 -0.00863500
v 0.00697400 -0.02604900 -0.00863500
v 0.00697400 -0.02604900 -0.00863500
v 0.00886000 -0.01333500 -0.00858800
v 0.00886000 -0.01333500 -0.00858800
v 0.00886000 -0.01333500 -0.00858800
v 0.00886000 -0.01333500 -0.00858800
v 0.00886000 -0.01333500 -0.00858800
v 0.00836600 -0.01709500 -0.00855600
v 0.00836600 -0.01709500 -0.00855600
v 0.00836600 -0.01709500 -0.00855600
v 0.00778000 -0.02282500 -0.00817900
v 0.00778000 -0.02282500 -0.00817900
v 0.00778000 -0.02282500 -0.00817900
v 0.00778000 -0.02282500 -0.00817900
v 0.00778000 -0.02282500 -0.00817900
v 0.00778000 -0.02282500 -0.00817900
v 0.00778000 -0.02282500 -0.00817900
v 0.00785000 -0.02336700 -0.00777900
v 0.00785000 -0.02336700 -0.00777900
v 0.00785000 -0.02336700 -0.00777900
v 0.00785000 -0.02336700 -0.00777900
v 0.00785000 -0.02336700 -0.00777900
v 0.00788300 -0.02336100 -0.00767900
v 0.00788300 -0.02336100 -0.00767900
v 0.00788300 -0.02336100 -0.00767900
v 0.00788300 -0.02336100 -0.00767900
v 0.00788300 -0.02336100 -0.00767900
v 0.00788300 -0.02336100 -0.00767900
v 0.00821500 -0.02328400 -0.00623100
v 0.00821500 -0.02328400 -0.00623100
v 0.00821500 -0.02328400 -0.00623100
v 0.00821500 -0.02328400 -0.00623100
v 0.00821500 -0.02328400 -0.00623100
v 0.00821500 -0.02328400 -0.00623100
v 0.00821500 -0.02328400 -0.00623100
v 0.00821500 -0.02328400 -0.00623100
v 0.00829700 -0.02326100 -0.00477300
v 0.00829700 -0.02326100 -0.00477300
v 0.00829700 -0.02326100 -0.00477300
v 0.00829700 -0.02326100 -0.00477300
v 0.00829700 -0.02326100 -0.00477300
v 0.00829700 -0.02326100 -0.00477300
v 0.00829700 -0.02326100 -0.00477300
v 0.00829700 -0.02326100 -0.00477300
v 0.00824000 -0.02327800 -0.00397100
v 0.00824000 -0.02327800 -0.00397100
v 0.00824000 -0.02327800 -0.00397100
v 0.00824000 -0.02327800 -0.00397100
v 0.00824000 -0.02327800 -0.00397100
v 0.00824000 -0.02327800 -0.00397100
v 0.00824000 -0.02327800 -0.00397100
v 0.00811100 -0.02330600 -0.00316600
v 0.00811100 -0.02330600 -0.00316600
v 0.00811100 -0.02330600 -0.00316600
v 0.00811100 -0.02330600 -0.00316600
v 0.00811100 -0.02330600 -0.00316600
v 0.00791400 -0.02294600 -0.00222100
v 0.00791400 -0.02294600 -0.00222100
v 0.00791400 -0.02294600 -0.00222100
v 0.00791400 -0.02294600 -0.00222100
v 0.00791400 -0.02294600 -0.00222100
v 0.00791400 -0.02294600 -0.00222100
v 0.00791400 -0.02294600 -0.00222100
v 0.00758700 -0.02265900 -0.00142000
v 0.00758700 -0.02265900 -0.00142000
v 0.00758700 -0.02265900 -0.00142000
v 0.00758700 -0.02265900 -0.00142000
v 0.00758700 -0.02265900 -0.00142000
v 0.00758700 -0.02265900 -0.00142000
v 0.00758700 -0.02265900 -0.00142000
v 0.00758700 -0.02265900 -0.00142000
v 0.00724600 -0.02467700 -0.00139300
v 0.00724600 -0.02467700 -0.00139300
v 0.00724600 -0.02467700 -0.00139300
v 0.00724600 -0.02467700 -0.00139300
v 0.00724600 -0.02467700 -0.00139300
v 0.00724600 -0.02467700 -0.00139300
v 0.00696400 -0.02604900 -0.00135300
v 0.00696400 -0.02604900 -0.00135300
v 0.00696400 -0.02604900 -0.00135300
v 0.00696400 -0.02604900 -0.00135300
v 0.00696400 -0.02604900 -0.00135300
v 0.00662800 -0.02730900 -0.00130300
v 0.00662800 -0.02730900 -0.00130300
v 0.00662800 -0.02730900 -0.00130300
v 0.00662800 -0.02730900 -0.00130300
v 0.00662800 -0.02730900 -0.00130300
v 0.00662800 -0.02730900 -0.00130300
v 0.00662800 -0.02730900 -0.00130300
v 0.00170500 -0.04480100 -0.00178200
v 0.00170500 -0.04480100 -0.00178200
v 0.00170500 -0.04480100 -0.00178200
v 0.00170500 -0.04480100 -0.00178200
v 0.00170500 -0.04480100 -0.00178200
v 0.00170500 -0.04480100 -0.00178200
v 0.00170500 -0.04480100 -0.00178200
v 0.00145400 -0.04482300 -0.00154900
v 0.00145400 -0.04482300 -0.00154900
v 0.00145400 -0.04482300 -0.00154900
v 0.00859900 -0.01712300 -0.00183400
v 0.00859900 -0.01712300 -0.00183400
v 0.00859900 -0.01712300 -0.00183400
v 0.00859900 -0.01712300 -0.00183400
v 0.00859900 -0.01712300 -0.00183400
v 0.00859900 -0.01712300 -0.00183400
v 0.00778100 -0.02282500 -0.00181700
v 0.00778100 -0.02282500 -0.00181700
v 0.00778100 -0.02282500 -0.00181700
v 0.00778100 -0.02282500 -0.00181700
v 0.00778100 -0.02282500 -0.00181700
v 0.00836800 -0.01709500 -0.00144800
v 0.00836800 -0.01709500 -0.00144800
v 0.00836800 -0.01709500 -0.00144800
v 0.00161200 -0.04557500 -0.00198200
v 0.00161200 -0.04557500 -0.00198200
v 0.00161200 -0.04557500 -0.00198200
v 0.00161200 -0.04557500 -0.00198200
v 0.00161200 -0.04557500 -0.00198200
v 0.00161200 -0.04557500 -0.00198200
v 0.00124800 -0.04628300 -0.00195000
v 0.00124800 -0.04628300 -0.00195000
v 0.00124800 -0.04628300 -0.00195000
v 0.00124800 -0.04628300 -0.00195000
v 0.00124800 -0.04628300 -0.00195000
v 0.00124800 -0.04628300 -0.00195000
v 0.00089500 -0.04653200 -0.00177000
v 0.00089500 -0.04653200 -0.00177000
v 0.00089500 -0.04653200 -0.00177000
v 0.00089500 -0.04653200 -0.00177000
v 0.00089500 -0.04653200 -0.00177000
v 0.00084900 -0.04703500 -0.00206400
v 0.00084900 -0.04703500 -0.00206400
v 0.00084900 -0.04703500 -0.00206400
v 0.00084900 -0.04703500 -0.00206400
v 0.00084900 -0.04703500 -0.00206400
v 0.00084900 -0.04703500 -0.00206400
v 0.00084900 -0.04703500 -0.00206400
v 0.00047800 -0.04725700 -0.00194000
v 0.00047800 -0.04725700 -0.00194000
v 0.00047800 -0.04725700 -0.00194000
v 0.00047800 -0.04725700 -0.00194000
v 0.00047800 -0.04725700 -0.00194000
v 0.00047800 -0.04725700 -0.00194000
v 0.00045800 -0.04769400 -0.00229700
v 0.00045800 -0.04769400 -0.00229700
v 0.00045800 -0.04769400 -0.00229700
v 0.00045800 -0.04769400 -0.00229700
v 0.00045800 -0.04769400 -0.00229700
v 0.00045800 -0.04769400 -0.00229700
v 0.00045800 -0.04769400 -0.00229700
v 0.00045200 -0.04799200 -0.00264800
v 0.00045200 -0.04799200 -0.00264800
v 0.00045200 -0.04799200 -0.00264800
v 0.00045200 -0.04799200 -0.00264800
v 0.00045200 -0.04799200 -0.00264800
v 0.00045200 -0.04799200 -0.00264800
v 0.00046000 -0.04815800 -0.00297100
v 0.00046000 -0.04815800 -0.00297100
v 0.00046000 -0.04815800 -0.00297100
v 0.00046000 -0.04815800 -0.00297100
v 0.00046000 -0.04815800 -0.00297100
v 0.00046000 -0.04815800 -0.00297100
v 0.00046000 -0.04815800 -0.00297100
v -0.00017600 -0.04838500 -0.00294500
v -0.00017600 -0.04838500 -0.00294500
v -0.00017600 -0.04838500 -0.00294500
v -0.00017600 -0.04838500 -0.00294500
v -0.00017600 -0.04838500 -0.00294500
v -0.00017600 -0.04838500 -0.00294500
v -0.00017600 -0.04838500 -0.00294500
v -0.00109000 -0.04849500 -0.00325500
v -0.00109000 -0.04849500 -0.00325500
v -0.00109000 -0.04849500 -0.00325500
v -0.00109000 -0.04849500 -0.00325500
v -0.00109000 -0.04849500 -0.00325500
v -0.00109000 -0.04849500 -0.00325500
v -0.00015000 -0.04860000 -0.00411200
v -0.00015000 -0.04860000 -0.00411200
v -0.00015000 -0.04860000 -0.00411200
v -0.00015000 -0.04860000 -0.00411200
v -0.00015000 -0.04860000 -0.00411200
v -0.00015000 -0.04860000 -0.00411200
v -0.00022500 -0.04847900 -0.00325500
v -0.00022500 -0.04847900 -0.00325500
v -0.00022500 -0.04847900 -0.00325500
v -0.00022500 -0.04847900 -0.00325500
v -0.00022500 -0.04847900 -0.00325500
v -0.00016000 -0.04852300 -0.00353500
v -0.00016000 -0.04852300 -0.00353500
v -0.00016000 -0.04852300 -0.00353500
v -0.00016000 -0.04852300 -0.00353500
v -0.00016000 -0.04852300 -0.00353500
v -0.00016000 -0.04852300 -0.00353500
v -0.00014500 -0.04865000 -0.00500000
v -0.00014500 -0.04865000 -0.00500000
v -0.00014500 -0.04865000 -0.00500000
v -0.00014500 -0.04865000 -0.00500000
v -0.00014500 -0.04865000 -0.00500000
v -0.00015000 -0.04860600 -0.00586700
v -0.00015000 -0.04860600 -0.00586700
v -0.00015000 -0.04860600 -0.00586700
v -0.00015000 -0.04860600 -0.00586700
v -0.00015000 -0.04860600 -0.00586700
v -0.00015000 -0.04860600 -0.00586700
v -0.00015000 -0.04860000 -0.00593100
v -0.00015000 -0.04860000 -0.00593100
v -0.00015000 -0.04860000 -0.00593100
v -0.00015000 -0.04860000 -0.00593100
v -0.00015000 -0.04860000 -0.00593100
v -0.00015000 -0.04860000 -0.00593100
v -0.00016600 -0.04846800 -0.00674500
v -0.00016600 -0.04846800 -0.00674500
v -0.00016600 -0.04846800 -0.00674500
v -0.00016600 -0.04846800 -0.00674500
v -0.00017600 -0.04837900 -0.00706900
v -0.00017600 -0.04837900 -0.00706900
v -0.00017600 -0.04837900 -0.00706900
v -0.00017600 -0.04837900 -0.00706900
v -0.00017600 -0.04837900 -0.00706900
v -0.00017600 -0.04837900 -0.00706900
v 0.00044300 -0.04798700 -0.00736500
v 0.00044300 -0.04798700 -0.00736500
v 0.00044300 -0.04798700 -0.00736500
v 0.00044300 -0.04798700 -0.00736500
v 0.00044300 -0.04798700 -0.00736500
v 0.00044300 -0.04798700 -0.00736500
v 0.00045200 -0.04815800 -0.00704300
v 0.00045200 -0.04815800 -0.00704300
v 0.00045200 -0.04815800 -0.00704300
v 0.00045200 -0.04815800 -0.00704300
v 0.00045200 -0.04815800 -0.00704300
v 0.00045200 -0.04815800 -0.00704300
v 0.00045200 -0.04815800 -0.00704300
v 0.00662800 -0.02730400 -0.00869500
v 0.00662800 -0.02730400 -0.00869500
v 0.00662800 -0.02730400 -0.00869500
v 0.00662800 -0.02730400 -0.00869500
v 0.00662800 -0.02730400 -0.00869500
v 0.00662800 -0.02730400 -0.00869500
v 0.00080400 -0.04773200 -0.00730400
v 0.00080400 -0.04773200 -0.00730400
v 0.00080400 -0.04773200 -0.00730400
v 0.00080400 -0.04773200 -0.00730400
v 0.00080400 -0.04773200 -0.00730400
v 0.00080400 -0.04773200 -0.00730400
v 0.00116600 -0.04735600 -0.00722900
v 0.00116600 -0.04735600 -0.00722900
v 0.00116600 -0.04735600 -0.00722900
v 0.00116600 -0.04735600 -0.00722900
v 0.00116600 -0.04735600 -0.00722900
v 0.00186100 -0.04533800 -0.00776100
v 0.00186100 -0.04533800 -0.00776100
v 0.00186100 -0.04533800 -0.00776100
v 0.00186100 -0.04533800 -0.00776100
v 0.00186100 -0.04533800 -0.00776100
v 0.00186100 -0.04533800 -0.00776100
v 0.00186100 -0.04533800 -0.00776100
v 0.00189900 -0.04477900 -0.00797600
v 0.00189900 -0.04477900 -0.00797600
v 0.00189900 -0.04477900 -0.00797600
v 0.00189900 -0.04477900 -0.00797600
v 0.00189900 -0.04477900 -0.00797600
v 0.00189900 -0.04477900 -0.00797600
v 0.00152000 -0.04635500 -0.00763400
v 0.00152000 -0.04635500 -0.00763400
v 0.00152000 -0.04635500 -0.00763400
v 0.00152000 -0.04635500 -0.00763400
v 0.00152000 -0.04635500 -0.00763400
v 0.00152000 -0.04635500 -0.00763400
v 0.00152000 -0.04635500 -0.00763400
v 0.00152000 -0.04635500 -0.00763400
v 0.00150400 -0.04688100 -0.00714900
v 0.00150400 -0.04688100 -0.00714900
v 0.00150400 -0.04688100 -0.00714900
v 0.00150400 -0.04688100 -0.00714900
v 0.00150400 -0.04688100 -0.00714900
v 0.00150400 -0.04688100 -0.00714900
v 0.00150400 -0.04688100 -0.00714900
v 0.00150400 -0.04688100 -0.00714900
v 0.00150200 -0.04666500 -0.00738900
v 0.00150200 -0.04666500 -0.00738900
v 0.00150200 -0.04666500 -0.00738900
v 0.00150200 -0.04666500 -0.00738900
v 0.00722000 -0.02602100 -0.00822500
v 0.00722000 -0.02602100 -0.00822500
v 0.00722000 -0.02602100 -0.00822500
v 0.00722000 -0.02602100 -0.00822500
v 0.00722000 -0.02602100 -0.00822500
v 0.00722000 -0.02602100 -0.00822500
v 0.00722000 -0.02602100 -0.00822500
v 0.00690100 -0.02733200 -0.00824900
v 0.00690100 -0.02733200 -0.00824900
v 0.00690100 -0.02733200 -0.00824900
v 0.00690100 -0.02733200 -0.00824900
v 0.00690100 -0.02733200 -0.00824900
v 0.00690100 -0.02733200 -0.00824900
v 0.00690100 -0.02733200 -0.00824900
v 0.00690100 -0.02733200 -0.00824900
v 0.00690100 -0.02733200 -0.00824900
v 0.00742800 -0.02586600 -0.00777800
v 0.00742800 -0.02586600 -0.00777800
v 0.00742800 -0.02586600 -0.00777800
v 0.00742800 -0.02586600 -0.00777800
v 0.00742800 -0.02586600 -0.00777800
v 0.00746200 -0.02586100 -0.00767800
v 0.00746200 -0.02586100 -0.00767800
v 0.00746200 -0.02586100 -0.00767800
v 0.00746200 -0.02586100 -0.00767800
v 0.00746200 -0.02586100 -0.00767800
v 0.00760000 -0.02595500 -0.00712900
v 0.00760000 -0.02595500 -0.00712900
v 0.00760000 -0.02595500 -0.00712900
v 0.00760000 -0.02595500 -0.00712900
v 0.00760000 -0.02595500 -0.00712900
v 0.00760000 -0.02595500 -0.00712900
v 0.00760000 -0.02595500 -0.00712900
v 0.00775000 -0.02592700 -0.00640400
v 0.00775000 -0.02592700 -0.00640400
v 0.00775000 -0.02592700 -0.00640400
v 0.00775000 -0.02592700 -0.00640400
v 0.00775000 -0.02592700 -0.00640400
v 0.00780000 -0.02580000 -0.00623100
v 0.00780000 -0.02580000 -0.00623100
v 0.00780000 -0.02580000 -0.00623100
v 0.00780000 -0.02580000 -0.00623100
v 0.00784600 -0.02591000 -0.00552800
v 0.00784600 -0.02591000 -0.00552800
v 0.00784600 -0.02591000 -0.00552800
v 0.00784600 -0.02591000 -0.00552800
v 0.00784600 -0.02591000 -0.00552800
v 0.00784600 -0.02591000 -0.00552800
v 0.00784600 -0.02591000 -0.00552800
v 0.00786300 -0.02590500 -0.00500000
v 0.00786300 -0.02590500 -0.00500000
v 0.00786300 -0.02590500 -0.00500000
v 0.00786300 -0.02590500 -0.00500000
v 0.00786300 -0.02590500 -0.00500000
v 0.00788300 -0.02578300 -0.00477300
v 0.00788300 -0.02578300 -0.00477300
v 0.00788300 -0.02578300 -0.00477300
v 0.00788300 -0.02578300 -0.00477300
v 0.00788300 -0.02578300 -0.00477300
v 0.00782600 -0.02579400 -0.00397100
v 0.00782600 -0.02579400 -0.00397100
v 0.00782600 -0.02579400 -0.00397100
v 0.00782600 -0.02579400 -0.00397100
v 0.00782600 -0.02579400 -0.00397100
v 0.00775000 -0.02592700 -0.00359600
v 0.00775000 -0.02592700 -0.00359600
v 0.00775000 -0.02592700 -0.00359600
v 0.00775000 -0.02592700 -0.00359600
v 0.00775000 -0.02592700 -0.00359600
v 0.00775000 -0.02592700 -0.00359600
v 0.00775000 -0.02592700 -0.00359600
v 0.00769300 -0.02581600 -0.00316600
v 0.00769300 -0.02581600 -0.00316600
v 0.00769300 -0.02581600 -0.00316600
v 0.00769300 -0.02581600 -0.00316600
v 0.00769300 -0.02581600 -0.00316600
v 0.00742800 -0.02586600 -0.00222200
v 0.00742800 -0.02586600 -0.00222200
v 0.00742800 -0.02586600 -0.00222200
v 0.00742800 -0.02586600 -0.00222200
v 0.00745700 -0.02477700 -0.00179600
v 0.00745700 -0.02477700 -0.00179600
v 0.00745700 -0.02477700 -0.00179600
v 0.00745700 -0.02477700 -0.00179600
v 0.00745700 -0.02477700 -0.00179600
v 0.00745700 -0.02477700 -0.00179600
v 0.00745700 -0.02477700 -0.00179600
v 0.00716200 -0.02603200 -0.00165900
v 0.00716200 -0.02603200 -0.00165900
v 0.00716200 -0.02603200 -0.00165900
v 0.00716200 -0.02603200 -0.00165900
v 0.00716200 -0.02603200 -0.00165900
v 0.00716200 -0.02603200 -0.00165900
v 0.00690100 -0.02733200 -0.00175000
v 0.00690100 -0.02733200 -0.00175000
v 0.00690100 -0.02733200 -0.00175000
v 0.00690100 -0.02733200 -0.00175000
v 0.00690100 -0.02733200 -0.00175000
v 0.00690100 -0.02733200 -0.00175000
v 0.00690100 -0.02733200 -0.00175000
v 0.00197500 -0.04476800 -0.00214200
v 0.00197500 -0.04476800 -0.00214200
v 0.00197500 -0.04476800 -0.00214200
v 0.00197500 -0.04476800 -0.00214200
v 0.00197500 -0.04476800 -0.00214200
v 0.00185400 -0.04534900 -0.00223400
v 0.00185400 -0.04534900 -0.00223400
v 0.00185400 -0.04534900 -0.00223400
v 0.00185400 -0.04534900 -0.00223400
v 0.00185400 -0.04534900 -0.00223400
v 0.00185400 -0.04534900 -0.00223400
v 0.00151700 -0.04636600 -0.00237000
v 0.00151700 -0.04636600 -0.00237000
v 0.00151700 -0.04636600 -0.00237000
v 0.00151700 -0.04636600 -0.00237000
v 0.00151700 -0.04636600 -0.00237000
v 0.00151700 -0.04636600 -0.00237000
v 0.00151700 -0.04636600 -0.00237000
v 0.00151700 -0.04636600 -0.00237000
v 0.00119900 -0.04673700 -0.00221000
v 0.00119900 -0.04673700 -0.00221000
v 0.00119900 -0.04673700 -0.00221000
v 0.00119900 -0.04673700 -0.00221000
v 0.00117100 -0.04710700 -0.00249800
v 0.00117100 -0.04710700 -0.00249800
v 0.00117100 -0.04710700 -0.00249800
v 0.00117100 -0.04710700 -0.00249800
v 0.00117100 -0.04710700 -0.00249800
v 0.00117100 -0.04710700 -0.00249800
v 0.00117100 -0.04710700 -0.00249800
v 0.00081700 -0.04745000 -0.00238900
v 0.00081700 -0.04745000 -0.00238900
v 0.00081700 -0.04745000 -0.00238900
v 0.00081700 -0.04745000 -0.00238900
v 0.00081700 -0.04745000 -0.00238900
v 0.00081700 -0.04745000 -0.00238900
v 0.00080900 -0.04773800 -0.00270800
v 0.00080900 -0.04773800 -0.00270800
v 0.00080900 -0.04773800 -0.00270800
v 0.00080900 -0.04773800 -0.00270800
v 0.00080900 -0.04773800 -0.00270800
v 0.00080900 -0.04773800 -0.00270800
v 0.00082200 -0.04788700 -0.00300000
v 0.00082200 -0.04788700 -0.00300000
v 0.00082200 -0.04788700 -0.00300000
v 0.00082200 -0.04788700 -0.00300000
v 0.00082200 -0.04788700 -0.00300000
v 0.00082200 -0.04788700 -0.00300000
v 0.00051500 -0.04820800 -0.00325500
v 0.00051500 -0.04820800 -0.00325500
v 0.00051500 -0.04820800 -0.00325500
v 0.00051500 -0.04820800 -0.00325500
v 0.00051500 -0.04820800 -0.00325500
v 0.00051500 -0.04820800 -0.00325500
v 0.00048000 -0.04823000 -0.00325500
v 0.00048000 -0.04823000 -0.00325500
v 0.00048000 -0.04823000 -0.00325500
v 0.00048000 -0.04823000 -0.00325500
v 0.00037900 -0.04829100 -0.00325500
v 0.00037900 -0.04829100 -0.00325500
v 0.00037900 -0.04829100 -0.00325500
v 0.00037900 -0.04829100 -0.00325500
v 0.00037900 -0.04829100 -0.00325500
v 0.00037900 -0.04829100 -0.00325500
v -0.00016600 -0.04846800 -0.00325500
v -0.00016600 -0.04846800 -0.00325500
v -0.00016600 -0.04846800 -0.00325500
v -0.00016600 -0.04846800 -0.00325500
v 0.00039400 -0.04834100 -0.00353500
v 0.00039400 -0.04834100 -0.00353500
v 0.00039400 -0.04834100 -0.00353500
v 0.00039400 -0.04834100 -0.00353500
v 0.00039400 -0.04834100 -0.00353500
v 0.00039400 -0.04834100 -0.00353500
v 0.00042200 -0.04843500 -0.00432600
v 0.00042200 -0.04843500 -0.00432600
v 0.00042200 -0.04843500 -0.00432600
v 0.00042200 -0.04843500 -0.00432600
v 0.00042200 -0.04843500 -0.00432600
v 0.00042200 -0.04843500 -0.00432600
v 0.00042200 -0.04843500 -0.00432600
v 0.00042200 -0.04843500 -0.00432600
v 0.00042800 -0.04845700 -0.00511700
v 0.00042800 -0.04845700 -0.00511700
v 0.00042800 -0.04845700 -0.00511700
v 0.00042800 -0.04845700 -0.00511700
v 0.00042800 -0.04845700 -0.00511700
v 0.00042800 -0.04845700 -0.00511700
v 0.00041500 -0.04840700 -0.00593100
v 0.00041500 -0.04840700 -0.00593100
v 0.00041500 -0.04840700 -0.00593100
v 0.00041500 -0.04840700 -0.00593100
v 0.00041500 -0.04840700 -0.00593100
v 0.00041500 -0.04840700 -0.00593100
v 0.00041500 -0.04840700 -0.00593100
v 0.00035500 -0.04830200 -0.00674600
v 0.00035500 -0.04830200 -0.00674600
v 0.00035500 -0.04830200 -0.00674600
v 0.00035500 -0.04830200 -0.00674600
v 0.00035500 -0.04830200 -0.00674600
v 0.00035500 -0.04830200 -0.00674600
v 0.00081700 -0.04788700 -0.00701200
v 0.00081700 -0.04788700 -0.00701200
v 0.00081700 -0.04788700 -0.00701200
v 0.00081700 -0.04788700 -0.00701200
v 0.00081700 -0.04788700 -0.00701200
v 0.00081700 -0.04788700 -0.00701200
v 0.00081700 -0.04788700 -0.00701200
v 0.00037900 -0.04829100 -0.00674600
v 0.00037900 -0.04829100 -0.00674600
v 0.00037900 -0.04829100 -0.00674600
v 0.00037900 -0.04829100 -0.00674600
v 0.00047200 -0.04823500 -0.00674600
v 0.00047200 -0.04823500 -0.00674600
v 0.00047200 -0.04823500 -0.00674600
v 0.00047200 -0.04823500 -0.00674600
v 0.00047200 -0.04823500 -0.00674600
v 0.00047200 -0.04823500 -0.00674600
v 0.00118500 -0.04748900 -0.00697400
v 0.00118500 -0.04748900 -0.00697400
v 0.00118500 -0.04748900 -0.00697400
v 0.00118500 -0.04748900 -0.00697400
v 0.00118500 -0.04748900 -0.00697400
v 0.00118500 -0.04748900 -0.00697400
v 0.00212000 -0.04475100 -0.00755700
v 0.00212000 -0.04475100 -0.00755700
v 0.00212000 -0.04475100 -0.00755700
v 0.00212000 -0.04475100 -0.00755700
v 0.00212000 -0.04475100 -0.00755700
v 0.00212000 -0.04475100 -0.00755700
v 0.00197200 -0.04476800 -0.00786300
v 0.00197200 -0.04476800 -0.00786300
v 0.00197200 -0.04476800 -0.00786300
v 0.00179300 -0.04592900 -0.00746000
v 0.00179300 -0.04592900 -0.00746000
v 0.00179300 -0.04592900 -0.00746000
v 0.00179300 -0.04592900 -0.00746000
v 0.00179300 -0.04592900 -0.00746000
v 0.00178400 -0.04616700 -0.00726400
v 0.00178400 -0.04616700 -0.00726400
v 0.00178400 -0.04616700 -0.00726400
v 0.00178400 -0.04616700 -0.00726400
v 0.00178400 -0.04616700 -0.00726400
v 0.00178400 -0.04616700 -0.00726400
v 0.00178400 -0.04616700 -0.00726400
v 0.00177100 -0.04658200 -0.00674600
v 0.00177100 -0.04658200 -0.00674600
v 0.00177100 -0.04658200 -0.00674600
v 0.00177100 -0.04658200 -0.00674600
v 0.00177100 -0.04658200 -0.00674600
v 0.00177100 -0.04658200 -0.00674600
v 0.00179300 -0.04632200 -0.00707000
v 0.00179300 -0.04632200 -0.00707000
v 0.00179300 -0.04632200 -0.00707000
v 0.00179300 -0.04632200 -0.00707000
v 0.00179300 -0.04632200 -0.00707000
v 0.00179300 -0.04632200 -0.00707000
v 0.00121400 -0.04753300 -0.00674600
v 0.00121400 -0.04753300 -0.00674600
v 0.00121400 -0.04753300 -0.00674600
v 0.00121400 -0.04753300 -0.00674600
v 0.00121400 -0.04753300 -0.00674600
v 0.00121400 -0.04753300 -0.00674600
v 0.00740400 -0.02599300 -0.00777800
v 0.00740400 -0.02599300 -0.00777800
v 0.00740400 -0.02599300 -0.00777800
v 0.00740400 -0.02599300 -0.00777800
v 0.00740400 -0.02599300 -0.00777800
v 0.00709200 -0.02734300 -0.00777500
v 0.00709200 -0.02734300 -0.00777500
v 0.00709200 -0.02734300 -0.00777500
v 0.00709200 -0.02734300 -0.00777500
v 0.00709200 -0.02734300 -0.00777500
v 0.00709200 -0.02734300 -0.00777500
v 0.00705900 -0.02745900 -0.00777500
v 0.00705900 -0.02745900 -0.00777500
v 0.00705900 -0.02745900 -0.00777500
v 0.00705900 -0.02745900 -0.00777500
v 0.00705900 -0.02745900 -0.00777500
v 0.00705900 -0.02745900 -0.00777500
v 0.00705900 -0.02745900 -0.00777500
v 0.00705900 -0.02745900 -0.00777500
v 0.00741300 -0.02742600 -0.00640200
v 0.00741300 -0.02742600 -0.00640200
v 0.00741300 -0.02742600 -0.00640200
v 0.00741300 -0.02742600 -0.00640200
v 0.00741300 -0.02742600 -0.00640200
v 0.00741300 -0.02742600 -0.00640200
v 0.00741300 -0.02742600 -0.00640200
v 0.00741300 -0.02742600 -0.00640200
v 0.00741300 -0.02742600 -0.00640200
v 0.00741300 -0.02742600 -0.00640200
v 0.00741300 -0.02742600 -0.00640200
v 0.00777700 -0.02592100 -0.00623100
v 0.00777700 -0.02592100 -0.00623100
v 0.00777700 -0.02592100 -0.00623100
v 0.00777700 -0.02592100 -0.00623100
v 0.00752700 -0.02741500 -0.00500000
v 0.00752700 -0.02741500 -0.00500000
v 0.00752700 -0.02741500 -0.00500000
v 0.00752700 -0.02741500 -0.00500000
v 0.00752700 -0.02741500 -0.00500000
v 0.00752700 -0.02741500 -0.00500000
v 0.00752700 -0.02741500 -0.00500000
v 0.00752700 -0.02741500 -0.00500000
v 0.00752700 -0.02741500 -0.00500000
v 0.00752700 -0.02741500 -0.00500000
v 0.00786000 -0.02591000 -0.00477300
v 0.00786000 -0.02591000 -0.00477300
v 0.00786000 -0.02591000 -0.00477300
v 0.00786000 -0.02591000 -0.00477300
v 0.00786000 -0.02591000 -0.00477300
v 0.00779000 -0.02592100 -0.00386300
v 0.00779000 -0.02592100 -0.00386300
v 0.00779000 -0.02592100 -0.00386300
v 0.00779000 -0.02592100 -0.00386300
v 0.00779000 -0.02592100 -0.00386300
v 0.00741300 -0.02742600 -0.00359700
v 0.00741300 -0.02742600 -0.00359700
v 0.00741300 -0.02742600 -0.00359700
v 0.00741300 -0.02742600 -0.00359700
v 0.00741300 -0.02742600 -0.00359700
v 0.00741300 -0.02742600 -0.00359700
v 0.00741300 -0.02742600 -0.00359700
v 0.00741300 -0.02742600 -0.00359700
v 0.00741300 -0.02742600 -0.00359700
v 0.00741300 -0.02742600 -0.00359700
v 0.00767000 -0.02594400 -0.00316600
v 0.00767000 -0.02594400 -0.00316600
v 0.00767000 -0.02594400 -0.00316600
v 0.00767000 -0.02594400 -0.00316600
v 0.00767000 -0.02594400 -0.00316600
v 0.00740400 -0.02599300 -0.00222200
v 0.00740400 -0.02599300 -0.00222200
v 0.00740400 -0.02599300 -0.00222200
v 0.00740400 -0.02599300 -0.00222200
v 0.00740400 -0.02599300 -0.00222200
v 0.00740400 -0.02599300 -0.00222200
v 0.00705900 -0.02745900 -0.00222500
v 0.00705900 -0.02745900 -0.00222500
v 0.00705900 -0.02745900 -0.00222500
v 0.00705900 -0.02745900 -0.00222500
v 0.00705900 -0.02745900 -0.00222500
v 0.00705900 -0.02745900 -0.00222500
v 0.00705900 -0.02745900 -0.00222500
v 0.00214800 -0.04475100 -0.00251400
v 0.00214800 -0.04475100 -0.00251400
v 0.00214800 -0.04475100 -0.00251400
v 0.00214800 -0.04475100 -0.00251400
v 0.00214800 -0.04475100 -0.00251400
v 0.00178600 -0.04594600 -0.00254000
v 0.00178600 -0.04594600 -0.00254000
v 0.00178600 -0.04594600 -0.00254000
v 0.00178600 -0.04594600 -0.00254000
v 0.00178600 -0.04594600 -0.00254000
v 0.00149700 -0.04667600 -0.00261700
v 0.00149700 -0.04667600 -0.00261700
v 0.00149700 -0.04667600 -0.00261700
v 0.00149700 -0.04667600 -0.00261700
v 0.00177800 -0.04618400 -0.00273900
v 0.00177800 -0.04618400 -0.00273900
v 0.00177800 -0.04618400 -0.00273900
v 0.00177800 -0.04618400 -0.00273900
v 0.00177800 -0.04618400 -0.00273900
v 0.00177800 -0.04618400 -0.00273900
v 0.00116600 -0.04736200 -0.00278100
v 0.00116600 -0.04736200 -0.00278100
v 0.00116600 -0.04736200 -0.00278100
v 0.00116600 -0.04736200 -0.00278100
v 0.00116600 -0.04736200 -0.00278100
v 0.00150000 -0.04689200 -0.00285900
v 0.00150000 -0.04689200 -0.00285900
v 0.00150000 -0.04689200 -0.00285900
v 0.00150000 -0.04689200 -0.00285900
v 0.00150000 -0.04689200 -0.00285900
v 0.00150000 -0.04689200 -0.00285900
v 0.00150000 -0.04689200 -0.00285900
v 0.00150000 -0.04689200 -0.00285900
v 0.00118500 -0.04749400 -0.00303600
v 0.00118500 -0.04749400 -0.00303600
v 0.00118500 -0.04749400 -0.00303600
v 0.00118500 -0.04749400 -0.00303600
v 0.00118500 -0.04749400 -0.00303600
v 0.00118500 -0.04749400 -0.00303600
v 0.00118500 -0.04749400 -0.00303600
v 0.00084700 -0.04794800 -0.00325400
v 0.00084700 -0.04794800 -0.00325400
v 0.00084700 -0.04794800 -0.00325400
v 0.00084700 -0.04794800 -0.00325400
v 0.00084700 -0.04794800 -0.00325400
v 0.00084700 -0.04794800 -0.00325400
v 0.00099700 -0.04786500 -0.00353300
v 0.00099700 -0.04786500 -0.00353300
v 0.00099700 -0.04786500 -0.00353300
v 0.00099700 -0.04786500 -0.00353300
v 0.00099700 -0.04786500 -0.00353300
v 0.00099700 -0.04786500 -0.00353300
v 0.00106700 -0.04795300 -0.00511700
v 0.00106700 -0.04795300 -0.00511700
v 0.00106700 -0.04795300 -0.00511700
v 0.00106700 -0.04795300 -0.00511700
v 0.00106700 -0.04795300 -0.00511700
v 0.00106700 -0.04795300 -0.00511700
v 0.00104000 -0.04791500 -0.00593100
v 0.00104000 -0.04791500 -0.00593100
v 0.00104000 -0.04791500 -0.00593100
v 0.00104000 -0.04791500 -0.00593100
v 0.00104000 -0.04791500 -0.00593100
v 0.00104000 -0.04791500 -0.00593100
v 0.00104000 -0.04791500 -0.00593100
v 0.00096700 -0.04782600 -0.00674600
v 0.00096700 -0.04782600 -0.00674600
v 0.00096700 -0.04782600 -0.00674600
v 0.00096700 -0.04782600 -0.00674600
v 0.00106000 -0.04772700 -0.00674600
v 0.00106000 -0.04772700 -0.00674600
v 0.00106000 -0.04772700 -0.00674600
v 0.00106000 -0.04772700 -0.00674600
v 0.00106000 -0.04772700 -0.00674600
v 0.00106000 -0.04772700 -0.00674600
v 0.00217700 -0.04505000 -0.00712500
v 0.00217700 -0.04505000 -0.00712500
v 0.00217700 -0.04505000 -0.00712500
v 0.00217700 -0.04505000 -0.00712500
v 0.00217700 -0.04505000 -0.00712500
v 0.00217700 -0.04505000 -0.00712500
v 0.00220300 -0.04485100 -0.00722000
v 0.00220300 -0.04485100 -0.00722000
v 0.00220300 -0.04485100 -0.00722000
v 0.00217500 -0.04509400 -0.00708700
v 0.00217500 -0.04509400 -0.00708700
v 0.00217500 -0.04509400 -0.00708700
v 0.00217500 -0.04509400 -0.00708700
v 0.00217500 -0.04509400 -0.00708700
v 0.00168500 -0.04701300 -0.00593100
v 0.00168500 -0.04701300 -0.00593100
v 0.00168500 -0.04701300 -0.00593100
v 0.00168500 -0.04701300 -0.00593100
v 0.00168500 -0.04701300 -0.00593100
v 0.00168500 -0.04701300 -0.00593100
v 0.00215700 -0.04590200 -0.00593100
v 0.00215700 -0.04590200 -0.00593100
v 0.00215700 -0.04590200 -0.00593100
v 0.00215700 -0.04590200 -0.00593100
v 0.00215700 -0.04590200 -0.00593100
v 0.00215700 -0.04590200 -0.00593100
v 0.00215700 -0.04590200 -0.00593100
v 0.00215700 -0.04590200 -0.00593100
v 0.00221800 -0.04522700 -0.00674500
v 0.00221800 -0.04522700 -0.00674500
v 0.00221800 -0.04522700 -0.00674500
v 0.00221800 -0.04522700 -0.00674500
v 0.00221800 -0.04522700 -0.00674500
v 0.00221800 -0.04522700 -0.00674500
v 0.00218300 -0.04519400 -0.00695000
v 0.00218300 -0.04519400 -0.00695000
v 0.00218300 -0.04519400 -0.00695000
v 0.00218300 -0.04519400 -0.00695000
v 0.00218300 -0.04519400 -0.00695000
v 0.00137700 -0.04750500 -0.00593100
v 0.00137700 -0.04750500 -0.00593100
v 0.00137700 -0.04750500 -0.00593100
v 0.00137700 -0.04750500 -0.00593100
v 0.00137700 -0.04750500 -0.00593100
v 0.00137700 -0.04750500 -0.00593100
v 0.00232600 -0.04521600 -0.00612700
v 0.00232600 -0.04521600 -0.00612700
v 0.00232600 -0.04521600 -0.00612700
v 0.00220500 -0.04590200 -0.00511700
v 0.00220500 -0.04590200 -0.00511700
v 0.00220500 -0.04590200 -0.00511700
v 0.00220500 -0.04590200 -0.00511700
v 0.00220500 -0.04590200 -0.00511700
v 0.00220500 -0.04590200 -0.00511700
v 0.00240100 -0.04521000 -0.00500000
v 0.00240100 -0.04521000 -0.00500000
v 0.00240100 -0.04521000 -0.00500000
v 0.00218000 -0.04590200 -0.00432600
v 0.00218000 -0.04590200 -0.00432600
v 0.00218000 -0.04590200 -0.00432600
v 0.00218000 -0.04590200 -0.00432600
v 0.00218000 -0.04590200 -0.00432600
v 0.00218000 -0.04590200 -0.00432600
v 0.00218000 -0.04590200 -0.00432600
v 0.00218000 -0.04590200 -0.00432600
v 0.00232900 -0.04521600 -0.00390000
v 0.00232900 -0.04521600 -0.00390000
v 0.00232900 -0.04521600 -0.00390000
v 0.00208200 -0.04590200 -0.00353300
v 0.00208200 -0.04590200 -0.00353300
v 0.00208200 -0.04590200 -0.00353300
v 0.00208200 -0.04590200 -0.00353300
v 0.00208200 -0.04590200 -0.00353300
v 0.00208200 -0.04590200 -0.00353300
v 0.00208200 -0.04590200 -0.00353300
v 0.00221800 -0.04522700 -0.00325500
v 0.00221800 -0.04522700 -0.00325500
v 0.00221800 -0.04522700 -0.00325500
v 0.00218300 -0.04519400 -0.00305700
v 0.00218300 -0.04519400 -0.00305700
v 0.00218300 -0.04519400 -0.00305700
v 0.00218300 -0.04519400 -0.00305700
v 0.00218300 -0.04519400 -0.00305700
v 0.00218300 -0.04519400 -0.00305700
v 0.00217700 -0.04506100 -0.00288300
v 0.00217700 -0.04506100 -0.00288300
v 0.00217700 -0.04506100 -0.00288300
v 0.00217700 -0.04506100 -0.00288300
v 0.00217700 -0.04506100 -0.00288300
v 0.00217700 -0.04506100 -0.00288300
v 0.00178600 -0.04634400 -0.00293500
v 0.00178600 -0.04634400 -0.00293500
v 0.00178600 -0.04634400 -0.00293500
v 0.00178600 -0.04634400 -0.00293500
v 0.00178600 -0.04634400 -0.00293500
v 0.00178600 -0.04634400 -0.00293500
v 0.00178600 -0.04634400 -0.00293500
v 0.00157700 -0.04697500 -0.00325400
v 0.00157700 -0.04697500 -0.00325400
v 0.00157700 -0.04697500 -0.00325400
v 0.00157700 -0.04697500 -0.00325400
v 0.00157700 -0.04697500 -0.00325400
v 0.00155200 -0.04701900 -0.00325400
v 0.00155200 -0.04701900 -0.00325400
v 0.00155200 -0.04701900 -0.00325400
v 0.00155200 -0.04701900 -0.00325400
v 0.00155200 -0.04701900 -0.00325400
v 0.00155200 -0.04701900 -0.00325400
v 0.00121400 -0.04753300 -0.00325400
v 0.00121400 -0.04753300 -0.00325400
v 0.00121400 -0.04753300 -0.00325400
v 0.00121400 -0.04753300 -0.00325400
v 0.00121400 -0.04753300 -0.00325400
v 0.00132400 -0.04746700 -0.00353300
v 0.00132400 -0.04746700 -0.00353300
v 0.00132400 -0.04746700 -0.00353300
v 0.00132400 -0.04746700 -0.00353300
v 0.00132400 -0.04746700 -0.00353300
v 0.00132400 -0.04746700 -0.00353300
v 0.00141200 -0.04753300 -0.00511700
v 0.00141200 -0.04753300 -0.00511700
v 0.00141200 -0.04753300 -0.00511700
v 0.00141200 -0.04753300 -0.00511700
v 0.00141200 -0.04753300 -0.00511700
v 0.00141200 -0.04753300 -0.00511700
v 0.00141200 -0.04753300 -0.00511700
v 0.00172600 -0.04703000 -0.00511700
v 0.00172600 -0.04703000 -0.00511700
v 0.00172600 -0.04703000 -0.00511700
v 0.00172600 -0.04703000 -0.00511700
v 0.00172600 -0.04703000 -0.00511700
v 0.00170500 -0.04702400 -0.00432600
v 0.00170500 -0.04702400 -0.00432600
v 0.00170500 -0.04702400 -0.00432600
v 0.00170500 -0.04702400 -0.00432600
v 0.00170500 -0.04702400 -0.00432600
v 0.00170500 -0.04702400 -0.00432600
v 0.00170500 -0.04702400 -0.00432600
v 0.00184800 -0.04639900 -0.00325400
v 0.00184800 -0.04639900 -0.00325400
v 0.00184800 -0.04639900 -0.00325400
v 0.00184800 -0.04639900 -0.00325400
v 0.00184800 -0.04639900 -0.00325400
v 0.00184800 -0.04639900 -0.00325400
v 0.00162200 -0.04699100 -0.00353300
v 0.00162200 -0.04699100 -0.00353300
v 0.00162200 -0.04699100 -0.00353300
v 0.00162200 -0.04699100 -0.00353300
v 0.00162200 -0.04699100 -0.00353300
f 1 18 13
f 2 25 20
f 4 29 24
f 7 34 26
f 8 38 32
f 6 47 39
f 5 51 45
f 3 11 52
f 12 19 54
f 10 66 53
f 9 55 65
f 17 69 57
f 16 78 68
f 15 84 79
f 14 22 82
f 21 90 80
f 23 27 86
f 28 33 95
f 30 99 88
f 31 94 100
f 37 114 108
f 36 40 109
f 35 107 93
f 41 121 111
f 42 128 122
f 43 44 129
f 46 49 127
f 50 134 126
f 48 64 135
f 56 141 63
f 60 149 139
f 58 156 146
f 59 72 151
f 61 158 137
f 62 144 160
f 67 166 157
f 70 171 168
f 71 74 172
f 75 169 170
f 73 175 167
f 77 195 174
f 76 81 189
f 83 197 188
f 85 87 199
f 89 98 200
f 96 215 211
f 91 104 217
f 97 222 101
f 92 209 220
f 102 231 202
f 103 221 230
f 106 238 214
f 105 113 239
f 110 118 243
f 112 245 237
f 120 246 244
f 117 250 249
f 119 254 253
f 116 263 255
f 115 124 264
f 130 269 265
f 123 273 270
f 125 138 278
f 133 281 274
f 131 288 282
f 136 291 286
f 132 159 292
f 140 298 162
f 142 302 297
f 143 147 304
f 148 155 310
f 145 305 303
f 150 178 314
f 154 317 176
f 153 164 316
f 152 312 311
f 163 322 290
f 161 299 326
f 165 173 318
f 183 334 329
f 182 193 332
f 181 336 313
f 184 343 335
f 185 348 341
f 179 355 347
f 180 364 356
f 177 328 363
f 190 397 371
f 190 196 397
f 194 375 331
f 192 379 376
f 191 384 380
f 187 389 382
f 186 372 386
f 198 399 398
f 201 406 403
f 203 409 405
f 204 415 412
f 205 417 413
f 206 232 418
f 208 433 424
f 210 218 432
f 212 228 219
f 207 423 229
f 213 438 430
f 216 236 437
f 233 440 419
f 227 444 439
f 226 450 448
f 225 459 455
f 223 465 460
f 224 425 464
f 234 471 435
f 235 240 473
f 241 476 472
f 242 248 477
f 247 252 479
f 251 257 481
f 256 260 486
f 258 493 480
f 259 488 489
f 261 498 482
f 262 267 497
f 271 501 496
f 272 506 503
f 268 516 509
f 266 277 512
f 276 518 513
f 275 280 519
f 279 287 324
f 284 524 520
f 283 325 525
f 285 289 321
f 296 534 323
f 295 539 529
f 294 541 540
f 293 301 543
f 300 307 544
f 308 551 545
f 309 337 550
f 306 315 339
f 319 552 528
f 320 530 556
f 327 330 359
f 333 374 358
f 338 562 549
f 340 342 561
f 346 569 560
f 345 352 567
f 344 349 354
f 351 576 570
f 350 582 575
f 353 588 578
f 357 360 589
f 361 378 590
f 362 373 377
f 366 601 597
f 370 623 603
f 370 396 623
f 365 609 388
f 369 614 606
f 368 618 613
f 367 600 615
f 381 385 583
f 383 387 584
f 390 610 587
f 391 632 625
f 395 637 634
f 394 641 638
f 393 646 642
f 392 402 647
f 401 656 648
f 400 407 654
f 404 411 657
f 410 443 655
f 408 416 442
f 414 421 446
f 420 441 449
f 422 431 462
f 429 663 463
f 428 667 662
f 427 671 668
f 426 436 673
f 434 468 672
f 445 679 653
f 447 451 678
f 452 684 676
f 453 689 685
f 454 456 688
f 457 695 687
f 458 461 696
f 466 659 697
f 467 706 701
f 469 474 704
f 470 699 670
f 475 715 710
f 478 490 716
f 487 720 494
f 485 725 722
f 483 504 726
f 484 495 502
f 491 718 732
f 492 733 714
f 499 740 729
f 500 510 742
f 508 745 741
f 505 754 747
f 507 515 753
f 514 757 751
f 511 517 759
f 521 768 760
f 522 527 767
f 523 770 769
f 526 554 771
f 535 778 557
f 533 781 775
f 532 788 783
f 531 538 790
f 536 791 785
f 537 542 793
f 546 547 794
f 548 558 795
f 553 802 774
f 555 780 803
f 559 807 796
f 563 564 805
f 565 811 804
f 568 818 812
f 566 574 814
f 571 577 824
f 573 827 819
f 572 822 832
f 579 839 826
f 580 844 840
f 581 586 845
f 585 608 846
f 599 602 852
f 598 856 617
f 594 862 855
f 593 867 859
f 592 873 865
f 596 878 870
f 591 885 879
f 595 851 881
f 604 887 854
f 605 891 888
f 605 626 891
f 607 612 848
f 611 616 847
f 620 841 843
f 619 857 842
f 622 897 895
f 621 905 900
f 624 631 904
f 633 916 908
f 630 917 914
f 629 636 919
f 628 921 901
f 627 906 923
f 635 936 920
f 639 658 935
f 640 644 651
f 643 645 649
f 650 943 934
f 652 677 946
f 661 951 694
f 660 666 950
f 665 702 947
f 664 669 703
f 675 955 942
f 674 680 957
f 682 958 954
f 681 967 959
f 683 691 969
f 686 973 965
f 690 693 972
f 692 948 971
f 700 977 949
f 698 709 982
f 708 988 983
f 707 713 987
f 705 985 980
f 711 999 991
f 712 731 995
f 723 1005 1002
f 721 1013 1009
f 717 1017 1011
f 724 727 1016
f 719 1004 730
f 728 743 1019
f 734 1022 994
f 735 1003 1024
f 744 1030 1018
f 739 1033 1031
f 738 1042 1034
f 737 1046 1041
f 736 746 1045
f 748 1055 1044
f 749 750 1049
f 752 758 1061
f 755 1065 1051
f 756 1059 1062
f 761 766 1060
f 764 1067 1058
f 763 1075 1072
f 762 1082 1074
f 765 773 1084
f 772 801 1083
f 777 1100 1090
f 779 784 1097
f 776 1086 800
f 782 786 1098
f 787 792 808
f 789 806 1099
f 799 1105 1085
f 797 1109 1104
f 798 1089 1106
f 809 810 1093
f 813 815 1095
f 816 1111 1094
f 817 828 1112
f 825 1125 1119
f 820 838 1123
f 821 1135 831
f 823 1117 1134
f 830 1139 1114
f 829 1136 1143
f 833 872 1127
f 837 864 871
f 834 1145 868
f 835 860 1146
f 836 858 861
f 850 886 1148
f 849 1154 883
f 853 1150 1156
f 863 866 1144
f 869 877 1159
f 874 1160 1130
f 876 1129 1161
f 875 884 1128
f 882 1163 1126
f 880 1157 1164
f 889 1177 1170
f 889 892 1177
f 890 1171 1149
f 893 1186 1180
f 894 896 1185
f 898 1194 1183
f 899 902 1190
f 903 928 1188
f 911 1204 1199
f 909 1205 1203
f 910 912 1208
f 907 1198 925
f 915 940 1207
f 913 918 937
f 924 1210 1192
f 922 929 1211
f 927 1215 933
f 926 1196 1216
f 938 1222 1212
f 939 941 1217
f 931 1202 1206
f 930 1226 1200
f 932 1213 1225
f 944 1228 1218
f 945 953 1227
f 952 981 976
f 956 963 1229
f 964 1245 1234
f 961 1248 1246
f 960 968 1249
f 962 1236 1230
f 970 1253 1252
f 966 974 1256
f 975 978 1254
f 979 984 1255
f 986 990 1259
f 989 1262 1257
f 992 993 1260
f 998 1274 1267
f 996 1025 1276
f 997 1272 1265
f 1000 1280 1026
f 1001 1007 1284
f 1006 1012 1288
f 1008 1286 1281
f 1015 1295 1285
f 1010 1029 1291
f 1014 1020 1027
f 1023 1299 1275
f 1021 1282 1302
f 1028 1032 1298
f 1035 1039 1297
f 1038 1309 1296
f 1037 1315 1308
f 1036 1316 1314
f 1040 1043 1321
f 1048 1322 1318
f 1047 1056 1324
f 1054 1066 1327
f 1053 1336 1326
f 1052 1343 1337
f 1050 1332 1344
f 1057 1071 1063
f 1064 1070 1333
f 1073 1348 1328
f 1069 1354 1349
f 1068 1076 1353
f 1077 1362 1357
f 1078 1079 1361
f 1081 1365 1360
f 1080 1101 1366
f 1087 1115 1374
f 1091 1096 1116
f 1092 1377 1107
f 1088 1375 1378
f 1102 1384 1369
f 1103 1108 1385
f 1110 1379 1386
f 1113 1140 1376
f 1122 1393 1131
f 1121 1399 1390
f 1120 1166 1397
f 1118 1124 1165
f 1132 1403 1141
f 1133 1395 1407
f 1137 1410 1371
f 1138 1415 1412
f 1142 1404 1414
f 1147 1169 1420
f 1151 1419 1152
f 1155 1401 1162
f 1158 1425 1402
f 1153 1423 1426
f 1173 1434 1421
f 1172 1441 1435
f 1167 1446 1440
f 1168 1450 1442
f 1168 1174 1450
f 1175 1453 1451
f 1176 1457 1455
f 1178 1462 1460
f 1179 1182 1463
f 1181 1471 1464
f 1184 1191 1470
f 1187 1476 1474
f 1189 1219 1477
f 1193 1209 1221
f 1197 1201 1224
f 1195 1223 1214
f 1220 1231 1478
f 1232 1239 1479
f 1235 1488 1486
f 1233 1494 1492
f 1237 1240 1495
f 1238 1482 1481
f 1241 1503 1496
f 1242 1506 1501
f 1243 1515 1508
f 1244 1250 1509
f 1251 1263 1510
f 1247 1258 1261
f 1264 1271 1513
f 1270 1521 1520
f 1268 1527 1522
f 1269 1273 1528
f 1266 1517 1514
f 1277 1300 1529
f 1283 1536 1301
f 1278 1542 1535
f 1279 1287 1544
f 1289 1547 1543
f 1290 1293 1546
f 1292 1551 1545
f 1294 1307 1552
f 1303 1558 1530
f 1304 1533 1560
f 1306 1565 1555
f 1305 1313 1566
f 1312 1567 1562
f 1311 1578 1572
f 1310 1319 1573
f 1320 1585 1574
f 1317 1323 1582
f 1325 1339 1583
f 1334 1589 1340
f 1331 1593 1586
f 1330 1599 1592
f 1329 1347 1598
f 1335 1602 1584
f 1338 1341 1604
f 1342 1615 1603
f 1345 1590 1614
f 1351 1626 1617
f 1350 1356 1623
f 1352 1631 1600
f 1346 1619 1632
f 1355 1358 1624
f 1359 1635 1625
f 1363 1364 1639
f 1367 1641 1638
f 1368 1383 1644
f 1370 1647 1380
f 1372 1651 1649
f 1373 1411 1652
f 1382 1660 1389
f 1381 1650 1661
f 1388 1662 1640
f 1387 1659 1666
f 1394 1396 1672
f 1391 1674 1406
f 1392 1671 1676
f 1398 1432 1681
f 1400 1683 1670
f 1405 1677 1413
f 1409 1688 1654
f 1408 1416 1690
f 1418 1699 1691
f 1417 1679 1693
f 1422 1433 1424
f 1427 1703 1685
f 1431 1706 1700
f 1430 1716 1705
f 1428 1437 1715
f 1429 1436 1439
f 1438 1443 1714
f 1444 1718 1711
f 1445 1728 1717
f 1445 1448 1728
f 1447 1734 1729
f 1449 1456 1732
f 1452 1473 1733
f 1454 1459 1472
f 1458 1461 1469
f 1465 1742 1740
f 1468 1747 1746
f 1466 1480 1751
f 1467 1736 1735
f 1475 1485 1748
f 1484 1757 1749
f 1483 1487 1753
f 1489 1760 1754
f 1490 1770 1759
f 1491 1502 1769
f 1493 1497 1499
f 1498 1773 1767
f 1500 1507 1772
f 1504 1780 1774
f 1505 1512 1781
f 1511 1518 1782
f 1516 1786 1783
f 1519 1523 1789
f 1524 1793 1788
f 1525 1800 1794
f 1526 1532 1799
f 1531 1559 1797
f 1537 1803 1557
f 1534 1539 1806
f 1538 1814 1807
f 1540 1815 1812
f 1541 1549 1816
f 1550 1825 1818
f 1548 1554 1824
f 1553 1564 1823
f 1561 1826 1798
f 1556 1808 1829
f 1563 1571 1822
f 1569 1836 1821
f 1570 1839 1833
f 1568 1576 1840
f 1577 1844 1842
f 1575 1851 1845
f 1579 1580 1850
f 1581 1609 1849
f 1587 1858 1613
f 1588 1591 1857
f 1594 1596 1859
f 1595 1611 1860
f 1597 1863 1616
f 1601 1633 1866
f 1605 1876 1870
f 1608 1610 1875
f 1606 1878 1855
f 1607 1868 1881
f 1612 1867 1873
f 1622 1634 1884
f 1621 1627 1636
f 1620 1889 1630
f 1618 1885 1890
f 1629 1895 1861
f 1628 1892 1894
f 1637 1642 1887
f 1643 1904 1886
f 1645 1667 1903
f 1648 1909 1657
f 1646 1653 1910
f 1655 1689 1906
f 1658 1913 1665
f 1656 1908 1915
f 1664 1923 1901
f 1663 1916 1922
f 1669 1930 1678
f 1668 1682 1928
f 1673 1936 1694
f 1675 1925 1933
f 1680 1702 1943
f 1684 1939 1927
f 1686 1950 1911
f 1687 1955 1947
f 1692 1698 1953
f 1697 1959 1952
f 1696 1966 1958
f 1695 1931 1968
f 1704 1975 1941
f 1701 1710 1974
f 1708 1978 1972
f 1707 1981 1976
f 1709 1713 1980
f 1712 1721 1984
f 1722 1990 1985
f 1719 2011 1989
f 1720 2026 2012
f 1720 1726 2026
f 1725 2036 2023
f 1724 2037 2034
f 1723 2045 2041
f 1727 1730 2044
f 1731 1741 2046
f 1739 2056 2048
f 1738 1744 2054
f 1737 2050 2043
f 1743 1750 2060
f 1745 2059 2052
f 1752 1756 2058
f 1755 1764 2069
f 1758 2068 2061
f 1763 2075 2067
f 1762 2083 2072
f 1761 1768 2079
f 1771 2087 2078
f 1766 2092 2088
f 1765 1777 2093
f 1775 2096 2094
f 1776 1779 2097
f 1778 1785 2098
f 1784 2105 2099
f 1787 1795 2106
f 1796 2110 2104
f 1790 2112 2107
f 1792 2118 2111
f 1791 1802 2117
f 1801 1831 2119
f 1805 2127 1830
f 1804 1810 2128
f 1811 2131 2129
f 1813 1837 2130
f 1809 1819 1838
f 1817 1820 1832
f 1828 2138 2121
f 1827 2125 2137
f 1834 2147 2133
f 1835 1841 2146
f 1843 1846 2145
f 1847 1852 2152
f 1848 2153 2144
f 1854 2157 2154
f 1856 2164 2158
f 1853 1880 2162
f 1865 1869 1874
f 1864 2171 1872
f 1862 1897 2172
f 1871 2173 1879
f 1877 2170 2161
f 1883 2177 1888
f 1882 1905 2180
f 1891 2181 1898
f 1893 2186 2174
f 1899 2188 2185
f 1896 2179 2187
f 1900 2197 2178
f 1902 1924 2195
f 1907 1946 1914
f 1912 1951 2203
f 1917 2202 1919
f 1921 2209 2193
f 1918 2212 2205
f 1920 2201 2211
f 1929 2217 1935
f 1926 1944 2218
f 1934 2219 2224
f 1932 2225 1967
f 1940 2236 2232
f 1945 2240 2237
f 1938 2249 2242
f 1937 1973 2248
f 1942 2231 2220
f 1948 2254 2200
f 1949 1957 2253
f 1956 2260 2252
f 1954 1964 2261
f 1963 2272 2269
f 1962 1969 2276
f 1961 2278 2259
f 1960 2267 2282
f 1965 2227 2273
f 1971 1979 2250
f 1970 1977 1983
f 1982 1986 2246
f 1987 1993 2287
f 1988 2285 2245
f 1992 2290 2284
f 1998 2295 2291
f 1999 2298 2294
f 2009 2305 2297
f 1994 2307 2306
f 1997 2313 2310
f 1991 2318 2312
f 2010 2323 2319
f 1996 2326 2324
f 1995 2333 2329
f 2008 2336 2331
f 2000 2342 2338
f 2001 2347 2344
f 2002 2349 2348
f 2003 2356 2354
f 2004 2363 2355
f 2005 2368 2364
f 2006 2370 2369
f 2007 2022 2373
f 2013 2383 2379
f 2028 2391 2385
f 2030 2393 2386
f 2029 2400 2394
f 2027 2407 2399
f 2025 2035 2404
f 2024 2411 2371
f 2021 2415 2412
f 2020 2419 2416
f 2019 2426 2422
f 2018 2430 2425
f 2017 2433 2429
f 2016 2437 2436
f 2015 2442 2438
f 2014 2380 2444
f 2032 2449 2405
f 2033 2455 2446
f 2031 2039 2451
f 2040 2051 2456
f 2038 2042 2047
f 2049 2055 2454
f 2053 2065 2453
f 2057 2460 2452
f 2064 2465 2459
f 2062 2472 2464
f 2063 2070 2471
f 2066 2076 2475
f 2071 2479 2470
f 2074 2484 2474
f 2073 2491 2483
f 2077 2082 2490
f 2081 2494 2489
f 2080 2084 2495
f 2085 2505 2498
f 2086 2089 2504
f 2090 2510 2503
f 2091 2100 2507
f 2095 2101 2508
f 2102 2517 2509
f 2103 2108 2518
f 2109 2114 2519
f 2116 2525 2513
f 2113 2531 2523
f 2115 2123 2526
f 2122 2532 2528
f 2120 2142 2534
f 2124 2541 2141
f 2126 2135 2538
f 2134 2548 2539
f 2132 2552 2547
f 2136 2148 2555
f 2140 2559 2535
f 2139 2540 2557
f 2143 2155 2554
f 2151 2561 2553
f 2150 2570 2564
f 2149 2156 2567
f 2159 2576 2566
f 2160 2165 2575
f 2167 2182 2583
f 2166 2169 2184
f 2168 2587 2577
f 2163 2580 2586
f 2175 2593 2191
f 2176 2194 2592
f 2183 2190 2582
f 2192 2594 2579
f 2189 2589 2595
f 2198 2601 2591
f 2196 2207 2602
f 2204 2607 2210
f 2199 2255 2608
f 2206 2613 2605
f 2208 2215 2615
f 2213 2618 2614
f 2214 2609 2619
f 2221 2625 2223
f 2216 2230 2626
f 2222 2627 2635
f 2226 2640 2275
f 2228 2633 2642
f 2229 2235 2624
f 2234 2238 2643
f 2233 2644 2630
f 2243 2247 2654
f 2241 2657 2645
f 2244 2299 2658
f 2239 2649 2301
f 2251 2283 2650
f 2256 2666 2610
f 2257 2263 2664
f 2262 2671 2662
f 2258 2279 2669
f 2264 2673 2277
f 2271 2683 2676
f 2270 2688 2682
f 2268 2689 2687
f 2266 2638 2690
f 2265 2274 2639
f 2280 2698 2672
f 2281 2675 2694
f 2286 2288 2651
f 2289 2293 2652
f 2292 2296 2653
f 2300 2304 2660
f 2303 2705 2659
f 2302 2309 2703
f 2311 2316 2709
f 2308 2706 2704
f 2314 2718 2707
f 2315 2320 2717
f 2317 2321 2716
f 2325 2724 2715
f 2322 2327 2723
f 2328 2334 2722
f 2330 2730 2727
f 2332 2339 2731
f 2335 2736 2729
f 2337 2343 2735
f 2340 2743 2734
f 2341 2345 2742
f 2346 2352 2745
f 2350 2750 2746
f 2351 2755 2749
f 2353 2359 2752
f 2357 2760 2751
f 2358 2770 2761
f 2360 2361 2769
f 2362 2365 2766
f 2366 2774 2765
f 2367 2375 2775
f 2372 2781 2771
f 2374 2410 2780
f 2376 2782 2445
f 2377 2792 2783
f 2378 2384 2794
f 2381 2796 2790
f 2382 2387 2797
f 2388 2802 2795
f 2389 2808 2801
f 2390 2813 2809
f 2392 2397 2816
f 2396 2819 2814
f 2395 2401 2820
f 2402 2461 2822
f 2398 2447 2458
f 2403 2406 2448
f 2409 2827 2779
f 2408 2413 2824
f 2414 2834 2826
f 2417 2839 2835
f 2418 2421 2840
f 2420 2427 2838
f 2424 2843 2837
f 2423 2431 2844
f 2428 2435 2845
f 2434 2851 2848
f 2432 2439 2850
f 2440 2787 2852
f 2441 2443 2788
f 2450 2457 2462
f 2463 2466 2818
f 2467 2858 2821
f 2468 2476 2859
f 2469 2473 2478
f 2477 2485 2865
f 2480 2863 2860
f 2487 2870 2862
f 2486 2876 2871
f 2482 2879 2875
f 2481 2492 2880
f 2493 2889 2881
f 2488 2497 2888
f 2499 2891 2886
f 2496 2502 2895
f 2501 2900 2896
f 2500 2905 2898
f 2506 2512 2904
f 2511 2515 2902
f 2514 2909 2903
f 2516 2524 2910
f 2522 2915 2911
f 2521 2927 2916
f 2520 2529 2926
f 2527 2929 2922
f 2530 2536 2933
f 2533 2556 2928
f 2542 2549 2935
f 2543 2930 2558
f 2537 2936 2931
f 2546 2942 2937
f 2544 2947 2945
f 2545 2550 2948
f 2551 2562 2950
f 2563 2952 2940
f 2560 2571 2955
f 2565 2943 2949
f 2569 2959 2957
f 2568 2573 2960
f 2572 2966 2958
f 2574 2588 2967
f 2578 2974 2584
f 2581 2596 2970
f 2585 2975 2965
f 2590 2603 2597
f 2598 2978 2969
f 2599 2604 2981
f 2606 2616 2985
f 2600 2986 2976
f 2611 2992 2622
f 2612 2665 2990
f 2617 2623 2982
f 2620 2998 2987
f 2621 2989 2999
f 2631 3002 2634
f 2629 3006 3001
f 2628 2648 3004
f 2637 3000 3015
f 2632 2692 2641
f 2636 3016 2693
f 2647 3019 3007
f 2646 2656 3018
f 2655 2701 3020
f 2663 3030 2988
f 2661 2670 3031
f 2668 3037 3032
f 2667 2699 3034
f 2674 2681 2700
f 2680 3047 3041
f 2679 2686 3046
f 2678 3053 2696
f 2677 3040 3054
f 2684 3009 3045
f 2685 2691 3014
f 2697 3064 3038
f 2695 3055 3063
f 2702 2708 3026
f 2710 3074 3066
f 2713 3078 3075
f 2714 2720 3079
f 2712 3084 3024
f 2711 3070 3087
f 2719 2726 3080
f 2725 3089 3081
f 2721 2728 3090
f 2732 3099 3092
f 2733 2739 3100
f 2738 3104 3101
f 2737 2741 3105
f 2740 3108 3106
f 2744 2747 3109
f 2748 2753 3110
f 2754 2756 3112
f 2757 3102 3111
f 2758 3113 3103
f 2759 3123 3117
f 2763 3128 3126
f 2762 3135 3131
f 2764 2768 3136
f 2767 3141 3137
f 2767 2772 3141
f 2773 3143 3138
f 2773 2778 3143
f 2776 3153 3145
f 2777 2825 3152
f 2784 3157 2853
f 2786 3163 3155
f 2785 2793 3161
f 2789 3167 3164
f 2791 2798 3168
f 2799 2804 3169
f 2803 3174 3170
f 2800 3182 3171
f 2805 2807 3180
f 2806 3186 3181
f 2811 3192 3185
f 2810 2812 3191
f 2815 2823 3195
f 2817 2856 3193
f 2828 3200 3151
f 2829 2833 3205
f 2830 2836 2846
f 2831 3210 3204
f 2832 2847 3206
f 2842 3215 3207
f 2841 2849 3212
f 2854 3154 3213
f 2855 3220 3198
f 2857 2861 3218
f 2864 2868 3219
f 2866 3229 3224
f 2873 2877 3232
f 2867 3196 3221
f 2869 3236 3197
f 2872 3222 3234
f 2878 2890 3233
f 2874 2882 2887
f 2885 3248 3241
f 2884 2893 3246
f 2883 3242 3225
f 2892 2901 3253
f 2894 3252 3250
f 2899 2908 3258
f 2897 3259 3251
f 2906 3266 3260
f 2907 2914 3265
f 2912 3271 3267
f 2913 2917 3273
f 2919 3275 3270
f 2920 3282 3277
f 2921 3286 3279
f 2918 2924 3289
f 2925 3295 3290
f 2923 2932 3296
f 2934 2939 3293
f 2938 2946 3292
f 2944 2951 3301
f 2941 3302 3291
f 2953 3304 3300
f 2954 3315 3306
f 2956 2962 3313
f 2961 2963 3312
f 2968 3323 3317
f 2964 2973 3322
f 2971 3330 3321
f 2972 2980 3329
f 2979 2983 3332
f 2977 3334 3327
f 2984 2996 3336
f 2991 3340 2997
f 2993 3029 3339
f 2994 3345 3331
f 2995 3337 3347
f 3003 3008 3017
f 3005 3023 3013
f 3010 3350 3052
f 3011 3355 3351
f 3012 3022 3356
f 3025 3088 3358
f 3021 3361 3353
f 3027 3368 3342
f 3028 3033 3369
f 3035 3372 3364
f 3036 3062 3375
f 3042 3387 3381
f 3043 3048 3386
f 3039 3389 3056
f 3044 3378 3391
f 3049 3363 3385
f 3050 3352 3360
f 3051 3349 3354
f 3057 3393 3061
f 3060 3402 3400
f 3059 3392 3403
f 3058 3399 3374
f 3067 3411 3407
f 3068 3420 3413
f 3069 3083 3421
f 3072 3076 3082
f 3065 3425 3085
f 3071 3429 3424
f 3073 3409 3431
f 3077 3091 3418
f 3086 3422 3362
f 3094 3097 3433
f 3095 3415 3419
f 3093 3437 3417
f 3098 3114 3436
f 3096 3107 3115
f 3120 3439 3435
f 3116 3412 3440
f 3118 3441 3410
f 3119 3121 3442
f 3122 3448 3447
f 3124 3457 3449
f 3125 3130 3456
f 3129 3462 3454
f 3127 3134 3466
f 3132 3470 3461
f 3133 3140 3473
f 3139 3142 3467
f 3146 3480 3469
f 3144 3150 3479
f 3149 3482 3481
f 3148 3487 3483
f 3147 3199 3488
f 3156 3501 3216
f 3158 3159 3499
f 3165 3503 3498
f 3162 3173 3504
f 3160 3166 3175
f 3176 3509 3507
f 3172 3179 3510
f 3178 3517 3511
f 3177 3187 3516
f 3188 3194 3235
f 3189 3520 3519
f 3183 3528 3521
f 3190 3227 3529
f 3184 3237 3231
f 3203 3209 3534
f 3201 3539 3489
f 3202 3535 3536
f 3208 3214 3530
f 3211 3541 3531
f 3217 3497 3543
f 3223 3226 3238
f 3228 3522 3527
f 3230 3245 3526
f 3240 3544 3523
f 3244 3555 3545
f 3243 3559 3553
f 3239 3247 3558
f 3249 3254 3556
f 3255 3566 3557
f 3256 3571 3565
f 3257 3261 3573
f 3262 3264 3572
f 3263 3272 3579
f 3268 3580 3570
f 3269 3274 3576
f 3276 3582 3577
f 3278 3283 3584
f 3284 3598 3589
f 3280 3285 3597
f 3281 3593 3581
f 3287 3601 3596
f 3288 3294 3602
f 3297 3298 3604
f 3299 3303 3605
f 3305 3314 3607
f 3309 3615 3606
f 3308 3622 3616
f 3307 3611 3621
f 3310 3629 3625
f 3316 3320 3630
f 3311 3626 3608
f 3318 3640 3634
f 3319 3325 3639
f 3326 3641 3638
f 3328 3647 3642
f 3324 3333 3646
f 3335 3346 3648
f 3341 3651 3343
f 3338 3366 3652
f 3348 3658 3650
f 3344 3653 3662
f 3359 3423 3668
f 3357 3665 3383
f 3367 3673 3655
f 3365 3371 3674
f 3370 3680 3675
f 3373 3397 3679
f 3379 3691 3686
f 3380 3382 3692
f 3377 3694 3388
f 3376 3685 3696
f 3384 3667 3693
f 3390 3697 3401
f 3395 3709 3678
f 3394 3711 3705
f 3396 3701 3710
f 3398 3404 3699
f 3405 3416 3446
f 3408 3715 3428
f 3406 3443 3714
f 3414 3434 3438
f 3426 3427 3669
f 3432 3728 3666
f 3430 3717 3726
f 3445 3730 3719
f 3444 3450 3732
f 3452 3739 3731
f 3451 3455 3738
f 3453 3742 3735
f 3458 3465 3741
f 3464 3749 3740
f 3463 3753 3747
f 3460 3761 3755
f 3459 3471 3758
f 3474 3765 3757
f 3468 3771 3766
f 3472 3475 3772
f 3476 3777 3770
f 3477 3783 3773
f 3478 3484 3784
f 3485 3789 3782
f 3486 3493 3785
f 3490 3792 3787
f 3491 3799 3790
f 3492 3538 3796
f 3496 3795 3540
f 3494 3506 3794
f 3500 3533 3542
f 3495 3537 3532
f 3505 3802 3797
f 3502 3512 3803
f 3508 3514 3804
f 3513 3809 3805
f 3518 3817 3807
f 3515 3525 3818
f 3524 3546 3816
f 3547 3823 3815
f 3548 3827 3822
f 3549 3550 3826
f 3551 3836 3825
f 3552 3567 3835
f 3554 3560 3561
f 3563 3841 3834
f 3564 3849 3840
f 3562 3568 3845
f 3569 3574 3846
f 3575 3585 3854
f 3578 3853 3844
f 3583 3856 3855
f 3586 3587 3857
f 3588 3870 3867
f 3592 3872 3868
f 3591 3600 3873
f 3590 3864 3860
f 3594 3614 3881
f 3595 3603 3613
f 3599 3880 3875
f 3610 3884 3623
f 3612 3890 3883
f 3609 3624 3888
f 3617 3618 3878
f 3619 3877 3879
f 3620 3886 3876
f 3627 3631 3897
f 3628 3896 3892
f 3632 3905 3898
f 3633 3635 3907
f 3636 3911 3906
f 3637 3643 3914
f 3644 3649 3910
f 3645 3657 3912
f 3654 3671 3915
f 3656 3916 3663
f 3661 3925 3913
f 3660 3930 3924
f 3659 3921 3926
f 3664 3723 3688
f 3672 3934 3917
f 3670 3676 3935
f 3677 3703 3937
f 3684 3724 3943
f 3683 3945 3721
f 3681 3689 3944
f 3687 3947 3700
f 3682 3941 3948
f 3690 3725 3946
f 3695 3958 3712
f 3698 3951 3953
f 3704 3970 3963
f 3706 3956 3969
f 3708 3713 3952
f 3707 3976 3932
f 3702 3960 3975
f 3718 3733 3977
f 3716 3985 3722
f 3720 3980 3986
f 3727 3984 3990
f 3729 3992 3938
f 3734 3736 3979
f 3737 3743 3978
f 3744 3987 3981
f 3745 4000 3982
f 3746 3748 3998
f 3750 3754 4007
f 3751 4009 3997
f 3752 3760 4010
f 3756 3996 4008
f 3759 4016 3999
f 3762 3763 4011
f 3767 4024 4012
f 3764 3768 4023
f 3769 3776 4022
f 3775 4029 4021
f 3774 3780 4028
f 3778 4037 4027
f 3779 4045 4038
f 3781 3786 4044
f 3788 4046 4042
f 3788 3793 4046
f 3791 3800 4047
f 3798 3801 4049
f 3806 3810 4051
f 3811 4052 4050
f 3808 4062 4053
f 3813 3824 4061
f 3812 3814 3819
f 3820 4064 4063
f 3821 3832 4065
f 3831 3839 4072
f 3830 3833 3838
f 3829 4073 4066
f 3828 4071 4078
f 3837 3848 4083
f 3842 4091 4069
f 3843 4081 4089
f 3847 3851 4080
f 3852 4094 4082
f 3850 3858 4096
f 3859 3866 4101
f 3861 4102 4092
f 3865 3885 3894
f 3863 3871 3882
f 3862 3895 4104
f 3869 3874 3887
f 3893 4105 4103
f 3891 4112 4107
f 3889 3899 4113
f 3900 4120 4115
f 3901 3903 4121
f 3902 3929 4119
f 3908 3923 3928
f 3904 3909 3922
f 3920 4132 4125
f 3919 3936 4131
f 3918 4126 3927
f 3931 4127 4123
f 3933 3972 4129
f 3942 4139 3950
f 3940 4142 4138
f 3939 3991 4141
f 3949 4134 3957
f 3954 4137 4147
f 3955 4143 3968
f 3964 4149 3971
f 3961 4154 4148
f 3959 4163 4156
f 3962 3965 4166
f 3966 4172 4164
f 3967 4144 4168
f 3973 4150 4178
f 3974 4177 4133
f 3983 4002 3994
f 3993 4135 4140
f 3989 4146 4136
f 3988 4170 4145
f 3995 4004 4171
f 4001 4165 4169
f 4006 4180 4167
f 4005 4159 4181
f 4003 4019 4158
f 4015 4030 4032
f 4018 4025 4026
f 4017 4187 4161
f 4020 4189 4184
f 4014 4192 4188
f 4013 4031 4191
f 4034 4043 4056
f 4033 4201 4198
f 4035 4203 4200
f 4036 4210 4202
f 4039 4216 4209
f 4040 4057 4215
f 4041 4048 4058
f 4054 4222 4214
f 4055 4059 4221
f 4060 4067 4218
f 4068 4077 4219
f 4070 4090 4074
f 4075 4228 4220
f 4076 4088 4230
f 4079 4095 4087
f 4086 4238 4231
f 4084 4098 4239
f 4085 4232 4224
f 4093 4099 4243
f 4097 4244 4240
f 4100 4109 4245
f 4108 4251 4246
f 4110 4258 4252
f 4106 4111 4254
f 4114 4173 4253
f 4116 4122 4176
f 4118 4130 4174
f 4117 4124 4128
f 4151 4157 4262
f 4152 4256 4175
f 4153 4263 4257
f 4160 4162 4179
f 4155 4186 4264
f 4185 4190 4194
f 4183 4271 4261
f 4182 4195 4270
f 4197 4274 4269
f 4193 4204 4275
f 4196 4199 4205
f 4207 4211 4212
f 4208 4229 4276
f 4206 4213 4226
f 4217 4223 4225
f 4227 4234 4277
f 4233 4278 4273
f 4235 4237 4280
f 4236 4247 4279
f 4241 4242 4248
f 4249 4265 4281
f 4250 4259 4268
f 4255 4260 4267
f 4266 4272 4282
