# https://github.com/mikedh/trimesh
v -0.00455600 -0.02941900 -0.00500000
v -0.00455600 -0.02941900 -0.00500000
v -0.00455600 -0.02941900 -0.00500000
v -0.00455600 -0.02941900 -0.00500000
v -0.00455600 -0.02941900 -0.00500000
v -0.00455600 -0.02941900 -0.00500000
v -0.00455600 -0.02941900 -0.00500000
v -0.00455600 -0.02941900 -0.00500000
v -0.00455600 -0.02941900 -0.00500000
v -0.00450200 -0.02947700 -0.00400400
v -0.00450200 -0.02947700 -0.00400400
v -0.00450200 -0.02947700 -0.00400400
v -0.00450200 -0.02947700 -0.00400400
v -0.00450200 -0.02947700 -0.00400400
v -0.00449500 -0.03062400 -0.00396600
v -0.00449500 -0.03062400 -0.00396600
v -0.00449500 -0.03062400 -0.00396600
v -0.00449500 -0.03062400 -0.00396600
v -0.00449500 -0.03062400 -0.00396600
v -0.00449500 -0.03062400 -0.00396600
v -0.00449500 -0.03062400 -0.00396600
v -0.00449500 -0.03062400 -0.00396600
v -0.00454400 -0.03082300 -0.00500000
v -0.00454400 -0.03082300 -0.00500000
v -0.00454400 -0.03082300 -0.00500000
v -0.00454400 -0.03082300 -0.00500000
v -0.00454400 -0.03082300 -0.00500000
v -0.00454400 -0.03082300 -0.00500000
v -0.00454400 -0.03082300 -0.00500000
v -0.00454400 -0.03082300 -0.00500000
v -0.00450100 -0.03034000 -0.00604800
v -0.00450100 -0.03034000 -0.00604800
v -0.00450100 -0.03034000 -0.00604800
v -0.00450100 -0.03034000 -0.00604800
v -0.00450100 -0.03034000 -0.00604800
v -0.00450200 -0.02992000 -0.00607400
v -0.00450200 -0.02992000 -0.00607400
v -0.00450200 -0.02992000 -0.00607400
v -0.00450200 -0.02992000 -0.00607400
v -0.00450200 -0.02992000 -0.00607400
v -0.00450100 -0.02947700 -0.00599600
v -0.00450100 -0.02947700 -0.00599600
v -0.00450100 -0.02947700 -0.00599600
v -0.00450100 -0.02947700 -0.00599600
v -0.00450100 -0.02947700 -0.00599600
v -0.00366200 -0.00301600 -0.00587400
v -0.00366200 -0.00301600 -0.00587400
v -0.00366200 -0.00301600 -0.00587400
v -0.00366200 -0.00301600 -0.00587400
v -0.00366200 -0.00301600 -0.00587400
v -0.00366200 -0.00301600 -0.00587400
v -0.00370900 -0.00301200 -0.00500000
v -0.00370900 -0.00301200 -0.00500000
v -0.00370900 -0.00301200 -0.00500000
v -0.00370900 -0.00301200 -0.00500000
v -0.00370900 -0.00301200 -0.00500000
v -0.00370900 -0.00301200 -0.00500000
v -0.00370900 -0.00301200 -0.00500000
v -0.00370900 -0.00301200 -0.00500000
v -0.00366200 -0.00301600 -0.00412600
v -0.00366200 -0.00301600 -0.00412600
v -0.00366200 -0.00301600 -0.00412600
v -0.00366200 -0.00301600 -0.00412600
v -0.00366200 -0.00301600 -0.00412600
v -0.00366200 -0.00301600 -0.00412600
v -0.00449200 -0.02940100 -0.00390900
v -0.00449200 -0.02940100 -0.00390900
v -0.00449200 -0.02940100 -0.00390900
v -0.00449200 -0.02940100 -0.00390900
v -0.00449200 -0.02940100 -0.00390900
v -0.00365800 -0.00301600 -0.00406600
v -0.00365800 -0.00301600 -0.00406600
v -0.00365800 -0.00301600 -0.00406600
v -0.00365800 -0.00301600 -0.00406600
v -0.00365800 -0.00301600 -0.00406600
v -0.00365800 -0.00301600 -0.00406600
v -0.00430100 -0.03214300 -0.00354400
v -0.00430100 -0.03214300 -0.00354400
v -0.00430100 -0.03214300 -0.00354400
v -0.00430100 -0.03214300 -0.00354400
v -0.00430100 -0.03214300 -0.00354400
v -0.00430100 -0.03214300 -0.00354400
v -0.00430100 -0.03214300 -0.00354400
v -0.00430100 -0.03214300 -0.00354400
v -0.00441100 -0.03189500 -0.00406000
v -0.00441100 -0.03189500 -0.00406000
v -0.00441100 -0.03189500 -0.00406000
v -0.00441100 -0.03189500 -0.00406000
v -0.00441100 -0.03189500 -0.00406000
v -0.00441100 -0.03189500 -0.00406000
v -0.00441100 -0.03189500 -0.00406000
v -0.00449300 -0.03086300 -0.00407500
v -0.00449300 -0.03086300 -0.00407500
v -0.00449300 -0.03086300 -0.00407500
v -0.00449300 -0.03086300 -0.00407500
v -0.00442400 -0.03030900 -0.00343100
v -0.00442400 -0.03030900 -0.00343100
v -0.00442400 -0.03030900 -0.00343100
v -0.00442400 -0.03030900 -0.00343100
v -0.00442400 -0.03030900 -0.00343100
v -0.00442400 -0.03030900 -0.00343100
v -0.00454000 -0.03087600 -0.00499000
v -0.00454000 -0.03087600 -0.00499000
v -0.00454000 -0.03087600 -0.00499000
v -0.00454000 -0.03087600 -0.00499000
v -0.00454000 -0.03087600 -0.00499000
v -0.00454000 -0.03087600 -0.00501000
v -0.00454000 -0.03087600 -0.00501000
v -0.00454000 -0.03087600 -0.00501000
v -0.00454000 -0.03087600 -0.00501000
v -0.00446000 -0.03130600 -0.00599100
v -0.00446000 -0.03130600 -0.00599100
v -0.00446000 -0.03130600 -0.00599100
v -0.00446000 -0.03130600 -0.00599100
v -0.00446000 -0.03130600 -0.00599100
v -0.00446000 -0.03130600 -0.00599100
v -0.00446000 -0.03130600 -0.00599100
v -0.00446000 -0.03130600 -0.00599100
v -0.00449300 -0.03086300 -0.00592500
v -0.00449300 -0.03086300 -0.00592500
v -0.00449300 -0.03086300 -0.00592500
v -0.00449300 -0.03086300 -0.00592500
v -0.00442400 -0.03030900 -0.00656900
v -0.00442400 -0.03030900 -0.00656900
v -0.00442400 -0.03030900 -0.00656900
v -0.00442400 -0.03030900 -0.00656900
v -0.00442400 -0.03030900 -0.00656900
v -0.00442400 -0.03030900 -0.00656900
v -0.00442400 -0.03030900 -0.00656900
v -0.00440300 -0.02894100 -0.00657500
v -0.00440300 -0.02894100 -0.00657500
v -0.00440300 -0.02894100 -0.00657500
v -0.00440300 -0.02894100 -0.00657500
v -0.00440300 -0.02894100 -0.00657500
v -0.00440300 -0.02894100 -0.00657500
v -0.00440300 -0.02894100 -0.00657500
v -0.00440300 -0.02894100 -0.00657500
v -0.00365800 -0.00301600 -0.00593400
v -0.00365800 -0.00301600 -0.00593400
v -0.00365800 -0.00301600 -0.00593400
v -0.00365800 -0.00301600 -0.00593400
v -0.00365800 -0.00301600 -0.00593400
v -0.00366100 -0.00298100 -0.00587400
v -0.00366100 -0.00298100 -0.00587400
v -0.00366100 -0.00298100 -0.00587400
v -0.00366100 -0.00298100 -0.00587400
v -0.00363400 -0.00250300 -0.00594300
v -0.00363400 -0.00250300 -0.00594300
v -0.00363400 -0.00250300 -0.00594300
v -0.00363400 -0.00250300 -0.00594300
v -0.00363400 -0.00250300 -0.00594300
v -0.00363400 -0.00250300 -0.00594300
v -0.00363400 -0.00250300 -0.00594300
v -0.00363400 -0.00250300 -0.00594300
v -0.00363400 -0.00250300 -0.00594300
v -0.00363400 -0.00191400 -0.00500000
v -0.00363400 -0.00191400 -0.00500000
v -0.00363400 -0.00191400 -0.00500000
v -0.00363400 -0.00191400 -0.00500000
v -0.00363400 -0.00191400 -0.00500000
v -0.00363400 -0.00191400 -0.00500000
v -0.00363400 -0.00191400 -0.00500000
v -0.00363400 -0.00191400 -0.00500000
v -0.00359600 -0.00199300 -0.00411300
v -0.00359600 -0.00199300 -0.00411300
v -0.00359600 -0.00199300 -0.00411300
v -0.00359600 -0.00199300 -0.00411300
v -0.00359600 -0.00199300 -0.00411300
v -0.00359600 -0.00199300 -0.00411300
v -0.00366100 -0.00298100 -0.00412600
v -0.00366100 -0.00298100 -0.00412600
v -0.00366100 -0.00298100 -0.00412600
v -0.00366100 -0.00298100 -0.00412600
v -0.00440300 -0.02894100 -0.00342500
v -0.00440300 -0.02894100 -0.00342500
v -0.00440300 -0.02894100 -0.00342500
v -0.00440300 -0.02894100 -0.00342500
v -0.00440300 -0.02894100 -0.00342500
v -0.00440300 -0.02894100 -0.00342500
v -0.00365600 -0.00298100 -0.00406600
v -0.00365600 -0.00298100 -0.00406600
v -0.00365600 -0.00298100 -0.00406600
v -0.00365600 -0.00298100 -0.00406600
v -0.00365600 -0.00298100 -0.00406600
v -0.00365600 -0.00298100 -0.00406600
v -0.00356300 -0.00292800 -0.00348300
v -0.00356300 -0.00292800 -0.00348300
v -0.00356300 -0.00292800 -0.00348300
v -0.00356300 -0.00292800 -0.00348300
v -0.00356300 -0.00292800 -0.00348300
v -0.00356300 -0.00292800 -0.00348300
v -0.00437700 -0.03219100 -0.00407900
v -0.00437700 -0.03219100 -0.00407900
v -0.00437700 -0.03219100 -0.00407900
v -0.00437700 -0.03219100 -0.00407900
v -0.00437700 -0.03219100 -0.00407900
v -0.00437700 -0.03219100 -0.00407900
v -0.00437700 -0.03219100 -0.00407900
v -0.00427100 -0.03046400 -0.00283000
v -0.00427100 -0.03046400 -0.00283000
v -0.00427100 -0.03046400 -0.00283000
v -0.00427100 -0.03046400 -0.00283000
v -0.00427100 -0.03046400 -0.00283000
v -0.00413000 -0.03204500 -0.00286100
v -0.00413000 -0.03204500 -0.00286100
v -0.00413000 -0.03204500 -0.00286100
v -0.00413000 -0.03204500 -0.00286100
v -0.00413000 -0.03204500 -0.00286100
v -0.00407200 -0.03246600 -0.00286400
v -0.00407200 -0.03246600 -0.00286400
v -0.00407200 -0.03246600 -0.00286400
v -0.00407200 -0.03246600 -0.00286400
v -0.00407200 -0.03246600 -0.00286400
v -0.00407200 -0.03246600 -0.00286400
v -0.00418800 -0.03273600 -0.00345000
v -0.00418800 -0.03273600 -0.00345000
v -0.00418800 -0.03273600 -0.00345000
v -0.00418800 -0.03273600 -0.00345000
v -0.00418800 -0.03273600 -0.00345000
v -0.00418800 -0.03273600 -0.00345000
v -0.00418800 -0.03273600 -0.00345000
v -0.00418800 -0.03273600 -0.00345000
v -0.00438400 -0.03218700 -0.00414100
v -0.00438400 -0.03218700 -0.00414100
v -0.00438400 -0.03218700 -0.00414100
v -0.00438400 -0.03218700 -0.00414100
v -0.00438400 -0.03218700 -0.00414100
v -0.00442600 -0.03220900 -0.00499000
v -0.00442600 -0.03220900 -0.00499000
v -0.00442600 -0.03220900 -0.00499000
v -0.00442600 -0.03220900 -0.00499000
v -0.00442600 -0.03220900 -0.00499000
v -0.00442600 -0.03220900 -0.00499000
v -0.00442600 -0.03220900 -0.00499000
v -0.00427500 -0.02932600 -0.00282000
v -0.00427500 -0.02932600 -0.00282000
v -0.00427500 -0.02932600 -0.00282000
v -0.00427500 -0.02932600 -0.00282000
v -0.00427500 -0.02932600 -0.00282000
v -0.00427500 -0.02932600 -0.00282000
v -0.00442600 -0.03220900 -0.00501000
v -0.00442600 -0.03220900 -0.00501000
v -0.00442600 -0.03220900 -0.00501000
v -0.00442600 -0.03220900 -0.00501000
v -0.00442600 -0.03220900 -0.00501000
v -0.00442600 -0.03220900 -0.00501000
v -0.00442600 -0.03220900 -0.00501000
v -0.00442600 -0.03220900 -0.00501000
v -0.00438700 -0.03218200 -0.00583000
v -0.00438700 -0.03218200 -0.00583000
v -0.00438700 -0.03218200 -0.00583000
v -0.00438700 -0.03218200 -0.00583000
v -0.00437700 -0.03219100 -0.00592100
v -0.00437700 -0.03219100 -0.00592100
v -0.00437700 -0.03219100 -0.00592100
v -0.00437700 -0.03219100 -0.00592100
v -0.00437700 -0.03219100 -0.00592100
v -0.00437700 -0.03219100 -0.00592100
v -0.00430100 -0.03214300 -0.00645600
v -0.00430100 -0.03214300 -0.00645600
v -0.00430100 -0.03214300 -0.00645600
v -0.00430100 -0.03214300 -0.00645600
v -0.00430100 -0.03214300 -0.00645600
v -0.00430100 -0.03214300 -0.00645600
v -0.00430100 -0.03214300 -0.00645600
v -0.00427800 -0.03024700 -0.00717300
v -0.00427800 -0.03024700 -0.00717300
v -0.00427800 -0.03024700 -0.00717300
v -0.00427800 -0.03024700 -0.00717300
v -0.00427800 -0.03024700 -0.00717300
v -0.00427800 -0.03024700 -0.00717300
v -0.00427800 -0.03024700 -0.00717300
v -0.00425600 -0.02889200 -0.00718100
v -0.00425600 -0.02889200 -0.00718100
v -0.00425600 -0.02889200 -0.00718100
v -0.00425600 -0.02889200 -0.00718100
v -0.00316700 -0.00069600 -0.00792200
v -0.00316700 -0.00069600 -0.00792200
v -0.00316700 -0.00069600 -0.00792200
v -0.00316700 -0.00069600 -0.00792200
v -0.00316700 -0.00069600 -0.00792200
v -0.00316700 -0.00069600 -0.00792200
v -0.00316700 -0.00069600 -0.00792200
v -0.00316700 -0.00069600 -0.00792200
v -0.00316700 -0.00069600 -0.00792200
v -0.00316700 -0.00069600 -0.00792200
v -0.00316700 -0.00069600 -0.00792200
v -0.00355400 -0.00291900 -0.00655800
v -0.00355400 -0.00291900 -0.00655800
v -0.00355400 -0.00291900 -0.00655800
v -0.00355400 -0.00291900 -0.00655800
v -0.00355400 -0.00291900 -0.00655800
v -0.00355400 -0.00291900 -0.00655800
v -0.00365600 -0.00298100 -0.00593400
v -0.00365600 -0.00298100 -0.00593400
v -0.00365600 -0.00298100 -0.00593400
v -0.00365600 -0.00298100 -0.00593400
v -0.00365600 -0.00298100 -0.00593400
v -0.00318000 -0.00069600 -0.00785500
v -0.00318000 -0.00069600 -0.00785500
v -0.00318000 -0.00069600 -0.00785500
v -0.00318000 -0.00069600 -0.00785500
v -0.00306900 0.00065900 -0.00785500
v -0.00306900 0.00065900 -0.00785500
v -0.00306900 0.00065900 -0.00785500
v -0.00306900 0.00065900 -0.00785500
v -0.00306900 0.00065900 -0.00785500
v -0.00306900 0.00065900 -0.00785500
v -0.00306900 0.00065900 -0.00785500
v -0.00306900 0.00065900 -0.00785500
v -0.00306900 0.00065900 -0.00785500
v -0.00306900 0.00065900 -0.00785500
v -0.00306900 0.00065900 -0.00785500
v -0.00359200 -0.00199800 -0.00594600
v -0.00359200 -0.00199800 -0.00594600
v -0.00359200 -0.00199800 -0.00594600
v -0.00359600 -0.00199300 -0.00588700
v -0.00359600 -0.00199300 -0.00588700
v -0.00359600 -0.00199300 -0.00588700
v -0.00359600 -0.00199300 -0.00588700
v -0.00305500 0.00094700 -0.00644200
v -0.00305500 0.00094700 -0.00644200
v -0.00305500 0.00094700 -0.00644200
v -0.00305500 0.00094700 -0.00644200
v -0.00305500 0.00094700 -0.00355800
v -0.00305500 0.00094700 -0.00355800
v -0.00305500 0.00094700 -0.00355800
v -0.00305500 0.00094700 -0.00355800
v -0.00306900 0.00065900 -0.00214500
v -0.00306900 0.00065900 -0.00214500
v -0.00306900 0.00065900 -0.00214500
v -0.00306900 0.00065900 -0.00214500
v -0.00306900 0.00065900 -0.00214500
v -0.00306900 0.00065900 -0.00214500
v -0.00306900 0.00065900 -0.00214500
v -0.00306900 0.00065900 -0.00214500
v -0.00306900 0.00065900 -0.00214500
v -0.00306900 0.00065900 -0.00214500
v -0.00359200 -0.00199800 -0.00405400
v -0.00359200 -0.00199800 -0.00405400
v -0.00359200 -0.00199800 -0.00405400
v -0.00359200 -0.00199800 -0.00405400
v -0.00359200 -0.00199800 -0.00405400
v -0.00316700 -0.00069600 -0.00207800
v -0.00316700 -0.00069600 -0.00207800
v -0.00316700 -0.00069600 -0.00207800
v -0.00316700 -0.00069600 -0.00207800
v -0.00316700 -0.00069600 -0.00207800
v -0.00316700 -0.00069600 -0.00207800
v -0.00316700 -0.00069600 -0.00207800
v -0.00316700 -0.00069600 -0.00207800
v -0.00316700 -0.00069600 -0.00207800
v -0.00316700 -0.00069600 -0.00207800
v -0.00316700 -0.00069600 -0.00207800
v -0.00318000 -0.00069600 -0.00214500
v -0.00318000 -0.00069600 -0.00214500
v -0.00318000 -0.00069600 -0.00214500
v -0.00318000 -0.00069600 -0.00214500
v -0.00436800 -0.03231100 -0.00417200
v -0.00436800 -0.03231100 -0.00417200
v -0.00436800 -0.03231100 -0.00417200
v -0.00436800 -0.03231100 -0.00417200
v -0.00436800 -0.03231100 -0.00417200
v -0.00438000 -0.03220000 -0.00412400
v -0.00438000 -0.03220000 -0.00412400
v -0.00438000 -0.03220000 -0.00412400
v -0.00429500 -0.03274500 -0.00415900
v -0.00429500 -0.03274500 -0.00415900
v -0.00429500 -0.03274500 -0.00415900
v -0.00429500 -0.03274500 -0.00415900
v -0.00429500 -0.03274500 -0.00415900
v -0.00429500 -0.03274500 -0.00415900
v -0.00429500 -0.03274500 -0.00415900
v -0.00417300 -0.03038000 -0.00251800
v -0.00417300 -0.03038000 -0.00251800
v -0.00417300 -0.03038000 -0.00251800
v -0.00417300 -0.03038000 -0.00251800
v -0.00417300 -0.03038000 -0.00251800
v -0.00417300 -0.03038000 -0.00251800
v -0.00402900 -0.03199600 -0.00256600
v -0.00402900 -0.03199600 -0.00256600
v -0.00402900 -0.03199600 -0.00256600
v -0.00402900 -0.03199600 -0.00256600
v -0.00402900 -0.03199600 -0.00256600
v -0.00402900 -0.03199600 -0.00256600
v -0.00372800 -0.03276700 -0.00207200
v -0.00372800 -0.03276700 -0.00207200
v -0.00372800 -0.03276700 -0.00207200
v -0.00372800 -0.03276700 -0.00207200
v -0.00372800 -0.03276700 -0.00207200
v -0.00372800 -0.03276700 -0.00207200
v -0.00372800 -0.03276700 -0.00207200
v -0.00400900 -0.03283800 -0.00286700
v -0.00400900 -0.03283800 -0.00286700
v -0.00400900 -0.03283800 -0.00286700
v -0.00400900 -0.03283800 -0.00286700
v -0.00400900 -0.03283800 -0.00286700
v -0.00385500 -0.03352400 -0.00287300
v -0.00385500 -0.03352400 -0.00287300
v -0.00385500 -0.03352400 -0.00287300
v -0.00385500 -0.03352400 -0.00287300
v -0.00385500 -0.03352400 -0.00287300
v -0.00385500 -0.03352400 -0.00287300
v -0.00396600 -0.03361300 -0.00345500
v -0.00396600 -0.03361300 -0.00345500
v -0.00396600 -0.03361300 -0.00345500
v -0.00396600 -0.03361300 -0.00345500
v -0.00396600 -0.03361300 -0.00345500
v -0.00396600 -0.03361300 -0.00345500
v -0.00396600 -0.03361300 -0.00345500
v -0.00419100 -0.03313500 -0.00402800
v -0.00419100 -0.03313500 -0.00402800
v -0.00419100 -0.03313500 -0.00402800
v -0.00419100 -0.03313500 -0.00402800
v -0.00419100 -0.03313500 -0.00402800
v -0.00415200 -0.03345800 -0.00500000
v -0.00415200 -0.03345800 -0.00500000
v -0.00415200 -0.03345800 -0.00500000
v -0.00415200 -0.03345800 -0.00500000
v -0.00415200 -0.03345800 -0.00500000
v -0.00415200 -0.03345800 -0.00500000
v -0.00415200 -0.03345800 -0.00500000
v -0.00415200 -0.03345800 -0.00500000
v -0.00415200 -0.03345800 -0.00500000
v -0.00415200 -0.03345800 -0.00500000
v -0.00415200 -0.03345800 -0.00500000
v -0.00415200 -0.03345800 -0.00500000
v -0.00415200 -0.03345800 -0.00500000
v -0.00415200 -0.03345800 -0.00500000
v -0.00417300 -0.02926000 -0.00250500
v -0.00417300 -0.02926000 -0.00250500
v -0.00417300 -0.02926000 -0.00250500
v -0.00417300 -0.02926000 -0.00250500
v -0.00417300 -0.02926000 -0.00250500
v -0.00423200 -0.03301100 -0.00586300
v -0.00423200 -0.03301100 -0.00586300
v -0.00423200 -0.03301100 -0.00586300
v -0.00423200 -0.03301100 -0.00586300
v -0.00423200 -0.03301100 -0.00586300
v -0.00426300 -0.03285100 -0.00593800
v -0.00426300 -0.03285100 -0.00593800
v -0.00426300 -0.03285100 -0.00593800
v -0.00426300 -0.03285100 -0.00593800
v -0.00426300 -0.03285100 -0.00593800
v -0.00426300 -0.03285100 -0.00593800
v -0.00436200 -0.03236000 -0.00583000
v -0.00436200 -0.03236000 -0.00583000
v -0.00436200 -0.03236000 -0.00583000
v -0.00436200 -0.03236000 -0.00583000
v -0.00418700 -0.03273600 -0.00655100
v -0.00418700 -0.03273600 -0.00655100
v -0.00418700 -0.03273600 -0.00655100
v -0.00418700 -0.03273600 -0.00655100
v -0.00418700 -0.03273600 -0.00655100
v -0.00418700 -0.03273600 -0.00655100
v -0.00418700 -0.03273600 -0.00655100
v -0.00418700 -0.03273600 -0.00655100
v -0.00413000 -0.03204500 -0.00713900
v -0.00413000 -0.03204500 -0.00713900
v -0.00413000 -0.03204500 -0.00713900
v -0.00413000 -0.03204500 -0.00713900
v -0.00413000 -0.03204500 -0.00713900
v -0.00407200 -0.03246600 -0.00713600
v -0.00407200 -0.03246600 -0.00713600
v -0.00407200 -0.03246600 -0.00713600
v -0.00407200 -0.03246600 -0.00713600
v -0.00407200 -0.03246600 -0.00713600
v -0.00407200 -0.03246600 -0.00713600
v -0.00417300 -0.03038000 -0.00748200
v -0.00417300 -0.03038000 -0.00748200
v -0.00417300 -0.03038000 -0.00748200
v -0.00417300 -0.03038000 -0.00748200
v -0.00417300 -0.03038000 -0.00748200
v -0.00417300 -0.02926000 -0.00749500
v -0.00417300 -0.02926000 -0.00749500
v -0.00417300 -0.02926000 -0.00749500
v -0.00417300 -0.02926000 -0.00749500
v -0.00417300 -0.02926000 -0.00749500
v -0.00417300 -0.02926000 -0.00749500
v -0.00312000 -0.00069600 -0.00799300
v -0.00312000 -0.00069600 -0.00799300
v -0.00312000 -0.00069600 -0.00799300
v -0.00312000 -0.00069600 -0.00799300
v -0.00312000 -0.00069600 -0.00799300
v -0.00312000 -0.00069600 -0.00799300
v -0.00312000 -0.00069600 -0.00799300
v -0.00305500 0.00065500 -0.00792200
v -0.00305500 0.00065500 -0.00792200
v -0.00305500 0.00065500 -0.00792200
v -0.00305500 0.00065500 -0.00792200
v -0.00305500 0.00065500 -0.00792200
v -0.00305500 0.00065500 -0.00792200
v -0.00397600 -0.02917100 -0.00805700
v -0.00397600 -0.02917100 -0.00805700
v -0.00397600 -0.02917100 -0.00805700
v -0.00397600 -0.02917100 -0.00805700
v -0.00397600 -0.02917100 -0.00805700
v -0.00369400 -0.02906000 -0.00872300
v -0.00369400 -0.02906000 -0.00872300
v -0.00369400 -0.02906000 -0.00872300
v -0.00369400 -0.02906000 -0.00872300
v -0.00369400 -0.02906000 -0.00872300
v -0.00332600 -0.02893200 -0.00937200
v -0.00332600 -0.02893200 -0.00937200
v -0.00332600 -0.02893200 -0.00937200
v -0.00332600 -0.02893200 -0.00937200
v -0.00332600 -0.02893200 -0.00937200
v -0.00332600 -0.02893200 -0.00937200
v -0.00274700 0.00197900 -0.00785500
v -0.00274700 0.00197900 -0.00785500
v -0.00274700 0.00197900 -0.00785500
v -0.00274700 0.00197900 -0.00785500
v -0.00274700 0.00197900 -0.00785500
v -0.00274700 0.00197900 -0.00785500
v -0.00295000 0.00140300 -0.00654900
v -0.00295000 0.00140300 -0.00654900
v -0.00295000 0.00140300 -0.00654900
v -0.00295000 0.00140300 -0.00654900
v -0.00300700 0.00117300 -0.00644900
v -0.00300700 0.00117300 -0.00644900
v -0.00300700 0.00117300 -0.00644900
v -0.00300700 0.00117300 -0.00644900
v -0.00300700 0.00117300 -0.00644900
v -0.00300700 0.00117300 -0.00355100
v -0.00300700 0.00117300 -0.00355100
v -0.00300700 0.00117300 -0.00355100
v -0.00300700 0.00117300 -0.00355100
v -0.00300700 0.00117300 -0.00355100
v -0.00295000 0.00140300 -0.00345100
v -0.00295000 0.00140300 -0.00345100
v -0.00295000 0.00140300 -0.00345100
v -0.00295000 0.00140300 -0.00345100
v -0.00274700 0.00197900 -0.00214500
v -0.00274700 0.00197900 -0.00214500
v -0.00274700 0.00197900 -0.00214500
v -0.00274700 0.00197900 -0.00214500
v -0.00274700 0.00197900 -0.00214500
v -0.00274700 0.00197900 -0.00214500
v -0.00305500 0.00065500 -0.00207800
v -0.00305500 0.00065500 -0.00207800
v -0.00305500 0.00065500 -0.00207800
v -0.00305500 0.00065500 -0.00207800
v -0.00305500 0.00065500 -0.00207800
v -0.00305500 0.00065500 -0.00207800
v -0.00312000 -0.00069600 -0.00200700
v -0.00312000 -0.00069600 -0.00200700
v -0.00312000 -0.00069600 -0.00200700
v -0.00312000 -0.00069600 -0.00200700
v -0.00312000 -0.00069600 -0.00200700
v -0.00312000 -0.00069600 -0.00200700
v -0.00312000 -0.00069600 -0.00200700
v -0.00332600 -0.02893200 -0.00062800
v -0.00332600 -0.02893200 -0.00062800
v -0.00332600 -0.02893200 -0.00062800
v -0.00332600 -0.02893200 -0.00062800
v -0.00332600 -0.02893200 -0.00062800
v -0.00332600 -0.02893200 -0.00062800
v -0.00369400 -0.02906000 -0.00127700
v -0.00369400 -0.02906000 -0.00127700
v -0.00369400 -0.02906000 -0.00127700
v -0.00369400 -0.02906000 -0.00127700
v -0.00369400 -0.02906000 -0.00127700
v -0.00397600 -0.02917100 -0.00194300
v -0.00397600 -0.02917100 -0.00194300
v -0.00397600 -0.02917100 -0.00194300
v -0.00397600 -0.02917100 -0.00194300
v -0.00397600 -0.02917100 -0.00194300
v -0.00419600 -0.03314800 -0.00411700
v -0.00419600 -0.03314800 -0.00411700
v -0.00419600 -0.03314800 -0.00411700
v -0.00419600 -0.03314800 -0.00411700
v -0.00398100 -0.03026500 -0.00196900
v -0.00398100 -0.03026500 -0.00196900
v -0.00398100 -0.03026500 -0.00196900
v -0.00398100 -0.03026500 -0.00196900
v -0.00398100 -0.03026500 -0.00196900
v -0.00398100 -0.03026500 -0.00196900
v -0.00398100 -0.03026500 -0.00196900
v -0.00384400 -0.03191700 -0.00205500
v -0.00384400 -0.03191700 -0.00205500
v -0.00384400 -0.03191700 -0.00205500
v -0.00384400 -0.03191700 -0.00205500
v -0.00384400 -0.03191700 -0.00205500
v -0.00347800 -0.03269200 -0.00148700
v -0.00347800 -0.03269200 -0.00148700
v -0.00347800 -0.03269200 -0.00148700
v -0.00347800 -0.03269200 -0.00148700
v -0.00347800 -0.03269200 -0.00148700
v -0.00347800 -0.03269200 -0.00148700
v -0.00328800 -0.03380800 -0.00156100
v -0.00328800 -0.03380800 -0.00156100
v -0.00328800 -0.03380800 -0.00156100
v -0.00328800 -0.03380800 -0.00156100
v -0.00328800 -0.03380800 -0.00156100
v -0.00328800 -0.03380800 -0.00156100
v -0.00328800 -0.03380800 -0.00156100
v -0.00350500 -0.03390100 -0.00210700
v -0.00350500 -0.03390100 -0.00210700
v -0.00350500 -0.03390100 -0.00210700
v -0.00350500 -0.03390100 -0.00210700
v -0.00350500 -0.03390100 -0.00210700
v -0.00350500 -0.03390100 -0.00210700
v -0.00350500 -0.03390100 -0.00210700
v -0.00364600 -0.03396700 -0.00257700
v -0.00364600 -0.03396700 -0.00257700
v -0.00364600 -0.03396700 -0.00257700
v -0.00364600 -0.03396700 -0.00257700
v -0.00364600 -0.03396700 -0.00257700
v -0.00369500 -0.03407300 -0.00287800
v -0.00369500 -0.03407300 -0.00287800
v -0.00369500 -0.03407300 -0.00287800
v -0.00369500 -0.03407300 -0.00287800
v -0.00414200 -0.03332900 -0.00408800
v -0.00414200 -0.03332900 -0.00408800
v -0.00414200 -0.03332900 -0.00408800
v -0.00414200 -0.03332900 -0.00408800
v -0.00414200 -0.03332900 -0.00408800
v -0.00414200 -0.03332900 -0.00408800
v -0.00353600 -0.03452100 -0.00288300
v -0.00353600 -0.03452100 -0.00288300
v -0.00353600 -0.03452100 -0.00288300
v -0.00353600 -0.03452100 -0.00288300
v -0.00353600 -0.03452100 -0.00288300
v -0.00353600 -0.03452100 -0.00288300
v -0.00353600 -0.03452100 -0.00288300
v -0.00353600 -0.03452100 -0.00288300
v -0.00353600 -0.03452100 -0.00288300
v -0.00389200 -0.03399400 -0.00381400
v -0.00389200 -0.03399400 -0.00381400
v -0.00389200 -0.03399400 -0.00381400
v -0.00389200 -0.03399400 -0.00381400
v -0.00389200 -0.03399400 -0.00381400
v -0.00389200 -0.03399400 -0.00381400
v -0.00389200 -0.03399400 -0.00381400
v -0.00392400 -0.03393600 -0.00393300
v -0.00392400 -0.03393600 -0.00393300
v -0.00392400 -0.03393600 -0.00393300
v -0.00392400 -0.03393600 -0.00393300
v -0.00389100 -0.03401600 -0.00390600
v -0.00389100 -0.03401600 -0.00390600
v -0.00389100 -0.03401600 -0.00390600
v -0.00389100 -0.03401600 -0.00390600
v -0.00389100 -0.03401600 -0.00390600
v -0.00367100 -0.03464900 -0.00499000
v -0.00367100 -0.03464900 -0.00499000
v -0.00367100 -0.03464900 -0.00499000
v -0.00367100 -0.03464900 -0.00499000
v -0.00367100 -0.03464900 -0.00499000
v -0.00367100 -0.03464900 -0.00499000
v -0.00367100 -0.03464900 -0.00499000
v -0.00367100 -0.03464900 -0.00501000
v -0.00367100 -0.03464900 -0.00501000
v -0.00367100 -0.03464900 -0.00501000
v -0.00367100 -0.03464900 -0.00501000
v -0.00367100 -0.03464900 -0.00501000
v -0.00367100 -0.03464900 -0.00501000
v -0.00367100 -0.03464900 -0.00501000
v -0.00367100 -0.03464900 -0.00501000
v -0.00389200 -0.03401100 -0.00609300
v -0.00389200 -0.03401100 -0.00609300
v -0.00389200 -0.03401100 -0.00609300
v -0.00389200 -0.03401100 -0.00609300
v -0.00389200 -0.03401100 -0.00609300
v -0.00389200 -0.03401100 -0.00609300
v -0.00401800 -0.03369300 -0.00599300
v -0.00401800 -0.03369300 -0.00599300
v -0.00401800 -0.03369300 -0.00599300
v -0.00401800 -0.03369300 -0.00599300
v -0.00401800 -0.03369300 -0.00599300
v -0.00410400 -0.03344900 -0.00593500
v -0.00410400 -0.03344900 -0.00593500
v -0.00410400 -0.03344900 -0.00593500
v -0.00410400 -0.03344900 -0.00593500
v -0.00410400 -0.03344900 -0.00593500
v -0.00419700 -0.03313900 -0.00588100
v -0.00419700 -0.03313900 -0.00588100
v -0.00419700 -0.03313900 -0.00588100
v -0.00419700 -0.03313900 -0.00588100
v -0.00419300 -0.03313000 -0.00597100
v -0.00419300 -0.03313000 -0.00597100
v -0.00419300 -0.03313000 -0.00597100
v -0.00419300 -0.03313000 -0.00597100
v -0.00419300 -0.03313000 -0.00597100
v -0.00419300 -0.03313000 -0.00597100
v -0.00419300 -0.03313000 -0.00597100
v -0.00396600 -0.03361300 -0.00654600
v -0.00396600 -0.03361300 -0.00654600
v -0.00396600 -0.03361300 -0.00654600
v -0.00396600 -0.03361300 -0.00654600
v -0.00396600 -0.03361300 -0.00654600
v -0.00396600 -0.03361300 -0.00654600
v -0.00396600 -0.03361300 -0.00654600
v -0.00385500 -0.03352400 -0.00712700
v -0.00385500 -0.03352400 -0.00712700
v -0.00385500 -0.03352400 -0.00712700
v -0.00385500 -0.03352400 -0.00712700
v -0.00385500 -0.03352400 -0.00712700
v -0.00385500 -0.03352400 -0.00712700
v -0.00400900 -0.03283800 -0.00713300
v -0.00400900 -0.03283800 -0.00713300
v -0.00400900 -0.03283800 -0.00713300
v -0.00400900 -0.03283800 -0.00713300
v -0.00400900 -0.03283800 -0.00713300
v -0.00402900 -0.03199600 -0.00743400
v -0.00402900 -0.03199600 -0.00743400
v -0.00402900 -0.03199600 -0.00743400
v -0.00402900 -0.03199600 -0.00743400
v -0.00402900 -0.03199600 -0.00743400
v -0.00402900 -0.03199600 -0.00743400
v -0.00373100 -0.03276700 -0.00792100
v -0.00373100 -0.03276700 -0.00792100
v -0.00373100 -0.03276700 -0.00792100
v -0.00373100 -0.03276700 -0.00792100
v -0.00373100 -0.03276700 -0.00792100
v -0.00373100 -0.03276700 -0.00792100
v -0.00373100 -0.03276700 -0.00792100
v -0.00398100 -0.03026500 -0.00803100
v -0.00398100 -0.03026500 -0.00803100
v -0.00398100 -0.03026500 -0.00803100
v -0.00398100 -0.03026500 -0.00803100
v -0.00398100 -0.03026500 -0.00803100
v -0.00398100 -0.03026500 -0.00803100
v -0.00398100 -0.03026500 -0.00803100
v -0.00212700 -0.00345500 -0.00911200
v -0.00212700 -0.00345500 -0.00911200
v -0.00212700 -0.00345500 -0.00911200
v -0.00212700 -0.00345500 -0.00911200
v -0.00300900 0.00064600 -0.00799300
v -0.00300900 0.00064600 -0.00799300
v -0.00300900 0.00064600 -0.00799300
v -0.00300900 0.00064600 -0.00799300
v -0.00300900 0.00064600 -0.00799300
v -0.00300900 0.00064600 -0.00799300
v -0.00300900 0.00064600 -0.00799300
v -0.00286600 -0.02878100 -0.00991100
v -0.00286600 -0.02878100 -0.00991100
v -0.00286600 -0.02878100 -0.00991100
v -0.00286600 -0.02878100 -0.00991100
v -0.00286600 -0.02878100 -0.00991100
v -0.00286600 -0.02878100 -0.00991100
v -0.00276100 -0.02768300 -0.00995000
v -0.00276100 -0.02768300 -0.00995000
v -0.00276100 -0.02768300 -0.00995000
v -0.00276100 -0.02768300 -0.00995000
v -0.00276100 -0.02768300 -0.00995000
v -0.00276100 -0.02768300 -0.00995000
v -0.00276100 -0.02768300 -0.00995000
v -0.00276100 -0.02768300 -0.00995000
v -0.00269000 0.00195700 -0.00799300
v -0.00269000 0.00195700 -0.00799300
v -0.00269000 0.00195700 -0.00799300
v -0.00269000 0.00195700 -0.00799300
v -0.00269000 0.00195700 -0.00799300
v -0.00269000 0.00195700 -0.00799300
v -0.00269000 0.00195700 -0.00799300
v -0.00269000 0.00195700 -0.00799300
v -0.00273400 0.00197500 -0.00792200
v -0.00273400 0.00197500 -0.00792200
v -0.00273400 0.00197500 -0.00792200
v -0.00273400 0.00197500 -0.00792200
v -0.00273400 0.00197500 -0.00792200
v -0.00273400 0.00197500 -0.00792200
v -0.00370600 -0.03013200 -0.00868200
v -0.00370600 -0.03013200 -0.00868200
v -0.00370600 -0.03013200 -0.00868200
v -0.00370600 -0.03013200 -0.00868200
v -0.00370600 -0.03013200 -0.00868200
v -0.00370600 -0.03013200 -0.00868200
v -0.00334700 -0.02998200 -0.00932000
v -0.00334700 -0.02998200 -0.00932000
v -0.00334700 -0.02998200 -0.00932000
v -0.00334700 -0.02998200 -0.00932000
v -0.00334700 -0.02998200 -0.00932000
v -0.00334700 -0.02998200 -0.00932000
v -0.00290100 -0.02981300 -0.00985400
v -0.00290100 -0.02981300 -0.00985400
v -0.00290100 -0.02981300 -0.00985400
v -0.00290100 -0.02981300 -0.00985400
v -0.00290100 -0.02981300 -0.00985400
v -0.00290100 -0.02981300 -0.00985400
v -0.00261500 0.00234700 -0.00785500
v -0.00261500 0.00234700 -0.00785500
v -0.00261500 0.00234700 -0.00785500
v -0.00261500 0.00234700 -0.00785500
v -0.00261500 0.00234700 -0.00785500
v -0.00264700 0.00236000 -0.00654900
v -0.00264700 0.00236000 -0.00654900
v -0.00264700 0.00236000 -0.00654900
v -0.00264700 0.00236000 -0.00654900
v -0.00264700 0.00236000 -0.00654900
v -0.00295300 0.00139900 -0.00645500
v -0.00295300 0.00139900 -0.00645500
v -0.00295300 0.00139900 -0.00645500
v -0.00295300 0.00139900 -0.00645500
v -0.00295300 0.00139900 -0.00645500
v -0.00295300 0.00139900 -0.00354500
v -0.00295300 0.00139900 -0.00354500
v -0.00295300 0.00139900 -0.00354500
v -0.00295300 0.00139900 -0.00354500
v -0.00295300 0.00139900 -0.00354500
v -0.00264700 0.00236000 -0.00345100
v -0.00264700 0.00236000 -0.00345100
v -0.00264700 0.00236000 -0.00345100
v -0.00264700 0.00236000 -0.00345100
v -0.00264700 0.00236000 -0.00345100
v -0.00261500 0.00234700 -0.00214500
v -0.00261500 0.00234700 -0.00214500
v -0.00261500 0.00234700 -0.00214500
v -0.00261500 0.00234700 -0.00214500
v -0.00261500 0.00234700 -0.00214500
v -0.00273400 0.00197500 -0.00207800
v -0.00273400 0.00197500 -0.00207800
v -0.00273400 0.00197500 -0.00207800
v -0.00273400 0.00197500 -0.00207800
v -0.00273400 0.00197500 -0.00207800
v -0.00273400 0.00197500 -0.00207800
v -0.00269000 0.00195700 -0.00200700
v -0.00269000 0.00195700 -0.00200700
v -0.00269000 0.00195700 -0.00200700
v -0.00269000 0.00195700 -0.00200700
v -0.00269000 0.00195700 -0.00200700
v -0.00269000 0.00195700 -0.00200700
v -0.00269000 0.00195700 -0.00200700
v -0.00269000 0.00195700 -0.00200700
v -0.00300900 0.00064600 -0.00200700
v -0.00300900 0.00064600 -0.00200700
v -0.00300900 0.00064600 -0.00200700
v -0.00300900 0.00064600 -0.00200700
v -0.00300900 0.00064600 -0.00200700
v -0.00300900 0.00064600 -0.00200700
v -0.00300900 0.00064600 -0.00200700
v -0.00212700 -0.00345500 -0.00088800
v -0.00212700 -0.00345500 -0.00088800
v -0.00212700 -0.00345500 -0.00088800
v -0.00212700 -0.00345500 -0.00088800
v -0.00276100 -0.02768300 -0.00005000
v -0.00276100 -0.02768300 -0.00005000
v -0.00276100 -0.02768300 -0.00005000
v -0.00276100 -0.02768300 -0.00005000
v -0.00276100 -0.02768300 -0.00005000
v -0.00276100 -0.02768300 -0.00005000
v -0.00276100 -0.02768300 -0.00005000
v -0.00276100 -0.02768300 -0.00005000
v -0.00286600 -0.02878100 -0.00008900
v -0.00286600 -0.02878100 -0.00008900
v -0.00286600 -0.02878100 -0.00008900
v -0.00286600 -0.02878100 -0.00008900
v -0.00286600 -0.02878100 -0.00008900
v -0.00286600 -0.02878100 -0.00008900
v -0.00290100 -0.02981300 -0.00014600
v -0.00290100 -0.02981300 -0.00014600
v -0.00290100 -0.02981300 -0.00014600
v -0.00290100 -0.02981300 -0.00014600
v -0.00290100 -0.02981300 -0.00014600
v -0.00290100 -0.02981300 -0.00014600
v -0.00334700 -0.02998200 -0.00068000
v -0.00334700 -0.02998200 -0.00068000
v -0.00334700 -0.02998200 -0.00068000
v -0.00334700 -0.02998200 -0.00068000
v -0.00334700 -0.02998200 -0.00068000
v -0.00334700 -0.02998200 -0.00068000
v -0.00370600 -0.03013200 -0.00131800
v -0.00370600 -0.03013200 -0.00131800
v -0.00370600 -0.03013200 -0.00131800
v -0.00370600 -0.03013200 -0.00131800
v -0.00370600 -0.03013200 -0.00131800
v -0.00370600 -0.03013200 -0.00131800
v -0.00358300 -0.03181900 -0.00144100
v -0.00358300 -0.03181900 -0.00144100
v -0.00358300 -0.03181900 -0.00144100
v -0.00358300 -0.03181900 -0.00144100
v -0.00358300 -0.03181900 -0.00144100
v -0.00315500 -0.03260800 -0.00090900
v -0.00315500 -0.03260800 -0.00090900
v -0.00315500 -0.03260800 -0.00090900
v -0.00315500 -0.03260800 -0.00090900
v -0.00315500 -0.03260800 -0.00090900
v -0.00315500 -0.03260800 -0.00090900
v -0.00324800 -0.03171300 -0.00083100
v -0.00324800 -0.03171300 -0.00083100
v -0.00324800 -0.03171300 -0.00083100
v -0.00324800 -0.03171300 -0.00083100
v -0.00324800 -0.03171300 -0.00083100
v -0.00324800 -0.03171300 -0.00083100
v -0.00299200 -0.03369700 -0.00102900
v -0.00299200 -0.03369700 -0.00102900
v -0.00299200 -0.03369700 -0.00102900
v -0.00299200 -0.03369700 -0.00102900
v -0.00299200 -0.03369700 -0.00102900
v -0.00270500 -0.03479500 -0.00118900
v -0.00270500 -0.03479500 -0.00118900
v -0.00270500 -0.03479500 -0.00118900
v -0.00270500 -0.03479500 -0.00118900
v -0.00270500 -0.03479500 -0.00118900
v -0.00270500 -0.03479500 -0.00118900
v -0.00295200 -0.03494100 -0.00166600
v -0.00295200 -0.03494100 -0.00166600
v -0.00295200 -0.03494100 -0.00166600
v -0.00295200 -0.03494100 -0.00166600
v -0.00295200 -0.03494100 -0.00166600
v -0.00295200 -0.03494100 -0.00166600
v -0.00311500 -0.03506100 -0.00216200
v -0.00311500 -0.03506100 -0.00216200
v -0.00311500 -0.03506100 -0.00216200
v -0.00311500 -0.03506100 -0.00216200
v -0.00311500 -0.03506100 -0.00216200
v -0.00311500 -0.03506100 -0.00216200
v -0.00311500 -0.03506100 -0.00216200
v -0.00320100 -0.03515000 -0.00259900
v -0.00320100 -0.03515000 -0.00259900
v -0.00320100 -0.03515000 -0.00259900
v -0.00320100 -0.03515000 -0.00259900
v -0.00320100 -0.03515000 -0.00259900
v -0.00320100 -0.03515000 -0.00259900
v -0.00322700 -0.03520700 -0.00289200
v -0.00322700 -0.03520700 -0.00289200
v -0.00322700 -0.03520700 -0.00289200
v -0.00322700 -0.03520700 -0.00289200
v -0.00322700 -0.03520700 -0.00289200
v -0.00322700 -0.03520700 -0.00289200
v -0.00352600 -0.03475100 -0.00342400
v -0.00352600 -0.03475100 -0.00342400
v -0.00352600 -0.03475100 -0.00342400
v -0.00352600 -0.03475100 -0.00342400
v -0.00352600 -0.03475100 -0.00342400
v -0.00359900 -0.03460000 -0.00346600
v -0.00359900 -0.03460000 -0.00346600
v -0.00359900 -0.03460000 -0.00346600
v -0.00359900 -0.03460000 -0.00346600
v -0.00359900 -0.03460000 -0.00346600
v -0.00385600 -0.03409600 -0.00387600
v -0.00385600 -0.03409600 -0.00387600
v -0.00385600 -0.03409600 -0.00387600
v -0.00385600 -0.03409600 -0.00387600
v -0.00385600 -0.03409600 -0.00387600
v -0.00359200 -0.03464900 -0.00360600
v -0.00359200 -0.03464900 -0.00360600
v -0.00359200 -0.03464900 -0.00360600
v -0.00359200 -0.03464900 -0.00360600
v -0.00359200 -0.03464900 -0.00360600
v -0.00334400 -0.03508300 -0.00330800
v -0.00334400 -0.03508300 -0.00330800
v -0.00334400 -0.03508300 -0.00330800
v -0.00334400 -0.03508300 -0.00330800
v -0.00334400 -0.03508300 -0.00330800
v -0.00334400 -0.03508300 -0.00330800
v -0.00334400 -0.03508300 -0.00330800
v -0.00301300 -0.03576500 -0.00499000
v -0.00301300 -0.03576500 -0.00499000
v -0.00301300 -0.03576500 -0.00499000
v -0.00301300 -0.03576500 -0.00499000
v -0.00301300 -0.03576500 -0.00499000
v -0.00301300 -0.03576500 -0.00499000
v -0.00301300 -0.03576500 -0.00499000
v -0.00301300 -0.03576500 -0.00499000
v -0.00301300 -0.03576500 -0.00501000
v -0.00301300 -0.03576500 -0.00501000
v -0.00301300 -0.03576500 -0.00501000
v -0.00301300 -0.03576500 -0.00501000
v -0.00301300 -0.03576500 -0.00501000
v -0.00301300 -0.03576500 -0.00501000
v -0.00301300 -0.03576500 -0.00501000
v -0.00301300 -0.03576500 -0.00501000
v -0.00301300 -0.03576500 -0.00501000
v -0.00326700 -0.03518100 -0.00691100
v -0.00326700 -0.03518100 -0.00691100
v -0.00326700 -0.03518100 -0.00691100
v -0.00326700 -0.03518100 -0.00691100
v -0.00326700 -0.03518100 -0.00691100
v -0.00326700 -0.03518100 -0.00691100
v -0.00326700 -0.03518100 -0.00691100
v -0.00349900 -0.03481700 -0.00650100
v -0.00349900 -0.03481700 -0.00650100
v -0.00349900 -0.03481700 -0.00650100
v -0.00349900 -0.03481700 -0.00650100
v -0.00360200 -0.03462700 -0.00638200
v -0.00360200 -0.03462700 -0.00638200
v -0.00360200 -0.03462700 -0.00638200
v -0.00360200 -0.03462700 -0.00638200
v -0.00360200 -0.03462700 -0.00638200
v -0.00377100 -0.03428600 -0.00620400
v -0.00377100 -0.03428600 -0.00620400
v -0.00377100 -0.03428600 -0.00620400
v -0.00377100 -0.03428600 -0.00620400
v -0.00377100 -0.03428600 -0.00620400
v -0.00383800 -0.03411800 -0.00623400
v -0.00383800 -0.03411800 -0.00623400
v -0.00383800 -0.03411800 -0.00623400
v -0.00383800 -0.03411800 -0.00623400
v -0.00383800 -0.03411800 -0.00623400
v -0.00389400 -0.03398900 -0.00618400
v -0.00389400 -0.03398900 -0.00618400
v -0.00389400 -0.03398900 -0.00618400
v -0.00389400 -0.03398900 -0.00618400
v -0.00389400 -0.03398900 -0.00618400
v -0.00389400 -0.03398900 -0.00618400
v -0.00407100 -0.03352000 -0.00604700
v -0.00407100 -0.03352000 -0.00604700
v -0.00407100 -0.03352000 -0.00604700
v -0.00407100 -0.03352000 -0.00604700
v -0.00407100 -0.03352000 -0.00604700
v -0.00353600 -0.03452100 -0.00711700
v -0.00353600 -0.03452100 -0.00711700
v -0.00353600 -0.03452100 -0.00711700
v -0.00353600 -0.03452100 -0.00711700
v -0.00353600 -0.03452100 -0.00711700
v -0.00353600 -0.03452100 -0.00711700
v -0.00353600 -0.03452100 -0.00711700
v -0.00353600 -0.03452100 -0.00711700
v -0.00353600 -0.03452100 -0.00711700
v -0.00369500 -0.03407300 -0.00712200
v -0.00369500 -0.03407300 -0.00712200
v -0.00369500 -0.03407300 -0.00712200
v -0.00369500 -0.03407300 -0.00712200
v -0.00364600 -0.03396700 -0.00742100
v -0.00364600 -0.03396700 -0.00742100
v -0.00364600 -0.03396700 -0.00742100
v -0.00364600 -0.03396700 -0.00742100
v -0.00364600 -0.03396700 -0.00742100
v -0.00350800 -0.03390100 -0.00788700
v -0.00350800 -0.03390100 -0.00788700
v -0.00350800 -0.03390100 -0.00788700
v -0.00350800 -0.03390100 -0.00788700
v -0.00350800 -0.03390100 -0.00788700
v -0.00350800 -0.03390100 -0.00788700
v -0.00350800 -0.03390100 -0.00788700
v -0.00384400 -0.03191700 -0.00794500
v -0.00384400 -0.03191700 -0.00794500
v -0.00384400 -0.03191700 -0.00794500
v -0.00384400 -0.03191700 -0.00794500
v -0.00384400 -0.03191700 -0.00794500
v -0.00348400 -0.03269600 -0.00850300
v -0.00348400 -0.03269600 -0.00850300
v -0.00348400 -0.03269600 -0.00850300
v -0.00348400 -0.03269600 -0.00850300
v -0.00348400 -0.03269600 -0.00850300
v -0.00348400 -0.03269600 -0.00850300
v -0.00329300 -0.03380800 -0.00842900
v -0.00329300 -0.03380800 -0.00842900
v -0.00329300 -0.03380800 -0.00842900
v -0.00329300 -0.03380800 -0.00842900
v -0.00329300 -0.03380800 -0.00842900
v -0.00329300 -0.03380800 -0.00842900
v -0.00329300 -0.03380800 -0.00842900
v -0.00358300 -0.03181900 -0.00855900
v -0.00358300 -0.03181900 -0.00855900
v -0.00358300 -0.03181900 -0.00855900
v -0.00358300 -0.03181900 -0.00855900
v -0.00358300 -0.03181900 -0.00855900
v -0.00181700 -0.00362700 -0.00940100
v -0.00181700 -0.00362700 -0.00940100
v -0.00181700 -0.00362700 -0.00940100
v -0.00181700 -0.00362700 -0.00940100
v -0.00136500 -0.00377800 -0.00975600
v -0.00136500 -0.00377800 -0.00975600
v -0.00136500 -0.00377800 -0.00975600
v -0.00136500 -0.00377800 -0.00975600
v -0.00125700 -0.00385800 -0.00984300
v -0.00125700 -0.00385800 -0.00984300
v -0.00125700 -0.00385800 -0.00984300
v -0.00125700 -0.00385800 -0.00984300
v -0.00125700 -0.00385800 -0.00984300
v -0.00125700 -0.00385800 -0.00984300
v -0.00237300 -0.02963600 -0.01022700
v -0.00237300 -0.02963600 -0.01022700
v -0.00237300 -0.02963600 -0.01022700
v -0.00237300 -0.02963600 -0.01022700
v -0.00237300 -0.02963600 -0.01022700
v -0.00237300 -0.02963600 -0.01022700
v -0.00231900 -0.02861300 -0.01028600
v -0.00231900 -0.02861300 -0.01028600
v -0.00231900 -0.02861300 -0.01028600
v -0.00231900 -0.02861300 -0.01028600
v -0.00231900 -0.02861300 -0.01028600
v -0.00231900 -0.02861300 -0.01028600
v -0.00220300 -0.02754600 -0.01032900
v -0.00220300 -0.02754600 -0.01032900
v -0.00220300 -0.02754600 -0.01032900
v -0.00220300 -0.02754600 -0.01032900
v -0.00220300 -0.02754600 -0.01032900
v -0.00220300 -0.02754600 -0.01032900
v -0.00220300 -0.02754600 -0.01032900
v -0.00220300 -0.02754600 -0.01032900
v -0.00220300 -0.02754600 -0.01032900
v -0.00220300 -0.02754600 -0.01032900
v -0.00262300 0.00193500 -0.00803700
v -0.00262300 0.00193500 -0.00803700
v -0.00262300 0.00193500 -0.00803700
v -0.00262300 0.00193500 -0.00803700
v -0.00262300 0.00193500 -0.00803700
v -0.00210600 0.00317000 -0.00803700
v -0.00210600 0.00317000 -0.00803700
v -0.00210600 0.00317000 -0.00803700
v -0.00210600 0.00317000 -0.00803700
v -0.00210600 0.00317000 -0.00803700
v -0.00210600 0.00317000 -0.00803700
v -0.00210600 0.00317000 -0.00803700
v -0.00210600 0.00317000 -0.00803700
v -0.00216900 0.00320100 -0.00799300
v -0.00216900 0.00320100 -0.00799300
v -0.00216900 0.00320100 -0.00799300
v -0.00216900 0.00320100 -0.00799300
v -0.00216900 0.00320100 -0.00799300
v -0.00090400 -0.00396000 -0.01007900
v -0.00090400 -0.00396000 -0.01007900
v -0.00090400 -0.00396000 -0.01007900
v -0.00090400 -0.00396000 -0.01007900
v -0.00090400 -0.00396000 -0.01007900
v -0.00090400 -0.00396000 -0.01007900
v -0.00090400 -0.00396000 -0.01007900
v -0.00220900 0.00322300 -0.00792200
v -0.00220900 0.00322300 -0.00792200
v -0.00220900 0.00322300 -0.00792200
v -0.00220900 0.00322300 -0.00792200
v -0.00220900 0.00322300 -0.00792200
v -0.00220900 0.00322300 -0.00792200
v -0.00220900 0.00322300 -0.00792200
v -0.00324800 -0.03171300 -0.00916900
v -0.00324800 -0.03171300 -0.00916900
v -0.00324800 -0.03171300 -0.00916900
v -0.00324800 -0.03171300 -0.00916900
v -0.00324800 -0.03171300 -0.00916900
v -0.00324800 -0.03171300 -0.00916900
v -0.00283400 -0.03159400 -0.00968300
v -0.00283400 -0.03159400 -0.00968300
v -0.00283400 -0.03159400 -0.00968300
v -0.00283400 -0.03159400 -0.00968300
v -0.00283400 -0.03159400 -0.00968300
v -0.00283400 -0.03159400 -0.00968300
v -0.00234800 -0.03147400 -0.01004300
v -0.00234800 -0.03147400 -0.01004300
v -0.00234800 -0.03147400 -0.01004300
v -0.00234800 -0.03147400 -0.01004300
v -0.00234800 -0.03147400 -0.01004300
v -0.00234800 -0.03147400 -0.01004300
v -0.00222300 0.00322800 -0.00785500
v -0.00222300 0.00322800 -0.00785500
v -0.00222300 0.00322800 -0.00785500
v -0.00222300 0.00322800 -0.00785500
v -0.00222300 0.00322800 -0.00785500
v -0.00222300 0.00322800 -0.00785500
v -0.00222300 0.00322800 -0.00214500
v -0.00222300 0.00322800 -0.00214500
v -0.00222300 0.00322800 -0.00214500
v -0.00222300 0.00322800 -0.00214500
v -0.00222300 0.00322800 -0.00214500
v -0.00222300 0.00322800 -0.00214500
v -0.00220900 0.00322300 -0.00207800
v -0.00220900 0.00322300 -0.00207800
v -0.00220900 0.00322300 -0.00207800
v -0.00220900 0.00322300 -0.00207800
v -0.00220900 0.00322300 -0.00207800
v -0.00220900 0.00322300 -0.00207800
v -0.00220900 0.00322300 -0.00207800
v -0.00216900 0.00320100 -0.00200700
v -0.00216900 0.00320100 -0.00200700
v -0.00216900 0.00320100 -0.00200700
v -0.00216900 0.00320100 -0.00200700
v -0.00216900 0.00320100 -0.00200700
v -0.00210600 0.00317000 -0.00196300
v -0.00210600 0.00317000 -0.00196300
v -0.00210600 0.00317000 -0.00196300
v -0.00210600 0.00317000 -0.00196300
v -0.00210600 0.00317000 -0.00196300
v -0.00210600 0.00317000 -0.00196300
v -0.00210600 0.00317000 -0.00196300
v -0.00210600 0.00317000 -0.00196300
v -0.00262300 0.00193500 -0.00196300
v -0.00262300 0.00193500 -0.00196300
v -0.00262300 0.00193500 -0.00196300
v -0.00262300 0.00193500 -0.00196300
v -0.00262300 0.00193500 -0.00196300
v -0.00262300 0.00193500 -0.00196300
v -0.00090400 -0.00396000 0.00007900
v -0.00090400 -0.00396000 0.00007900
v -0.00090400 -0.00396000 0.00007900
v -0.00090400 -0.00396000 0.00007900
v -0.00090400 -0.00396000 0.00007900
v -0.00090400 -0.00396000 0.00007900
v -0.00125700 -0.00385800 -0.00015700
v -0.00125700 -0.00385800 -0.00015700
v -0.00125700 -0.00385800 -0.00015700
v -0.00125700 -0.00385800 -0.00015700
v -0.00125700 -0.00385800 -0.00015700
v -0.00125700 -0.00385800 -0.00015700
v -0.00136500 -0.00377800 -0.00024400
v -0.00136500 -0.00377800 -0.00024400
v -0.00136500 -0.00377800 -0.00024400
v -0.00136500 -0.00377800 -0.00024400
v -0.00181900 -0.00362700 -0.00059900
v -0.00181900 -0.00362700 -0.00059900
v -0.00181900 -0.00362700 -0.00059900
v -0.00181900 -0.00362700 -0.00059900
v -0.00220300 -0.02754600 0.00032900
v -0.00220300 -0.02754600 0.00032900
v -0.00220300 -0.02754600 0.00032900
v -0.00220300 -0.02754600 0.00032900
v -0.00220300 -0.02754600 0.00032900
v -0.00220300 -0.02754600 0.00032900
v -0.00220300 -0.02754600 0.00032900
v -0.00220300 -0.02754600 0.00032900
v -0.00220300 -0.02754600 0.00032900
v -0.00220300 -0.02754600 0.00032900
v -0.00220300 -0.02754600 0.00032900
v -0.00231900 -0.02861300 0.00028600
v -0.00231900 -0.02861300 0.00028600
v -0.00231900 -0.02861300 0.00028600
v -0.00231900 -0.02861300 0.00028600
v -0.00231900 -0.02861300 0.00028600
v -0.00231900 -0.02861300 0.00028600
v -0.00237300 -0.02963600 0.00022700
v -0.00237300 -0.02963600 0.00022700
v -0.00237300 -0.02963600 0.00022700
v -0.00237300 -0.02963600 0.00022700
v -0.00237300 -0.02963600 0.00022700
v -0.00237300 -0.02963600 0.00022700
v -0.00234800 -0.03147400 0.00004300
v -0.00234800 -0.03147400 0.00004300
v -0.00234800 -0.03147400 0.00004300
v -0.00234800 -0.03147400 0.00004300
v -0.00234800 -0.03147400 0.00004300
v -0.00234800 -0.03147400 0.00004300
v -0.00283400 -0.03159400 -0.00031700
v -0.00283400 -0.03159400 -0.00031700
v -0.00283400 -0.03159400 -0.00031700
v -0.00283400 -0.03159400 -0.00031700
v -0.00283400 -0.03159400 -0.00031700
v -0.00283400 -0.03159400 -0.00031700
v -0.00275500 -0.03251500 -0.00042400
v -0.00275500 -0.03251500 -0.00042400
v -0.00275500 -0.03251500 -0.00042400
v -0.00275500 -0.03251500 -0.00042400
v -0.00275500 -0.03251500 -0.00042400
v -0.00275500 -0.03251500 -0.00042400
v -0.00261800 -0.03357300 -0.00058500
v -0.00261800 -0.03357300 -0.00058500
v -0.00261800 -0.03357300 -0.00058500
v -0.00261800 -0.03357300 -0.00058500
v -0.00261800 -0.03357300 -0.00058500
v -0.00261800 -0.03357300 -0.00058500
v -0.00237900 -0.03463600 -0.00079000
v -0.00237900 -0.03463600 -0.00079000
v -0.00237900 -0.03463600 -0.00079000
v -0.00237900 -0.03463600 -0.00079000
v -0.00237900 -0.03463600 -0.00079000
v -0.00237900 -0.03463600 -0.00079000
v -0.00237900 -0.03463600 -0.00079000
v -0.00250500 -0.03529100 -0.00128200
v -0.00250500 -0.03529100 -0.00128200
v -0.00250500 -0.03529100 -0.00128200
v -0.00250500 -0.03529100 -0.00128200
v -0.00250500 -0.03529100 -0.00128200
v -0.00250500 -0.03529100 -0.00128200
v -0.00271900 -0.03544200 -0.00173100
v -0.00271900 -0.03544200 -0.00173100
v -0.00271900 -0.03544200 -0.00173100
v -0.00271900 -0.03544200 -0.00173100
v -0.00271900 -0.03544200 -0.00173100
v -0.00271900 -0.03544200 -0.00173100
v -0.00271900 -0.03544200 -0.00173100
v -0.00285300 -0.03556600 -0.00219800
v -0.00285300 -0.03556600 -0.00219800
v -0.00285300 -0.03556600 -0.00219800
v -0.00285300 -0.03556600 -0.00219800
v -0.00285300 -0.03556600 -0.00219800
v -0.00285300 -0.03556600 -0.00219800
v -0.00285300 -0.03556600 -0.00219800
v -0.00285300 -0.03556600 -0.00219800
v -0.00285300 -0.03556600 -0.00219800
v -0.00285300 -0.03556600 -0.00219800
v -0.00292000 -0.03567700 -0.00270900
v -0.00292000 -0.03567700 -0.00270900
v -0.00292000 -0.03567700 -0.00270900
v -0.00292000 -0.03567700 -0.00270900
v -0.00292000 -0.03567700 -0.00270900
v -0.00292000 -0.03567700 -0.00270900
v -0.00310800 -0.03542000 -0.00289500
v -0.00310800 -0.03542000 -0.00289500
v -0.00310800 -0.03542000 -0.00289500
v -0.00310800 -0.03542000 -0.00289500
v -0.00310000 -0.03544600 -0.00294600
v -0.00310000 -0.03544600 -0.00294600
v -0.00310000 -0.03544600 -0.00294600
v -0.00310000 -0.03544600 -0.00294600
v -0.00310000 -0.03544600 -0.00294600
v -0.00310000 -0.03544600 -0.00294600
v -0.00309000 -0.03546800 -0.00299600
v -0.00309000 -0.03546800 -0.00299600
v -0.00309000 -0.03546800 -0.00299600
v -0.00309000 -0.03546800 -0.00299600
v -0.00298300 -0.03561900 -0.00290000
v -0.00298300 -0.03561900 -0.00290000
v -0.00298300 -0.03561900 -0.00290000
v -0.00298300 -0.03561900 -0.00290000
v -0.00298300 -0.03561900 -0.00290000
v -0.00298300 -0.03561900 -0.00290000
v -0.00283800 -0.03581800 -0.00284200
v -0.00283800 -0.03581800 -0.00284200
v -0.00283800 -0.03581800 -0.00284200
v -0.00283800 -0.03581800 -0.00284200
v -0.00283800 -0.03581800 -0.00284200
v -0.00277600 -0.03589800 -0.00284200
v -0.00277600 -0.03589800 -0.00284200
v -0.00277600 -0.03589800 -0.00284200
v -0.00277600 -0.03589800 -0.00284200
v -0.00277600 -0.03589800 -0.00284200
v -0.00277600 -0.03589800 -0.00284200
v -0.00261400 -0.03627000 -0.00500000
v -0.00261400 -0.03627000 -0.00500000
v -0.00261400 -0.03627000 -0.00500000
v -0.00261400 -0.03627000 -0.00500000
v -0.00261400 -0.03627000 -0.00500000
v -0.00261400 -0.03627000 -0.00500000
v -0.00261400 -0.03627000 -0.00500000
v -0.00261400 -0.03627000 -0.00500000
v -0.00261400 -0.03627000 -0.00500000
v -0.00261400 -0.03627000 -0.00500000
v -0.00261400 -0.03627000 -0.00500000
v -0.00261400 -0.03627000 -0.00500000
v -0.00261400 -0.03627000 -0.00500000
v -0.00265900 -0.03604900 -0.00712200
v -0.00265900 -0.03604900 -0.00712200
v -0.00265900 -0.03604900 -0.00712200
v -0.00265900 -0.03604900 -0.00712200
v -0.00265900 -0.03604900 -0.00712200
v -0.00277600 -0.03589800 -0.00715700
v -0.00277600 -0.03589800 -0.00715700
v -0.00277600 -0.03589800 -0.00715700
v -0.00277600 -0.03589800 -0.00715700
v -0.00277600 -0.03589800 -0.00715700
v -0.00283300 -0.03582300 -0.00715500
v -0.00283300 -0.03582300 -0.00715500
v -0.00283300 -0.03582300 -0.00715500
v -0.00283300 -0.03582300 -0.00715500
v -0.00283300 -0.03582300 -0.00715500
v -0.00299100 -0.03560600 -0.00709300
v -0.00299100 -0.03560600 -0.00709300
v -0.00299100 -0.03560600 -0.00709300
v -0.00299100 -0.03560600 -0.00709300
v -0.00299100 -0.03560600 -0.00709300
v -0.00309000 -0.03546800 -0.00700400
v -0.00309000 -0.03546800 -0.00700400
v -0.00309000 -0.03546800 -0.00700400
v -0.00309000 -0.03546800 -0.00700400
v -0.00356800 -0.03467100 -0.00652700
v -0.00356800 -0.03467100 -0.00652700
v -0.00356800 -0.03467100 -0.00652700
v -0.00356800 -0.03467100 -0.00652700
v -0.00356800 -0.03467100 -0.00652700
v -0.00310000 -0.03544600 -0.00705400
v -0.00310000 -0.03544600 -0.00705400
v -0.00310000 -0.03544600 -0.00705400
v -0.00310000 -0.03544600 -0.00705400
v -0.00310000 -0.03544600 -0.00705400
v -0.00310000 -0.03544600 -0.00705400
v -0.00322700 -0.03520700 -0.00710800
v -0.00322700 -0.03520700 -0.00710800
v -0.00322700 -0.03520700 -0.00710800
v -0.00322700 -0.03520700 -0.00710800
v -0.00322700 -0.03520700 -0.00710800
v -0.00322700 -0.03520700 -0.00710800
v -0.00322700 -0.03520700 -0.00710800
v -0.00359900 -0.03460000 -0.00653500
v -0.00359900 -0.03460000 -0.00653500
v -0.00359900 -0.03460000 -0.00653500
v -0.00359900 -0.03460000 -0.00653500
v -0.00359900 -0.03460000 -0.00653500
v -0.00359900 -0.03460000 -0.00653500
v -0.00320100 -0.03515000 -0.00739800
v -0.00320100 -0.03515000 -0.00739800
v -0.00320100 -0.03515000 -0.00739800
v -0.00320100 -0.03515000 -0.00739800
v -0.00320100 -0.03515000 -0.00739800
v -0.00320100 -0.03515000 -0.00739800
v -0.00311700 -0.03506100 -0.00783300
v -0.00311700 -0.03506100 -0.00783300
v -0.00311700 -0.03506100 -0.00783300
v -0.00311700 -0.03506100 -0.00783300
v -0.00311700 -0.03506100 -0.00783300
v -0.00311700 -0.03506100 -0.00783300
v -0.00311700 -0.03506100 -0.00783300
v -0.00295600 -0.03494100 -0.00832500
v -0.00295600 -0.03494100 -0.00832500
v -0.00295600 -0.03494100 -0.00832500
v -0.00295600 -0.03494100 -0.00832500
v -0.00295600 -0.03494100 -0.00832500
v -0.00295600 -0.03494100 -0.00832500
v -0.00316400 -0.03261200 -0.00907900
v -0.00316400 -0.03261200 -0.00907900
v -0.00316400 -0.03261200 -0.00907900
v -0.00316400 -0.03261200 -0.00907900
v -0.00316400 -0.03261200 -0.00907900
v -0.00316400 -0.03261200 -0.00907900
v -0.00300000 -0.03369700 -0.00895900
v -0.00300000 -0.03369700 -0.00895900
v -0.00300000 -0.03369700 -0.00895900
v -0.00300000 -0.03369700 -0.00895900
v -0.00300000 -0.03369700 -0.00895900
v -0.00271100 -0.03480000 -0.00880000
v -0.00271100 -0.03480000 -0.00880000
v -0.00271100 -0.03480000 -0.00880000
v -0.00271100 -0.03480000 -0.00880000
v -0.00271100 -0.03480000 -0.00880000
v -0.00271100 -0.03480000 -0.00880000
v -0.00178300 -0.02944600 -0.01042500
v -0.00178300 -0.02944600 -0.01042500
v -0.00178300 -0.02944600 -0.01042500
v -0.00178300 -0.02944600 -0.01042500
v -0.00178300 -0.02944600 -0.01042500
v -0.00178300 -0.02944600 -0.01042500
v -0.00180500 -0.03135400 -0.01022900
v -0.00180500 -0.03135400 -0.01022900
v -0.00180500 -0.03135400 -0.01022900
v -0.00180500 -0.03135400 -0.01022900
v -0.00180500 -0.03135400 -0.01022900
v -0.00180500 -0.03135400 -0.01022900
v -0.00170500 -0.02843600 -0.01048500
v -0.00170500 -0.02843600 -0.01048500
v -0.00170500 -0.02843600 -0.01048500
v -0.00170500 -0.02843600 -0.01048500
v -0.00170500 -0.02843600 -0.01048500
v -0.00170500 -0.02843600 -0.01048500
v -0.00157200 -0.02739500 -0.01053100
v -0.00157200 -0.02739500 -0.01053100
v -0.00157200 -0.02739500 -0.01053100
v -0.00157200 -0.02739500 -0.01053100
v -0.00157200 -0.02739500 -0.01053100
v -0.00143700 -0.02662000 -0.01056000
v -0.00143700 -0.02662000 -0.01056000
v -0.00143700 -0.02662000 -0.01056000
v -0.00143700 -0.02662000 -0.01056000
v -0.00143700 -0.02662000 -0.01056000
v -0.00143700 -0.02662000 -0.01056000
v -0.00143700 -0.02662000 -0.01056000
v -0.00143700 -0.02662000 -0.01056000
v -0.00143700 -0.02662000 -0.01056000
v -0.00143700 -0.02662000 -0.01056000
v -0.00143700 -0.02662000 -0.01056000
v 0.00071900 -0.00400400 -0.01080400
v 0.00071900 -0.00400400 -0.01080400
v 0.00071900 -0.00400400 -0.01080400
v 0.00071900 -0.00400400 -0.01080400
v 0.00071900 -0.00400400 -0.01080400
v 0.00015500 -0.00406100 -0.01061100
v 0.00015500 -0.00406100 -0.01061100
v 0.00015500 -0.00406100 -0.01061100
v 0.00015500 -0.00406100 -0.01061100
v 0.00015500 -0.00406100 -0.01061100
v 0.00015500 -0.00406100 -0.01061100
v -0.00031300 -0.00404800 -0.01040500
v -0.00031300 -0.00404800 -0.01040500
v -0.00031300 -0.00404800 -0.01040500
v -0.00031300 -0.00404800 -0.01040500
v -0.00031300 -0.00404800 -0.01040500
v -0.00089300 -0.00392000 -0.01007700
v -0.00089300 -0.00392000 -0.01007700
v -0.00089300 -0.00392000 -0.01007700
v -0.00038100 -0.00400400 -0.01036500
v -0.00038100 -0.00400400 -0.01036500
v -0.00038100 -0.00400400 -0.01036500
v -0.00038100 -0.00400400 -0.01036500
v -0.00038100 -0.00400400 -0.01036500
v -0.00140100 0.00430400 -0.00803700
v -0.00140100 0.00430400 -0.00803700
v -0.00140100 0.00430400 -0.00803700
v -0.00140100 0.00430400 -0.00803700
v -0.00140100 0.00430400 -0.00803700
v -0.00140100 0.00430400 -0.00803700
v -0.00145800 0.00434800 -0.00799300
v -0.00145800 0.00434800 -0.00799300
v -0.00145800 0.00434800 -0.00799300
v -0.00145800 0.00434800 -0.00799300
v -0.00145800 0.00434800 -0.00799300
v -0.00145800 0.00434800 -0.00799300
v -0.00145800 0.00434800 -0.00799300
v -0.00145800 0.00434800 -0.00799300
v -0.00149600 0.00437500 -0.00792200
v -0.00149600 0.00437500 -0.00792200
v -0.00149600 0.00437500 -0.00792200
v -0.00149600 0.00437500 -0.00792200
v -0.00149600 0.00437500 -0.00792200
v -0.00179300 0.00396700 -0.00785500
v -0.00179300 0.00396700 -0.00785500
v -0.00179300 0.00396700 -0.00785500
v -0.00179300 0.00396700 -0.00785500
v -0.00179300 0.00396700 -0.00785500
v -0.00276800 -0.03251900 -0.00956400
v -0.00276800 -0.03251900 -0.00956400
v -0.00276800 -0.03251900 -0.00956400
v -0.00276800 -0.03251900 -0.00956400
v -0.00276800 -0.03251900 -0.00956400
v -0.00276800 -0.03251900 -0.00956400
v -0.00230100 -0.03241700 -0.00990200
v -0.00230100 -0.03241700 -0.00990200
v -0.00230100 -0.03241700 -0.00990200
v -0.00230100 -0.03241700 -0.00990200
v -0.00230100 -0.03241700 -0.00990200
v -0.00230100 -0.03241700 -0.00990200
v -0.00182200 0.00399000 -0.00654900
v -0.00182200 0.00399000 -0.00654900
v -0.00182200 0.00399000 -0.00654900
v -0.00182200 0.00399000 -0.00654900
v -0.00182200 0.00399000 -0.00345100
v -0.00182200 0.00399000 -0.00345100
v -0.00182200 0.00399000 -0.00345100
v -0.00182200 0.00399000 -0.00345100
v -0.00179300 0.00396700 -0.00214500
v -0.00179300 0.00396700 -0.00214500
v -0.00179300 0.00396700 -0.00214500
v -0.00179300 0.00396700 -0.00214500
v -0.00179300 0.00396700 -0.00214500
v -0.00149600 0.00437500 -0.00207800
v -0.00149600 0.00437500 -0.00207800
v -0.00149600 0.00437500 -0.00207800
v -0.00149600 0.00437500 -0.00207800
v -0.00149600 0.00437500 -0.00207800
v -0.00145800 0.00434800 -0.00200700
v -0.00145800 0.00434800 -0.00200700
v -0.00145800 0.00434800 -0.00200700
v -0.00145800 0.00434800 -0.00200700
v -0.00145800 0.00434800 -0.00200700
v -0.00145800 0.00434800 -0.00200700
v -0.00145800 0.00434800 -0.00200700
v -0.00145800 0.00434800 -0.00200700
v -0.00140100 0.00430400 -0.00196300
v -0.00140100 0.00430400 -0.00196300
v -0.00140100 0.00430400 -0.00196300
v -0.00140100 0.00430400 -0.00196300
v -0.00140100 0.00430400 -0.00196300
v -0.00140100 0.00430400 -0.00196300
v 0.00015500 -0.00406100 0.00061100
v 0.00015500 -0.00406100 0.00061100
v 0.00015500 -0.00406100 0.00061100
v 0.00015500 -0.00406100 0.00061100
v 0.00015500 -0.00406100 0.00061100
v 0.00015500 -0.00406100 0.00061100
v -0.00031300 -0.00404800 0.00040500
v -0.00031300 -0.00404800 0.00040500
v -0.00031300 -0.00404800 0.00040500
v -0.00031300 -0.00404800 0.00040500
v -0.00031300 -0.00404800 0.00040500
v -0.00038300 -0.00400400 0.00036500
v -0.00038300 -0.00400400 0.00036500
v -0.00038300 -0.00400400 0.00036500
v -0.00038300 -0.00400400 0.00036500
v -0.00072400 -0.00399500 0.00018500
v -0.00072400 -0.00399500 0.00018500
v -0.00072400 -0.00399500 0.00018500
v -0.00072400 -0.00399500 0.00018500
v -0.00072400 -0.00399500 0.00018500
v -0.00072400 -0.00399500 0.00018500
v -0.00089300 -0.00392000 0.00007700
v -0.00089300 -0.00392000 0.00007700
v -0.00089300 -0.00392000 0.00007700
v -0.00143700 -0.02662000 0.00056000
v -0.00143700 -0.02662000 0.00056000
v -0.00143700 -0.02662000 0.00056000
v -0.00143700 -0.02662000 0.00056000
v -0.00143700 -0.02662000 0.00056000
v -0.00143700 -0.02662000 0.00056000
v -0.00143700 -0.02662000 0.00056000
v -0.00143700 -0.02662000 0.00056000
v -0.00143700 -0.02662000 0.00056000
v -0.00143700 -0.02662000 0.00056000
v -0.00143700 -0.02662000 0.00056000
v -0.00157200 -0.02739500 0.00053100
v -0.00157200 -0.02739500 0.00053100
v -0.00157200 -0.02739500 0.00053100
v -0.00157200 -0.02739500 0.00053100
v -0.00157200 -0.02739500 0.00053100
v -0.00170500 -0.02843600 0.00048500
v -0.00170500 -0.02843600 0.00048500
v -0.00170500 -0.02843600 0.00048500
v -0.00170500 -0.02843600 0.00048500
v -0.00170500 -0.02843600 0.00048500
v -0.00170500 -0.02843600 0.00048500
v 0.00071900 -0.00400400 0.00080400
v 0.00071900 -0.00400400 0.00080400
v 0.00071900 -0.00400400 0.00080400
v 0.00071900 -0.00400400 0.00080400
v 0.00071900 -0.00400400 0.00080400
v -0.00178300 -0.02944600 0.00042500
v -0.00178300 -0.02944600 0.00042500
v -0.00178300 -0.02944600 0.00042500
v -0.00178300 -0.02944600 0.00042500
v -0.00178300 -0.02944600 0.00042500
v -0.00180500 -0.03135400 0.00022900
v -0.00180500 -0.03135400 0.00022900
v -0.00180500 -0.03135400 0.00022900
v -0.00180500 -0.03135400 0.00022900
v -0.00180500 -0.03135400 0.00022900
v -0.00180500 -0.03135400 0.00022900
v -0.00180500 -0.03135400 0.00022900
v -0.00228300 -0.03241700 -0.00008900
v -0.00228300 -0.03241700 -0.00008900
v -0.00228300 -0.03241700 -0.00008900
v -0.00228300 -0.03241700 -0.00008900
v -0.00228300 -0.03241700 -0.00008900
v -0.00228300 -0.03241700 -0.00008900
v -0.00217300 -0.03344500 -0.00027600
v -0.00217300 -0.03344500 -0.00027600
v -0.00217300 -0.03344500 -0.00027600
v -0.00217300 -0.03344500 -0.00027600
v -0.00217300 -0.03344500 -0.00027600
v -0.00217300 -0.03344500 -0.00027600
v -0.00198300 -0.03447600 -0.00051100
v -0.00198300 -0.03447600 -0.00051100
v -0.00198300 -0.03447600 -0.00051100
v -0.00198300 -0.03447600 -0.00051100
v -0.00198300 -0.03447600 -0.00051100
v -0.00166300 -0.03538000 -0.00074700
v -0.00166300 -0.03538000 -0.00074700
v -0.00166300 -0.03538000 -0.00074700
v -0.00166300 -0.03538000 -0.00074700
v -0.00166300 -0.03538000 -0.00074700
v -0.00166300 -0.03538000 -0.00074700
v -0.00166300 -0.03538000 -0.00074700
v -0.00206100 -0.03557000 -0.00105100
v -0.00206100 -0.03557000 -0.00105100
v -0.00206100 -0.03557000 -0.00105100
v -0.00206100 -0.03557000 -0.00105100
v -0.00206100 -0.03557000 -0.00105100
v -0.00206100 -0.03557000 -0.00105100
v -0.00228500 -0.03570800 -0.00137500
v -0.00228500 -0.03570800 -0.00137500
v -0.00228500 -0.03570800 -0.00137500
v -0.00228500 -0.03570800 -0.00137500
v -0.00228500 -0.03570800 -0.00137500
v -0.00228500 -0.03570800 -0.00137500
v -0.00242300 -0.03581400 -0.00168600
v -0.00242300 -0.03581400 -0.00168600
v -0.00242300 -0.03581400 -0.00168600
v -0.00242300 -0.03581400 -0.00168600
v -0.00242300 -0.03581400 -0.00168600
v -0.00246000 -0.03584900 -0.00179500
v -0.00246000 -0.03584900 -0.00179500
v -0.00246000 -0.03584900 -0.00179500
v -0.00246000 -0.03584900 -0.00179500
v -0.00246000 -0.03584900 -0.00179500
v -0.00244700 -0.03611500 -0.00227500
v -0.00244700 -0.03611500 -0.00227500
v -0.00244700 -0.03611500 -0.00227500
v -0.00244700 -0.03611500 -0.00227500
v -0.00244700 -0.03611500 -0.00227500
v -0.00244700 -0.03611500 -0.00227500
v -0.00260800 -0.03604400 -0.00256400
v -0.00260800 -0.03604400 -0.00256400
v -0.00260800 -0.03604400 -0.00256400
v -0.00260800 -0.03604400 -0.00256400
v -0.00260800 -0.03604400 -0.00256400
v -0.00260800 -0.03604400 -0.00256400
v -0.00275600 -0.03589400 -0.00267100
v -0.00275600 -0.03589400 -0.00267100
v -0.00275600 -0.03589400 -0.00267100
v -0.00275600 -0.03589400 -0.00267100
v -0.00275600 -0.03589400 -0.00267100
v -0.00275600 -0.03589400 -0.00267100
v -0.00275600 -0.03589400 -0.00267100
v -0.00275600 -0.03589400 -0.00267100
v -0.00275600 -0.03589400 -0.00267100
v -0.00281200 -0.03581800 -0.00267200
v -0.00281200 -0.03581800 -0.00267200
v -0.00281200 -0.03581800 -0.00267200
v -0.00287500 -0.03573900 -0.00268800
v -0.00287500 -0.03573900 -0.00268800
v -0.00287500 -0.03573900 -0.00268800
v -0.00287500 -0.03573900 -0.00268800
v -0.00287500 -0.03573900 -0.00268800
v -0.00287500 -0.03573900 -0.00268800
v -0.00263900 -0.03606200 -0.00279500
v -0.00263900 -0.03606200 -0.00279500
v -0.00263900 -0.03606200 -0.00279500
v -0.00263900 -0.03606200 -0.00279500
v -0.00263900 -0.03606200 -0.00279500
v -0.00263900 -0.03606200 -0.00279500
v -0.00265900 -0.03604900 -0.00287800
v -0.00265900 -0.03604900 -0.00287800
v -0.00265900 -0.03604900 -0.00287800
v -0.00265900 -0.03604900 -0.00287800
v -0.00243200 -0.03632300 -0.00308300
v -0.00243200 -0.03632300 -0.00308300
v -0.00243200 -0.03632300 -0.00308300
v -0.00243200 -0.03632300 -0.00308300
v -0.00223500 -0.03653600 -0.00331800
v -0.00223500 -0.03653600 -0.00331800
v -0.00223500 -0.03653600 -0.00331800
v -0.00223500 -0.03653600 -0.00331800
v -0.00223500 -0.03653600 -0.00331800
v -0.00223500 -0.03653600 -0.00331800
v -0.00223500 -0.03653600 -0.00331800
v -0.00212500 -0.03673900 -0.00499000
v -0.00212500 -0.03673900 -0.00499000
v -0.00212500 -0.03673900 -0.00499000
v -0.00212500 -0.03673900 -0.00499000
v -0.00212500 -0.03673900 -0.00499000
v -0.00212500 -0.03673900 -0.00499000
v -0.00212500 -0.03673900 -0.00501000
v -0.00212500 -0.03673900 -0.00501000
v -0.00212500 -0.03673900 -0.00501000
v -0.00212500 -0.03673900 -0.00501000
v -0.00212500 -0.03673900 -0.00501000
v -0.00212500 -0.03673900 -0.00501000
v -0.00223500 -0.03653600 -0.00668200
v -0.00223500 -0.03653600 -0.00668200
v -0.00223500 -0.03653600 -0.00668200
v -0.00223500 -0.03653600 -0.00668200
v -0.00223500 -0.03653600 -0.00668200
v -0.00223500 -0.03653600 -0.00668200
v -0.00223500 -0.03653600 -0.00668200
v -0.00243200 -0.03632300 -0.00691700
v -0.00243200 -0.03632300 -0.00691700
v -0.00243200 -0.03632300 -0.00691700
v -0.00243200 -0.03632300 -0.00691700
v -0.00253900 -0.03619900 -0.00704300
v -0.00253900 -0.03619900 -0.00704300
v -0.00253900 -0.03619900 -0.00704300
v -0.00253900 -0.03619900 -0.00704300
v -0.00253900 -0.03619900 -0.00704300
v -0.00253900 -0.03619900 -0.00704300
v -0.00253900 -0.03619900 -0.00704300
v -0.00254000 -0.03619500 -0.00295500
v -0.00254000 -0.03619500 -0.00295500
v -0.00254000 -0.03619500 -0.00295500
v -0.00254000 -0.03619500 -0.00295500
v -0.00254000 -0.03619500 -0.00295500
v -0.00254000 -0.03619500 -0.00295500
v -0.00254000 -0.03619500 -0.00295500
v -0.00263900 -0.03606200 -0.00720500
v -0.00263900 -0.03606200 -0.00720500
v -0.00263900 -0.03606200 -0.00720500
v -0.00263900 -0.03606200 -0.00720500
v -0.00263900 -0.03606200 -0.00720500
v -0.00275200 -0.03589800 -0.00733000
v -0.00275200 -0.03589800 -0.00733000
v -0.00275200 -0.03589800 -0.00733000
v -0.00275200 -0.03589800 -0.00733000
v -0.00275200 -0.03589800 -0.00733000
v -0.00275200 -0.03589800 -0.00733000
v -0.00275200 -0.03589800 -0.00733000
v -0.00292600 -0.03566800 -0.00728700
v -0.00292600 -0.03566800 -0.00728700
v -0.00292600 -0.03566800 -0.00728700
v -0.00292600 -0.03566800 -0.00728700
v -0.00292600 -0.03566800 -0.00728700
v -0.00292600 -0.03566800 -0.00728700
v -0.00292600 -0.03566800 -0.00728700
v -0.00310800 -0.03542000 -0.00710500
v -0.00310800 -0.03542000 -0.00710500
v -0.00310800 -0.03542000 -0.00710500
v -0.00310800 -0.03542000 -0.00710500
v -0.00285400 -0.03556600 -0.00779500
v -0.00285400 -0.03556600 -0.00779500
v -0.00285400 -0.03556600 -0.00779500
v -0.00285400 -0.03556600 -0.00779500
v -0.00285400 -0.03556600 -0.00779500
v -0.00285400 -0.03556600 -0.00779500
v -0.00285400 -0.03556600 -0.00779500
v -0.00272200 -0.03544600 -0.00826000
v -0.00272200 -0.03544600 -0.00826000
v -0.00272200 -0.03544600 -0.00826000
v -0.00272200 -0.03544600 -0.00826000
v -0.00272200 -0.03544600 -0.00826000
v -0.00272200 -0.03544600 -0.00826000
v -0.00251100 -0.03529600 -0.00870800
v -0.00251100 -0.03529600 -0.00870800
v -0.00251100 -0.03529600 -0.00870800
v -0.00251100 -0.03529600 -0.00870800
v -0.00251100 -0.03529600 -0.00870800
v -0.00251100 -0.03529600 -0.00870800
v -0.00263000 -0.03357700 -0.00940400
v -0.00263000 -0.03357700 -0.00940400
v -0.00263000 -0.03357700 -0.00940400
v -0.00263000 -0.03357700 -0.00940400
v -0.00263000 -0.03357700 -0.00940400
v -0.00263000 -0.03357700 -0.00940400
v -0.00239000 -0.03464000 -0.00919900
v -0.00239000 -0.03464000 -0.00919900
v -0.00239000 -0.03464000 -0.00919900
v -0.00239000 -0.03464000 -0.00919900
v -0.00239000 -0.03464000 -0.00919900
v -0.00239000 -0.03464000 -0.00919900
v -0.00239000 -0.03464000 -0.00919900
v -0.00117600 -0.02926400 -0.01048400
v -0.00117600 -0.02926400 -0.01048400
v -0.00117600 -0.02926400 -0.01048400
v -0.00117600 -0.02926400 -0.01048400
v -0.00117600 -0.02926400 -0.01048400
v -0.00125100 -0.03125300 -0.01027700
v -0.00125100 -0.03125300 -0.01027700
v -0.00125100 -0.03125300 -0.01027700
v -0.00125100 -0.03125300 -0.01027700
v -0.00125100 -0.03125300 -0.01027700
v -0.00125100 -0.03125300 -0.01027700
v -0.00125100 -0.03125300 -0.01027700
v -0.00177700 -0.03232400 -0.01007700
v -0.00177700 -0.03232400 -0.01007700
v -0.00177700 -0.03232400 -0.01007700
v -0.00177700 -0.03232400 -0.01007700
v -0.00177700 -0.03232400 -0.01007700
v -0.00177700 -0.03232400 -0.01007700
v -0.00177700 -0.03232400 -0.01007700
v -0.00107200 -0.02825400 -0.01054600
v -0.00107200 -0.02825400 -0.01054600
v -0.00107200 -0.02825400 -0.01054600
v -0.00107200 -0.02825400 -0.01054600
v -0.00107200 -0.02825400 -0.01054600
v -0.00107200 -0.02825400 -0.01054600
v -0.00092200 -0.02723600 -0.01059200
v -0.00092200 -0.02723600 -0.01059200
v -0.00092200 -0.02723600 -0.01059200
v -0.00092200 -0.02723600 -0.01059200
v -0.00092200 -0.02723600 -0.01059200
v -0.00092200 -0.02723600 -0.01059200
v -0.00092200 -0.02723600 -0.01059200
v 0.00358400 -0.00191800 -0.01131900
v 0.00358400 -0.00191800 -0.01131900
v 0.00358400 -0.00191800 -0.01131900
v 0.00358400 -0.00191800 -0.01131900
v 0.00358400 -0.00191800 -0.01131900
v 0.00358400 -0.00191800 -0.01131900
v 0.00358400 -0.00191800 -0.01131900
v 0.00343500 -0.00217900 -0.01129800
v 0.00343500 -0.00217900 -0.01129800
v 0.00343500 -0.00217900 -0.01129800
v 0.00258600 -0.00313600 -0.01117900
v 0.00258600 -0.00313600 -0.01117900
v 0.00258600 -0.00313600 -0.01117900
v 0.00258600 -0.00313600 -0.01117900
v 0.00258600 -0.00313600 -0.01117900
v 0.00218200 -0.00343300 -0.01112000
v 0.00218200 -0.00343300 -0.01112000
v 0.00218200 -0.00343300 -0.01112000
v 0.00218200 -0.00343300 -0.01112000
v 0.00203600 -0.00352100 -0.01109700
v 0.00203600 -0.00352100 -0.01109700
v 0.00203600 -0.00352100 -0.01109700
v 0.00203600 -0.00352100 -0.01109700
v 0.00188600 -0.00360500 -0.01107100
v 0.00188600 -0.00360500 -0.01107100
v 0.00188600 -0.00360500 -0.01107100
v 0.00188600 -0.00360500 -0.01107100
v 0.00154100 -0.00376500 -0.01100400
v 0.00154100 -0.00376500 -0.01100400
v 0.00154100 -0.00376500 -0.01100400
v 0.00154100 -0.00376500 -0.01100400
v 0.00154100 -0.00376500 -0.01100400
v 0.00154100 -0.00376500 -0.01100400
v 0.00071300 -0.00396400 -0.01079900
v 0.00071300 -0.00396400 -0.01079900
v 0.00071300 -0.00396400 -0.01079900
v 0.00071300 -0.00396400 -0.01079900
v 0.00071300 -0.00396400 -0.01079900
v 0.00071300 -0.00396400 -0.01079900
v 0.00071300 -0.00396400 -0.01079900
v -0.00052700 0.00531800 -0.00803700
v -0.00052700 0.00531800 -0.00803700
v -0.00052700 0.00531800 -0.00803700
v -0.00052700 0.00531800 -0.00803700
v -0.00052700 0.00531800 -0.00803700
v -0.00052700 0.00531800 -0.00803700
v -0.00052700 0.00531800 -0.00803700
v 0.00373700 -0.00163500 -0.01132700
v 0.00373700 -0.00163500 -0.01132700
v 0.00373700 -0.00163500 -0.01132700
v 0.00373700 -0.00163500 -0.01132700
v 0.00373700 -0.00163500 -0.01132700
v 0.00373700 -0.00163500 -0.01132700
v 0.00373700 -0.00163500 -0.01132700
v 0.00373700 -0.00163500 -0.01132700
v -0.00057800 0.00536700 -0.00799300
v -0.00057800 0.00536700 -0.00799300
v -0.00057800 0.00536700 -0.00799300
v -0.00057800 0.00536700 -0.00799300
v -0.00061100 0.00540200 -0.00792200
v -0.00061100 0.00540200 -0.00792200
v -0.00061100 0.00540200 -0.00792200
v -0.00061100 0.00540200 -0.00792200
v -0.00061100 0.00540200 -0.00792200
v -0.00061100 0.00540200 -0.00792200
v -0.00061100 0.00540200 -0.00792200
v -0.00061100 0.00540200 -0.00792200
v -0.00150800 0.00438400 -0.00785500
v -0.00150800 0.00438400 -0.00785500
v -0.00150800 0.00438400 -0.00785500
v -0.00150800 0.00438400 -0.00785500
v -0.00150800 0.00438400 -0.00785500
v -0.00150800 0.00438400 -0.00785500
v -0.00150800 0.00438400 -0.00785500
v -0.00219000 -0.03344900 -0.00971500
v -0.00219000 -0.03344900 -0.00971500
v -0.00219000 -0.03344900 -0.00971500
v -0.00219000 -0.03344900 -0.00971500
v -0.00219000 -0.03344900 -0.00971500
v -0.00219000 -0.03344900 -0.00971500
v -0.00150800 0.00438400 -0.00214500
v -0.00150800 0.00438400 -0.00214500
v -0.00150800 0.00438400 -0.00214500
v -0.00150800 0.00438400 -0.00214500
v -0.00150800 0.00438400 -0.00214500
v -0.00150800 0.00438400 -0.00214500
v -0.00150800 0.00438400 -0.00214500
v -0.00061100 0.00540200 -0.00207800
v -0.00061100 0.00540200 -0.00207800
v -0.00061100 0.00540200 -0.00207800
v -0.00061100 0.00540200 -0.00207800
v -0.00061100 0.00540200 -0.00207800
v -0.00061100 0.00540200 -0.00207800
v -0.00061100 0.00540200 -0.00207800
v -0.00061100 0.00540200 -0.00207800
v -0.00057800 0.00536700 -0.00200700
v -0.00057800 0.00536700 -0.00200700
v -0.00057800 0.00536700 -0.00200700
v -0.00057800 0.00536700 -0.00200700
v -0.00052700 0.00531800 -0.00196300
v -0.00052700 0.00531800 -0.00196300
v -0.00052700 0.00531800 -0.00196300
v -0.00052700 0.00531800 -0.00196300
v -0.00052700 0.00531800 -0.00196300
v -0.00052700 0.00531800 -0.00196300
v -0.00052700 0.00531800 -0.00196300
v 0.00373600 -0.00163500 0.00132600
v 0.00373600 -0.00163500 0.00132600
v 0.00373600 -0.00163500 0.00132600
v 0.00373600 -0.00163500 0.00132600
v 0.00373600 -0.00163500 0.00132600
v 0.00373600 -0.00163500 0.00132600
v 0.00373600 -0.00163500 0.00132600
v 0.00071300 -0.00396400 0.00079900
v 0.00071300 -0.00396400 0.00079900
v 0.00071300 -0.00396400 0.00079900
v 0.00071300 -0.00396400 0.00079900
v 0.00071300 -0.00396400 0.00079900
v 0.00071300 -0.00396400 0.00079900
v 0.00071300 -0.00396400 0.00079900
v -0.00092200 -0.02723600 0.00059200
v -0.00092200 -0.02723600 0.00059200
v -0.00092200 -0.02723600 0.00059200
v -0.00092200 -0.02723600 0.00059200
v -0.00092200 -0.02723600 0.00059200
v -0.00092200 -0.02723600 0.00059200
v -0.00092200 -0.02723600 0.00059200
v 0.00154100 -0.00376500 0.00100400
v 0.00154100 -0.00376500 0.00100400
v 0.00154100 -0.00376500 0.00100400
v 0.00154100 -0.00376500 0.00100400
v 0.00154100 -0.00376500 0.00100400
v 0.00154100 -0.00376500 0.00100400
v 0.00154100 -0.00376500 0.00100400
v 0.00154100 -0.00376500 0.00100400
v 0.00171800 -0.00368900 0.00103800
v 0.00171800 -0.00368900 0.00103800
v 0.00171800 -0.00368900 0.00103800
v 0.00188600 -0.00360500 0.00107100
v 0.00188600 -0.00360500 0.00107100
v 0.00188600 -0.00360500 0.00107100
v 0.00188600 -0.00360500 0.00107100
v 0.00188600 -0.00360500 0.00107100
v 0.00188600 -0.00360500 0.00107100
v 0.00203600 -0.00352100 0.00109700
v 0.00203600 -0.00352100 0.00109700
v 0.00203600 -0.00352100 0.00109700
v 0.00203600 -0.00352100 0.00109700
v 0.00218200 -0.00343300 0.00112000
v 0.00218200 -0.00343300 0.00112000
v 0.00218200 -0.00343300 0.00112000
v 0.00218200 -0.00343300 0.00112000
v 0.00218200 -0.00343300 0.00112000
v 0.00343500 -0.00217900 0.00129800
v 0.00343500 -0.00217900 0.00129800
v 0.00343500 -0.00217900 0.00129800
v 0.00358400 -0.00191800 0.00131900
v 0.00358400 -0.00191800 0.00131900
v 0.00358400 -0.00191800 0.00131900
v 0.00358400 -0.00191800 0.00131900
v 0.00358400 -0.00191800 0.00131900
v 0.00358400 -0.00191800 0.00131900
v -0.00107200 -0.02825400 0.00054600
v -0.00107200 -0.02825400 0.00054600
v -0.00107200 -0.02825400 0.00054600
v -0.00107200 -0.02825400 0.00054600
v -0.00107200 -0.02825400 0.00054600
v -0.00107200 -0.02825400 0.00054600
v -0.00117700 -0.02928600 0.00048300
v -0.00117700 -0.02928600 0.00048300
v -0.00117700 -0.02928600 0.00048300
v -0.00117700 -0.02928600 0.00048300
v -0.00117700 -0.02928600 0.00048300
v -0.00117700 -0.02928600 0.00048300
v -0.00125100 -0.03125300 0.00027700
v -0.00125100 -0.03125300 0.00027700
v -0.00125100 -0.03125300 0.00027700
v -0.00125100 -0.03125300 0.00027700
v -0.00125100 -0.03125300 0.00027700
v -0.00125100 -0.03125300 0.00027700
v -0.00175400 -0.03232000 0.00008100
v -0.00175400 -0.03232000 0.00008100
v -0.00175400 -0.03232000 0.00008100
v -0.00175400 -0.03232000 0.00008100
v -0.00175400 -0.03232000 0.00008100
v -0.00175400 -0.03232000 0.00008100
v -0.00175400 -0.03232000 0.00008100
v -0.00167200 -0.03332500 -0.00011600
v -0.00167200 -0.03332500 -0.00011600
v -0.00167200 -0.03332500 -0.00011600
v -0.00167200 -0.03332500 -0.00011600
v -0.00167200 -0.03332500 -0.00011600
v -0.00167200 -0.03332500 -0.00011600
v -0.00153000 -0.03432600 -0.00035800
v -0.00153000 -0.03432600 -0.00035800
v -0.00153000 -0.03432600 -0.00035800
v -0.00153000 -0.03432600 -0.00035800
v -0.00153000 -0.03432600 -0.00035800
v -0.00153000 -0.03432600 -0.00035800
v -0.00153000 -0.03432600 -0.00035800
v -0.00133800 -0.03526500 -0.00063700
v -0.00133800 -0.03526500 -0.00063700
v -0.00133800 -0.03526500 -0.00063700
v -0.00133800 -0.03526500 -0.00063700
v -0.00133800 -0.03526500 -0.00063700
v -0.00124000 -0.03566300 -0.00079200
v -0.00124000 -0.03566300 -0.00079200
v -0.00124000 -0.03566300 -0.00079200
v -0.00124000 -0.03566300 -0.00079200
v -0.00124000 -0.03566300 -0.00079200
v -0.00124000 -0.03566300 -0.00079200
v -0.00159800 -0.03576100 -0.00091500
v -0.00159800 -0.03576100 -0.00091500
v -0.00159800 -0.03576100 -0.00091500
v -0.00159800 -0.03576100 -0.00091500
v -0.00159800 -0.03576100 -0.00091500
v -0.00159800 -0.03576100 -0.00091500
v -0.00189400 -0.03586300 -0.00113900
v -0.00189400 -0.03586300 -0.00113900
v -0.00189400 -0.03586300 -0.00113900
v -0.00189400 -0.03586300 -0.00113900
v -0.00189400 -0.03586300 -0.00113900
v -0.00189400 -0.03586300 -0.00113900
v -0.00213400 -0.03595600 -0.00146200
v -0.00213400 -0.03595600 -0.00146200
v -0.00213400 -0.03595600 -0.00146200
v -0.00213400 -0.03595600 -0.00146200
v -0.00213400 -0.03595600 -0.00146200
v -0.00213400 -0.03595600 -0.00146200
v -0.00231900 -0.03604400 -0.00185600
v -0.00231900 -0.03604400 -0.00185600
v -0.00231900 -0.03604400 -0.00185600
v -0.00231900 -0.03604400 -0.00185600
v -0.00231900 -0.03604400 -0.00185600
v -0.00231900 -0.03604400 -0.00185600
v -0.00216900 -0.03624300 -0.00196800
v -0.00216900 -0.03624300 -0.00196800
v -0.00216900 -0.03624300 -0.00196800
v -0.00216900 -0.03624300 -0.00196800
v -0.00216900 -0.03624300 -0.00196800
v -0.00216900 -0.03624300 -0.00196800
v -0.00231600 -0.03627000 -0.00234400
v -0.00231600 -0.03627000 -0.00234400
v -0.00231600 -0.03627000 -0.00234400
v -0.00231600 -0.03627000 -0.00234400
v -0.00219600 -0.03642100 -0.00246600
v -0.00219600 -0.03642100 -0.00246600
v -0.00219600 -0.03642100 -0.00246600
v -0.00219600 -0.03642100 -0.00246600
v -0.00219600 -0.03642100 -0.00246600
v -0.00219600 -0.03642100 -0.00246600
v -0.00219600 -0.03642100 -0.00246600
v -0.00219600 -0.03642100 -0.00246600
v -0.00219600 -0.03642100 -0.00246600
v -0.00219600 -0.03642100 -0.00246600
v -0.00261500 -0.03607100 -0.00269200
v -0.00261500 -0.03607100 -0.00269200
v -0.00261500 -0.03607100 -0.00269200
v -0.00261500 -0.03607100 -0.00269200
v -0.00261500 -0.03607100 -0.00269200
v -0.00261500 -0.03607500 -0.00271200
v -0.00261500 -0.03607500 -0.00271200
v -0.00261500 -0.03607500 -0.00271200
v -0.00261500 -0.03607500 -0.00271200
v -0.00247400 -0.03625200 -0.00286100
v -0.00247400 -0.03625200 -0.00286100
v -0.00247400 -0.03625200 -0.00286100
v -0.00247400 -0.03625200 -0.00286100
v -0.00247400 -0.03625200 -0.00286100
v -0.00247400 -0.03625200 -0.00286100
v -0.00239600 -0.03635400 -0.00301700
v -0.00239600 -0.03635400 -0.00301700
v -0.00239600 -0.03635400 -0.00301700
v -0.00239600 -0.03635400 -0.00301700
v -0.00239600 -0.03635400 -0.00301700
v -0.00239600 -0.03635400 -0.00301700
v -0.00239600 -0.03635400 -0.00301700
v -0.00219600 -0.03656200 -0.00325500
v -0.00219600 -0.03656200 -0.00325500
v -0.00219600 -0.03656200 -0.00325500
v -0.00219600 -0.03656200 -0.00325500
v -0.00215700 -0.03660200 -0.00330000
v -0.00215700 -0.03660200 -0.00330000
v -0.00215700 -0.03660200 -0.00330000
v -0.00215700 -0.03660200 -0.00330000
v -0.00215700 -0.03660200 -0.00330000
v -0.00215700 -0.03660200 -0.00330000
v -0.00215700 -0.03660200 -0.00330000
v -0.00215700 -0.03660200 -0.00330000
v -0.00215700 -0.03660200 -0.00330000
v -0.00213300 -0.03663300 -0.00343100
v -0.00213300 -0.03663300 -0.00343100
v -0.00213300 -0.03663300 -0.00343100
v -0.00213300 -0.03663300 -0.00343100
v -0.00206700 -0.03669500 -0.00349900
v -0.00206700 -0.03669500 -0.00349900
v -0.00206700 -0.03669500 -0.00349900
v -0.00206700 -0.03669500 -0.00349900
v -0.00206700 -0.03669500 -0.00349900
v -0.00206700 -0.03669500 -0.00349900
v -0.00206700 -0.03669500 -0.00349900
v -0.00206700 -0.03669500 -0.00349900
v -0.00177100 -0.03700500 -0.00499000
v -0.00177100 -0.03700500 -0.00499000
v -0.00177100 -0.03700500 -0.00499000
v -0.00177100 -0.03700500 -0.00499000
v -0.00206700 -0.03669500 -0.00650100
v -0.00206700 -0.03669500 -0.00650100
v -0.00206700 -0.03669500 -0.00650100
v -0.00206700 -0.03669500 -0.00650100
v -0.00206700 -0.03669500 -0.00650100
v -0.00206700 -0.03669500 -0.00650100
v -0.00206700 -0.03669500 -0.00650100
v -0.00206700 -0.03669500 -0.00650100
v -0.00213300 -0.03663300 -0.00656900
v -0.00213300 -0.03663300 -0.00656900
v -0.00213300 -0.03663300 -0.00656900
v -0.00213300 -0.03663300 -0.00656900
v -0.00177100 -0.03700500 -0.00501000
v -0.00177100 -0.03700500 -0.00501000
v -0.00177100 -0.03700500 -0.00501000
v -0.00177100 -0.03700500 -0.00501000
v -0.00227700 -0.03646500 -0.00696100
v -0.00227700 -0.03646500 -0.00696100
v -0.00227700 -0.03646500 -0.00696100
v -0.00227700 -0.03646500 -0.00696100
v -0.00227700 -0.03646500 -0.00696100
v -0.00227700 -0.03646500 -0.00696100
v -0.00227700 -0.03646500 -0.00696100
v -0.00239600 -0.03635400 -0.00698300
v -0.00239600 -0.03635400 -0.00698300
v -0.00239600 -0.03635400 -0.00698300
v -0.00239600 -0.03635400 -0.00698300
v -0.00239600 -0.03635400 -0.00698300
v -0.00239600 -0.03635400 -0.00698300
v -0.00215700 -0.03660200 -0.00670000
v -0.00215700 -0.03660200 -0.00670000
v -0.00215700 -0.03660200 -0.00670000
v -0.00215700 -0.03660200 -0.00670000
v -0.00215700 -0.03660200 -0.00670000
v -0.00215700 -0.03660200 -0.00670000
v -0.00215700 -0.03660200 -0.00670000
v -0.00261500 -0.03607500 -0.00728800
v -0.00261500 -0.03607500 -0.00728800
v -0.00261500 -0.03607500 -0.00728800
v -0.00261500 -0.03607500 -0.00728800
v -0.00261500 -0.03607500 -0.00728800
v -0.00261500 -0.03607500 -0.00728800
v -0.00261500 -0.03607500 -0.00728800
v -0.00261500 -0.03607500 -0.00728800
v -0.00245600 -0.03627400 -0.00711600
v -0.00245600 -0.03627400 -0.00711600
v -0.00245600 -0.03627400 -0.00711600
v -0.00245600 -0.03627400 -0.00711600
v -0.00245600 -0.03627400 -0.00711600
v -0.00245300 -0.03627900 -0.00288800
v -0.00245300 -0.03627900 -0.00288800
v -0.00245300 -0.03627900 -0.00288800
v -0.00245300 -0.03627900 -0.00288800
v -0.00245300 -0.03627900 -0.00288800
v -0.00256900 -0.03596900 -0.00775900
v -0.00256900 -0.03596900 -0.00775900
v -0.00256900 -0.03596900 -0.00775900
v -0.00256900 -0.03596900 -0.00775900
v -0.00256900 -0.03596900 -0.00775900
v -0.00256900 -0.03596900 -0.00775900
v -0.00243600 -0.03582700 -0.00827800
v -0.00243600 -0.03582700 -0.00827800
v -0.00243600 -0.03582700 -0.00827800
v -0.00243600 -0.03582700 -0.00827800
v -0.00243600 -0.03582700 -0.00827800
v -0.00243600 -0.03582700 -0.00827800
v -0.00228900 -0.03571200 -0.00861500
v -0.00228900 -0.03571200 -0.00861500
v -0.00228900 -0.03571200 -0.00861500
v -0.00228900 -0.03571200 -0.00861500
v -0.00228900 -0.03571200 -0.00861500
v -0.00228900 -0.03571200 -0.00861500
v -0.00202800 -0.03555300 -0.00898500
v -0.00202800 -0.03555300 -0.00898500
v -0.00202800 -0.03555300 -0.00898500
v -0.00202800 -0.03555300 -0.00898500
v -0.00202800 -0.03555300 -0.00898500
v -0.00202800 -0.03555300 -0.00898500
v -0.00173300 -0.03541100 -0.00921700
v -0.00173300 -0.03541100 -0.00921700
v -0.00173300 -0.03541100 -0.00921700
v -0.00173300 -0.03541100 -0.00921700
v -0.00173300 -0.03541100 -0.00921700
v -0.00199800 -0.03448500 -0.00948200
v -0.00199800 -0.03448500 -0.00948200
v -0.00199800 -0.03448500 -0.00948200
v -0.00199800 -0.03448500 -0.00948200
v -0.00199800 -0.03448500 -0.00948200
v -0.00199800 -0.03448500 -0.00948200
v 0.00005000 -0.02899000 -0.01045300
v 0.00005000 -0.02899000 -0.01045300
v 0.00005000 -0.02899000 -0.01045300
v 0.00005000 -0.02899000 -0.01045300
v 0.00005000 -0.02899000 -0.01045300
v 0.00005000 -0.02899000 -0.01045300
v 0.00005000 -0.02899000 -0.01045300
v -0.00122500 -0.03224400 -0.01012200
v -0.00122500 -0.03224400 -0.01012200
v -0.00122500 -0.03224400 -0.01012200
v -0.00122500 -0.03224400 -0.01012200
v -0.00122500 -0.03224400 -0.01012200
v -0.00005900 -0.03100900 -0.01024200
v -0.00005900 -0.03100900 -0.01024200
v -0.00005900 -0.03100900 -0.01024200
v -0.00005900 -0.03100900 -0.01024200
v -0.00005900 -0.03100900 -0.01024200
v -0.00005900 -0.03100900 -0.01024200
v -0.00169400 -0.03332900 -0.00988000
v -0.00169400 -0.03332900 -0.00988000
v -0.00169400 -0.03332900 -0.00988000
v -0.00169400 -0.03332900 -0.00988000
v -0.00169400 -0.03332900 -0.00988000
v -0.00169400 -0.03332900 -0.00988000
v -0.00116100 -0.03321900 -0.00993100
v -0.00116100 -0.03321900 -0.00993100
v -0.00116100 -0.03321900 -0.00993100
v -0.00116100 -0.03321900 -0.00993100
v -0.00116100 -0.03321900 -0.00993100
v -0.00116100 -0.03321900 -0.00993100
v 0.00026800 -0.02694800 -0.01055800
v 0.00026800 -0.02694800 -0.01055800
v 0.00026800 -0.02694800 -0.01055800
v 0.00026800 -0.02694800 -0.01055800
v 0.00026800 -0.02694800 -0.01055800
v 0.00026800 -0.02694800 -0.01055800
v 0.00026800 -0.02694800 -0.01055800
v -0.00063600 -0.02585400 -0.01063200
v -0.00063600 -0.02585400 -0.01063200
v -0.00063600 -0.02585400 -0.01063200
v -0.00063600 -0.02585400 -0.01063200
v 0.00376600 -0.00166100 -0.01133100
v 0.00376600 -0.00166100 -0.01133100
v 0.00376600 -0.00166100 -0.01133100
v 0.00376600 -0.00166100 -0.01133100
v 0.00376600 -0.00166100 -0.01133100
v 0.00355100 -0.00190000 -0.01131400
v 0.00355100 -0.00190000 -0.01131400
v 0.00355100 -0.00190000 -0.01131400
v 0.00355100 -0.00190000 -0.01131400
v 0.00355100 -0.00190000 -0.01131400
v 0.00355100 -0.00190000 -0.01131400
v 0.00355100 -0.00190000 -0.01131400
v 0.00355100 -0.00190000 -0.01131400
v 0.00355100 -0.00190000 -0.01131400
v 0.00152900 -0.00372900 -0.01099700
v 0.00152900 -0.00372900 -0.01099700
v 0.00152900 -0.00372900 -0.01099700
v 0.00049500 0.00618200 -0.00803700
v 0.00049500 0.00618200 -0.00803700
v 0.00049500 0.00618200 -0.00803700
v 0.00049500 0.00618200 -0.00803700
v 0.00045300 0.00623900 -0.00799300
v 0.00045300 0.00623900 -0.00799300
v 0.00045300 0.00623900 -0.00799300
v 0.00045300 0.00623900 -0.00799300
v 0.00045300 0.00623900 -0.00799300
v 0.00045300 0.00623900 -0.00799300
v 0.00045300 0.00623900 -0.00799300
v 0.00045300 0.00623900 -0.00799300
v 0.00397000 -0.00140900 -0.01132600
v 0.00397000 -0.00140900 -0.01132600
v 0.00397000 -0.00140900 -0.01132600
v 0.00397000 -0.00140900 -0.01132600
v 0.00397000 -0.00140900 -0.01132600
v 0.00397000 -0.00140900 -0.01132600
v 0.00399700 -0.00144900 -0.01133500
v 0.00399700 -0.00144900 -0.01133500
v 0.00399700 -0.00144900 -0.01133500
v 0.00399700 -0.00144900 -0.01133500
v 0.00399700 -0.00144900 -0.01133500
v 0.00399700 -0.00144900 -0.01133500
v 0.00399700 -0.00144900 -0.01133500
v -0.00062000 0.00541100 -0.00785500
v -0.00062000 0.00541100 -0.00785500
v -0.00062000 0.00541100 -0.00785500
v -0.00062000 0.00541100 -0.00785500
v 0.00042600 0.00627500 -0.00792200
v 0.00042600 0.00627500 -0.00792200
v 0.00042600 0.00627500 -0.00792200
v 0.00042600 0.00627500 -0.00792200
v 0.00042600 0.00627500 -0.00792200
v 0.00041800 0.00628800 -0.00785500
v 0.00041800 0.00628800 -0.00785500
v 0.00041800 0.00628800 -0.00785500
v 0.00041800 0.00628800 -0.00785500
v 0.00041800 0.00628800 -0.00785500
v 0.00041800 0.00628800 -0.00785500
v -0.00067400 0.00540700 -0.00654900
v -0.00067400 0.00540700 -0.00654900
v -0.00067400 0.00540700 -0.00654900
v -0.00067400 0.00540700 -0.00654900
v -0.00067400 0.00540700 -0.00654900
v -0.00067400 0.00540700 -0.00345100
v -0.00067400 0.00540700 -0.00345100
v -0.00067400 0.00540700 -0.00345100
v -0.00067400 0.00540700 -0.00345100
v -0.00067400 0.00540700 -0.00345100
v -0.00062000 0.00541100 -0.00214500
v -0.00062000 0.00541100 -0.00214500
v -0.00062000 0.00541100 -0.00214500
v -0.00062000 0.00541100 -0.00214500
v 0.00041800 0.00628800 -0.00214500
v 0.00041800 0.00628800 -0.00214500
v 0.00041800 0.00628800 -0.00214500
v 0.00041800 0.00628800 -0.00214500
v 0.00041800 0.00628800 -0.00214500
v 0.00041800 0.00628800 -0.00214500
v 0.00042600 0.00627500 -0.00207800
v 0.00042600 0.00627500 -0.00207800
v 0.00042600 0.00627500 -0.00207800
v 0.00042600 0.00627500 -0.00207800
v 0.00042600 0.00627500 -0.00207800
v 0.00045300 0.00623900 -0.00200700
v 0.00045300 0.00623900 -0.00200700
v 0.00045300 0.00623900 -0.00200700
v 0.00045300 0.00623900 -0.00200700
v 0.00045300 0.00623900 -0.00200700
v 0.00045300 0.00623900 -0.00200700
v 0.00045300 0.00623900 -0.00200700
v 0.00045300 0.00623900 -0.00200700
v 0.00049500 0.00618200 -0.00196300
v 0.00049500 0.00618200 -0.00196300
v 0.00049500 0.00618200 -0.00196300
v 0.00049500 0.00618200 -0.00196300
v 0.00397000 -0.00140900 0.00132700
v 0.00397000 -0.00140900 0.00132700
v 0.00397000 -0.00140900 0.00132700
v 0.00397000 -0.00140900 0.00132700
v 0.00397000 -0.00140900 0.00132700
v 0.00397000 -0.00140900 0.00132700
v 0.00399700 -0.00144900 0.00133500
v 0.00399700 -0.00144900 0.00133500
v 0.00399700 -0.00144900 0.00133500
v 0.00399700 -0.00144900 0.00133500
v 0.00399700 -0.00144900 0.00133500
v 0.00399700 -0.00144900 0.00133500
v 0.00399700 -0.00144900 0.00133500
v 0.00376400 -0.00166100 0.00133100
v 0.00376400 -0.00166100 0.00133100
v 0.00376400 -0.00166100 0.00133100
v 0.00376400 -0.00166100 0.00133100
v 0.00376400 -0.00166100 0.00133100
v 0.00376400 -0.00166100 0.00133100
v 0.00355100 -0.00190000 0.00131400
v 0.00355100 -0.00190000 0.00131400
v 0.00355100 -0.00190000 0.00131400
v 0.00355100 -0.00190000 0.00131400
v 0.00355100 -0.00190000 0.00131400
v 0.00355100 -0.00190000 0.00131400
v 0.00355100 -0.00190000 0.00131400
v 0.00355100 -0.00190000 0.00131400
v 0.00355100 -0.00190000 0.00131400
v 0.00355100 -0.00190000 0.00131400
v 0.00152900 -0.00372900 0.00099700
v 0.00152900 -0.00372900 0.00099700
v 0.00152900 -0.00372900 0.00099700
v 0.00026200 -0.02695200 0.00055800
v 0.00026200 -0.02695200 0.00055800
v 0.00026200 -0.02695200 0.00055800
v 0.00026200 -0.02695200 0.00055800
v 0.00026200 -0.02695200 0.00055800
v 0.00026200 -0.02695200 0.00055800
v 0.00026200 -0.02695200 0.00055800
v 0.00026200 -0.02695200 0.00055800
v -0.00063900 -0.02586300 0.00063200
v -0.00063900 -0.02586300 0.00063200
v -0.00063900 -0.02586300 0.00063200
v -0.00063900 -0.02586300 0.00063200
v 0.00187000 -0.00357000 0.00106400
v 0.00187000 -0.00357000 0.00106400
v 0.00187000 -0.00357000 0.00106400
v 0.00004300 -0.02899400 0.00045300
v 0.00004300 -0.02899400 0.00045300
v 0.00004300 -0.02899400 0.00045300
v 0.00004300 -0.02899400 0.00045300
v 0.00004300 -0.02899400 0.00045300
v 0.00004300 -0.02899400 0.00045300
v 0.00004300 -0.02899400 0.00045300
v -0.00006700 -0.03100900 0.00024200
v -0.00006700 -0.03100900 0.00024200
v -0.00006700 -0.03100900 0.00024200
v -0.00006700 -0.03100900 0.00024200
v -0.00006700 -0.03100900 0.00024200
v -0.00006700 -0.03100900 0.00024200
v -0.00122500 -0.03224400 0.00012200
v -0.00122500 -0.03224400 0.00012200
v -0.00122500 -0.03224400 0.00012200
v -0.00122500 -0.03224400 0.00012200
v -0.00122500 -0.03224400 0.00012200
v -0.00116100 -0.03321900 -0.00006900
v -0.00116100 -0.03321900 -0.00006900
v -0.00116100 -0.03321900 -0.00006900
v -0.00116100 -0.03321900 -0.00006900
v -0.00116100 -0.03321900 -0.00006900
v -0.00116100 -0.03321900 -0.00006900
v -0.00105400 -0.03420200 -0.00030700
v -0.00105400 -0.03420200 -0.00030700
v -0.00105400 -0.03420200 -0.00030700
v -0.00105400 -0.03420200 -0.00030700
v -0.00105400 -0.03420200 -0.00030700
v -0.00105400 -0.03420200 -0.00030700
v -0.00105100 -0.03422800 -0.00031500
v -0.00105100 -0.03422800 -0.00031500
v -0.00105100 -0.03422800 -0.00031500
v -0.00105100 -0.03422800 -0.00031500
v -0.00091100 -0.03514500 -0.00058400
v -0.00091100 -0.03514500 -0.00058400
v -0.00091100 -0.03514500 -0.00058400
v -0.00091100 -0.03514500 -0.00058400
v -0.00091100 -0.03514500 -0.00058400
v -0.00091100 -0.03514500 -0.00058400
v -0.00083200 -0.03557500 -0.00074600
v -0.00083200 -0.03557500 -0.00074600
v -0.00083200 -0.03557500 -0.00074600
v -0.00083200 -0.03557500 -0.00074600
v -0.00083200 -0.03557500 -0.00074600
v -0.00083200 -0.03557500 -0.00074600
v -0.00075100 -0.03598200 -0.00098800
v -0.00075100 -0.03598200 -0.00098800
v -0.00075100 -0.03598200 -0.00098800
v -0.00075100 -0.03598200 -0.00098800
v -0.00075100 -0.03598200 -0.00098800
v -0.00075100 -0.03598200 -0.00098800
v -0.00113100 -0.03605700 -0.00104500
v -0.00113100 -0.03605700 -0.00104500
v -0.00113100 -0.03605700 -0.00104500
v -0.00113100 -0.03605700 -0.00104500
v -0.00113100 -0.03605700 -0.00104500
v -0.00113100 -0.03605700 -0.00104500
v -0.00146400 -0.03611500 -0.00114800
v -0.00146400 -0.03611500 -0.00114800
v -0.00146400 -0.03611500 -0.00114800
v -0.00146400 -0.03611500 -0.00114800
v -0.00146400 -0.03611500 -0.00114800
v -0.00146400 -0.03611500 -0.00114800
v -0.00174100 -0.03616400 -0.00133900
v -0.00174100 -0.03616400 -0.00133900
v -0.00174100 -0.03616400 -0.00133900
v -0.00174100 -0.03616400 -0.00133900
v -0.00174100 -0.03616400 -0.00133900
v -0.00174100 -0.03616400 -0.00133900
v -0.00197500 -0.03620800 -0.00161900
v -0.00197500 -0.03620800 -0.00161900
v -0.00197500 -0.03620800 -0.00161900
v -0.00197500 -0.03620800 -0.00161900
v -0.00197500 -0.03620800 -0.00161900
v -0.00197500 -0.03620800 -0.00161900
v -0.00183500 -0.03643800 -0.00186500
v -0.00183500 -0.03643800 -0.00186500
v -0.00183500 -0.03643800 -0.00186500
v -0.00183500 -0.03643800 -0.00186500
v -0.00183500 -0.03643800 -0.00186500
v -0.00183500 -0.03643800 -0.00186500
v -0.00235500 -0.03638100 -0.00295100
v -0.00235500 -0.03638100 -0.00295100
v -0.00235500 -0.03638100 -0.00295100
v -0.00235500 -0.03638100 -0.00295100
v -0.00235500 -0.03638100 -0.00295100
v -0.00171500 -0.03663300 -0.00216700
v -0.00171500 -0.03663300 -0.00216700
v -0.00171500 -0.03663300 -0.00216700
v -0.00171500 -0.03663300 -0.00216700
v -0.00171500 -0.03663300 -0.00216700
v -0.00171500 -0.03663300 -0.00216700
v -0.00208900 -0.03654900 -0.00262500
v -0.00208900 -0.03654900 -0.00262500
v -0.00208900 -0.03654900 -0.00262500
v -0.00208900 -0.03654900 -0.00262500
v -0.00208900 -0.03654900 -0.00262500
v -0.00208900 -0.03654900 -0.00262500
v -0.00208900 -0.03654900 -0.00262500
v -0.00208900 -0.03654900 -0.00262500
v -0.00208900 -0.03654900 -0.00262500
v -0.00228600 -0.03644700 -0.00298600
v -0.00228600 -0.03644700 -0.00298600
v -0.00228600 -0.03644700 -0.00298600
v -0.00228600 -0.03644700 -0.00298600
v -0.00228600 -0.03644700 -0.00298600
v -0.00228600 -0.03644700 -0.00298600
v -0.00215800 -0.03658400 -0.00318600
v -0.00215800 -0.03658400 -0.00318600
v -0.00215800 -0.03658400 -0.00318600
v -0.00215800 -0.03658400 -0.00318600
v -0.00213600 -0.03660700 -0.00321500
v -0.00213600 -0.03660700 -0.00321500
v -0.00213600 -0.03660700 -0.00321500
v -0.00213600 -0.03660700 -0.00321500
v -0.00211600 -0.03662400 -0.00323400
v -0.00211600 -0.03662400 -0.00323400
v -0.00211600 -0.03662400 -0.00323400
v -0.00211600 -0.03662400 -0.00323400
v -0.00211600 -0.03662400 -0.00323400
v -0.00205300 -0.03668200 -0.00331100
v -0.00205300 -0.03668200 -0.00331100
v -0.00205300 -0.03668200 -0.00331100
v -0.00205300 -0.03668200 -0.00331100
v -0.00205300 -0.03668200 -0.00331100
v -0.00198900 -0.03673900 -0.00338300
v -0.00198900 -0.03673900 -0.00338300
v -0.00198900 -0.03673900 -0.00338300
v -0.00198900 -0.03673900 -0.00338300
v -0.00172400 -0.03696500 -0.00380300
v -0.00172400 -0.03696500 -0.00380300
v -0.00172400 -0.03696500 -0.00380300
v -0.00172400 -0.03696500 -0.00380300
v -0.00172400 -0.03696500 -0.00380300
v -0.00172400 -0.03696500 -0.00380300
v -0.00172400 -0.03696500 -0.00380300
v -0.00176500 -0.03701000 -0.00499000
v -0.00176500 -0.03701000 -0.00499000
v -0.00176500 -0.03701000 -0.00499000
v -0.00176500 -0.03701000 -0.00499000
v -0.00176500 -0.03701000 -0.00499000
v -0.00176500 -0.03701000 -0.00499000
v -0.00205300 -0.03668200 -0.00668900
v -0.00205300 -0.03668200 -0.00668900
v -0.00205300 -0.03668200 -0.00668900
v -0.00205300 -0.03668200 -0.00668900
v -0.00205300 -0.03668200 -0.00668900
v -0.00176500 -0.03701000 -0.00501000
v -0.00176500 -0.03701000 -0.00501000
v -0.00176500 -0.03701000 -0.00501000
v -0.00176500 -0.03701000 -0.00501000
v -0.00176500 -0.03701000 -0.00501000
v -0.00176500 -0.03701000 -0.00501000
v -0.00171800 -0.03697000 -0.00618800
v -0.00171800 -0.03697000 -0.00618800
v -0.00171800 -0.03697000 -0.00618800
v -0.00171800 -0.03697000 -0.00618800
v -0.00171800 -0.03697000 -0.00618800
v -0.00171800 -0.03697000 -0.00618800
v -0.00198900 -0.03673900 -0.00661700
v -0.00198900 -0.03673900 -0.00661700
v -0.00198900 -0.03673900 -0.00661700
v -0.00198900 -0.03673900 -0.00661700
v -0.00208500 -0.03654900 -0.00738200
v -0.00208500 -0.03654900 -0.00738200
v -0.00208500 -0.03654900 -0.00738200
v -0.00208500 -0.03654900 -0.00738200
v -0.00208500 -0.03654900 -0.00738200
v -0.00208500 -0.03654900 -0.00738200
v -0.00208500 -0.03654900 -0.00738200
v -0.00208500 -0.03654900 -0.00738200
v -0.00208500 -0.03654900 -0.00738200
v -0.00228600 -0.03644700 -0.00701400
v -0.00228600 -0.03644700 -0.00701400
v -0.00228600 -0.03644700 -0.00701400
v -0.00235500 -0.03638100 -0.00704900
v -0.00235500 -0.03638100 -0.00704900
v -0.00235500 -0.03638100 -0.00704900
v -0.00235500 -0.03638100 -0.00704900
v -0.00235500 -0.03638100 -0.00704900
v -0.00235500 -0.03638100 -0.00704900
v -0.00213600 -0.03660700 -0.00678500
v -0.00213600 -0.03660700 -0.00678500
v -0.00213600 -0.03660700 -0.00678500
v -0.00213600 -0.03660700 -0.00678500
v -0.00211600 -0.03662400 -0.00676600
v -0.00211600 -0.03662400 -0.00676600
v -0.00211600 -0.03662400 -0.00676600
v -0.00211600 -0.03662400 -0.00676600
v -0.00211600 -0.03662400 -0.00676600
v -0.00219100 -0.03642100 -0.00754500
v -0.00219100 -0.03642100 -0.00754500
v -0.00219100 -0.03642100 -0.00754500
v -0.00219100 -0.03642100 -0.00754500
v -0.00219100 -0.03642100 -0.00754500
v -0.00219100 -0.03642100 -0.00754500
v -0.00219100 -0.03642100 -0.00754500
v -0.00219100 -0.03642100 -0.00754500
v -0.00231200 -0.03627000 -0.00767000
v -0.00231200 -0.03627000 -0.00767000
v -0.00231200 -0.03627000 -0.00767000
v -0.00231200 -0.03627000 -0.00767000
v -0.00244400 -0.03611100 -0.00774000
v -0.00244400 -0.03611100 -0.00774000
v -0.00244400 -0.03611100 -0.00774000
v -0.00244400 -0.03611100 -0.00774000
v -0.00244400 -0.03611100 -0.00774000
v -0.00231500 -0.03604000 -0.00815600
v -0.00231500 -0.03604000 -0.00815600
v -0.00231500 -0.03604000 -0.00815600
v -0.00231500 -0.03604000 -0.00815600
v -0.00231500 -0.03604000 -0.00815600
v -0.00231500 -0.03604000 -0.00815600
v -0.00212800 -0.03595600 -0.00854700
v -0.00212800 -0.03595600 -0.00854700
v -0.00212800 -0.03595600 -0.00854700
v -0.00212800 -0.03595600 -0.00854700
v -0.00212800 -0.03595600 -0.00854700
v -0.00212800 -0.03595600 -0.00854700
v -0.00188800 -0.03585800 -0.00886600
v -0.00188800 -0.03585800 -0.00886600
v -0.00188800 -0.03585800 -0.00886600
v -0.00188800 -0.03585800 -0.00886600
v -0.00188800 -0.03585800 -0.00886600
v -0.00188800 -0.03585800 -0.00886600
v -0.00159300 -0.03576100 -0.00908600
v -0.00159300 -0.03576100 -0.00908600
v -0.00159300 -0.03576100 -0.00908600
v -0.00159300 -0.03576100 -0.00908600
v -0.00159300 -0.03576100 -0.00908600
v -0.00159300 -0.03576100 -0.00908600
v -0.00159300 -0.03576100 -0.00908600
v -0.00151200 -0.03532200 -0.00931500
v -0.00151200 -0.03532200 -0.00931500
v -0.00151200 -0.03532200 -0.00931500
v -0.00151200 -0.03532200 -0.00931500
v -0.00151200 -0.03532200 -0.00931500
v -0.00151200 -0.03532200 -0.00931500
v -0.00155000 -0.03433500 -0.00963700
v -0.00155000 -0.03433500 -0.00963700
v -0.00155000 -0.03433500 -0.00963700
v -0.00155000 -0.03433500 -0.00963700
v -0.00155000 -0.03433500 -0.00963700
v -0.00155000 -0.03433500 -0.00963700
v 0.00112000 -0.02873300 -0.01035300
v 0.00112000 -0.02873300 -0.01035300
v 0.00112000 -0.02873300 -0.01035300
v 0.00112000 -0.02873300 -0.01035300
v 0.00112000 -0.02873300 -0.01035300
v 0.00112000 -0.02873300 -0.01035300
v 0.00127300 -0.02670900 -0.01046900
v 0.00127300 -0.02670900 -0.01046900
v 0.00127300 -0.02670900 -0.01046900
v 0.00127300 -0.02670900 -0.01046900
v 0.00127300 -0.02670900 -0.01046900
v 0.00127300 -0.02670900 -0.01046900
v 0.00127300 -0.02670900 -0.01046900
v 0.00127300 -0.02670900 -0.01046900
v 0.00127300 -0.02670900 -0.01046900
v -0.00003500 -0.03298800 -0.00989600
v -0.00003500 -0.03298800 -0.00989600
v -0.00003500 -0.03298800 -0.00989600
v -0.00003500 -0.03298800 -0.00989600
v -0.00003500 -0.03298800 -0.00989600
v -0.00003500 -0.03298800 -0.00989600
v 0.00100100 -0.03075200 -0.01012900
v 0.00100100 -0.03075200 -0.01012900
v 0.00100100 -0.03075200 -0.01012900
v 0.00100100 -0.03075200 -0.01012900
v 0.00100100 -0.03075200 -0.01012900
v 0.00100100 -0.03075200 -0.01012900
v -0.00105400 -0.03420200 -0.00969300
v -0.00105400 -0.03420200 -0.00969300
v -0.00105400 -0.03420200 -0.00969300
v -0.00105400 -0.03420200 -0.00969300
v -0.00105400 -0.03420200 -0.00969300
v -0.00105400 -0.03420200 -0.00969300
v 0.00003700 -0.03396700 -0.00966900
v 0.00003700 -0.03396700 -0.00966900
v 0.00003700 -0.03396700 -0.00966900
v 0.00003700 -0.03396700 -0.00966900
v 0.00003700 -0.03396700 -0.00966900
v 0.00003700 -0.03396700 -0.00966900
v 0.00479200 -0.00095300 -0.01130800
v 0.00479200 -0.00095300 -0.01130800
v 0.00479200 -0.00095300 -0.01130800
v 0.00479200 -0.00095300 -0.01130800
v 0.00479200 -0.00095300 -0.01130800
v 0.00479200 -0.00095300 -0.01130800
v 0.00164000 0.00687300 -0.00803700
v 0.00164000 0.00687300 -0.00803700
v 0.00164000 0.00687300 -0.00803700
v 0.00164000 0.00687300 -0.00803700
v 0.00164000 0.00687300 -0.00803700
v 0.00164000 0.00687300 -0.00803700
v 0.00160700 0.00693500 -0.00799300
v 0.00160700 0.00693500 -0.00799300
v 0.00160700 0.00693500 -0.00799300
v 0.00160700 0.00693500 -0.00799300
v 0.00160700 0.00693500 -0.00799300
v 0.00158600 0.00697900 -0.00792200
v 0.00158600 0.00697900 -0.00792200
v 0.00158600 0.00697900 -0.00792200
v 0.00158600 0.00697900 -0.00792200
v 0.00158600 0.00697900 -0.00792200
v 0.00158600 0.00697900 -0.00792200
v 0.00158600 0.00697900 -0.00792200
v 0.00460900 -0.00101000 -0.01131200
v 0.00460900 -0.00101000 -0.01131200
v 0.00460900 -0.00101000 -0.01131200
v 0.00460900 -0.00101000 -0.01131200
v 0.00460900 -0.00101000 -0.01131200
v 0.00460900 -0.00101000 -0.01131200
v 0.00076400 0.00652300 -0.00785500
v 0.00076400 0.00652300 -0.00785500
v 0.00076400 0.00652300 -0.00785500
v 0.00076400 0.00652300 -0.00785500
v 0.00076400 0.00652300 -0.00785500
v 0.00074600 0.00655400 -0.00654900
v 0.00074600 0.00655400 -0.00654900
v 0.00074600 0.00655400 -0.00654900
v 0.00074600 0.00655400 -0.00654900
v 0.00074600 0.00655400 -0.00654900
v 0.00074600 0.00655400 -0.00345100
v 0.00074600 0.00655400 -0.00345100
v 0.00074600 0.00655400 -0.00345100
v 0.00074600 0.00655400 -0.00345100
v 0.00074600 0.00655400 -0.00345100
v 0.00076400 0.00652300 -0.00214500
v 0.00076400 0.00652300 -0.00214500
v 0.00076400 0.00652300 -0.00214500
v 0.00076400 0.00652300 -0.00214500
v 0.00076400 0.00652300 -0.00214500
v 0.00158600 0.00697900 -0.00207800
v 0.00158600 0.00697900 -0.00207800
v 0.00158600 0.00697900 -0.00207800
v 0.00158600 0.00697900 -0.00207800
v 0.00158600 0.00697900 -0.00207800
v 0.00158600 0.00697900 -0.00207800
v 0.00158600 0.00697900 -0.00207800
v 0.00160700 0.00693500 -0.00200700
v 0.00160700 0.00693500 -0.00200700
v 0.00160700 0.00693500 -0.00200700
v 0.00160700 0.00693500 -0.00200700
v 0.00160700 0.00693500 -0.00200700
v 0.00164000 0.00687300 -0.00196300
v 0.00164000 0.00687300 -0.00196300
v 0.00164000 0.00687300 -0.00196300
v 0.00164000 0.00687300 -0.00196300
v 0.00164000 0.00687300 -0.00196300
v 0.00164000 0.00687300 -0.00196300
v 0.00460900 -0.00101000 0.00131300
v 0.00460900 -0.00101000 0.00131300
v 0.00460900 -0.00101000 0.00131300
v 0.00460900 -0.00101000 0.00131300
v 0.00460900 -0.00101000 0.00131300
v 0.00460900 -0.00101000 0.00131300
v 0.00477500 -0.00095700 0.00130800
v 0.00477500 -0.00095700 0.00130800
v 0.00477500 -0.00095700 0.00130800
v 0.00477500 -0.00095700 0.00130800
v 0.00477500 -0.00095700 0.00130800
v 0.00127300 -0.02670900 0.00046900
v 0.00127300 -0.02670900 0.00046900
v 0.00127300 -0.02670900 0.00046900
v 0.00127300 -0.02670900 0.00046900
v 0.00127300 -0.02670900 0.00046900
v 0.00127300 -0.02670900 0.00046900
v 0.00127300 -0.02670900 0.00046900
v 0.00127300 -0.02670900 0.00046900
v 0.00541200 -0.00065600 0.00125900
v 0.00541200 -0.00065600 0.00125900
v 0.00541200 -0.00065600 0.00125900
v 0.00541200 -0.00065600 0.00125900
v 0.00541200 -0.00065600 0.00125900
v 0.00541200 -0.00065600 0.00125900
v 0.00112000 -0.02873300 0.00035300
v 0.00112000 -0.02873300 0.00035300
v 0.00112000 -0.02873300 0.00035300
v 0.00112000 -0.02873300 0.00035300
v 0.00112000 -0.02873300 0.00035300
v 0.00112000 -0.02873300 0.00035300
v 0.00100100 -0.03075200 0.00012900
v 0.00100100 -0.03075200 0.00012900
v 0.00100100 -0.03075200 0.00012900
v 0.00100100 -0.03075200 0.00012900
v 0.00100100 -0.03075200 0.00012900
v 0.00100100 -0.03075200 0.00012900
v -0.00004300 -0.03299300 -0.00010300
v -0.00004300 -0.03299300 -0.00010300
v -0.00004300 -0.03299300 -0.00010300
v -0.00004300 -0.03299300 -0.00010300
v -0.00004300 -0.03299300 -0.00010300
v -0.00004300 -0.03299300 -0.00010300
v 0.00003100 -0.03396700 -0.00033100
v 0.00003100 -0.03396700 -0.00033100
v 0.00003100 -0.03396700 -0.00033100
v 0.00003100 -0.03396700 -0.00033100
v 0.00003100 -0.03396700 -0.00033100
v 0.00003100 -0.03396700 -0.00033100
v 0.00015100 -0.03488800 -0.00058200
v 0.00015100 -0.03488800 -0.00058200
v 0.00015100 -0.03488800 -0.00058200
v 0.00015100 -0.03488800 -0.00058200
v 0.00015100 -0.03488800 -0.00058200
v 0.00015100 -0.03488800 -0.00058200
v 0.00015100 -0.03488800 -0.00058200
v 0.00015100 -0.03488800 -0.00058200
v 0.00023600 -0.03535800 -0.00074200
v 0.00023600 -0.03535800 -0.00074200
v 0.00023600 -0.03535800 -0.00074200
v 0.00023600 -0.03535800 -0.00074200
v 0.00023600 -0.03535800 -0.00074200
v 0.00023600 -0.03535800 -0.00074200
v 0.00033300 -0.03583200 -0.00098700
v 0.00033300 -0.03583200 -0.00098700
v 0.00033300 -0.03583200 -0.00098700
v 0.00033300 -0.03583200 -0.00098700
v 0.00033300 -0.03583200 -0.00098700
v 0.00033300 -0.03583200 -0.00098700
v 0.00033300 -0.03583200 -0.00098700
v 0.00042600 -0.03625700 -0.00132500
v 0.00042600 -0.03625700 -0.00132500
v 0.00042600 -0.03625700 -0.00132500
v 0.00042600 -0.03625700 -0.00132500
v 0.00042600 -0.03625700 -0.00132500
v 0.00042600 -0.03625700 -0.00132500
v -0.00066500 -0.03638100 -0.00136400
v -0.00066500 -0.03638100 -0.00136400
v -0.00066500 -0.03638100 -0.00136400
v -0.00066500 -0.03638100 -0.00136400
v -0.00066500 -0.03638100 -0.00136400
v -0.00066500 -0.03638100 -0.00136400
v -0.00066500 -0.03638100 -0.00136400
v -0.00102700 -0.03640700 -0.00140000
v -0.00102700 -0.03640700 -0.00140000
v -0.00102700 -0.03640700 -0.00140000
v -0.00102700 -0.03640700 -0.00140000
v -0.00102700 -0.03640700 -0.00140000
v -0.00102700 -0.03640700 -0.00140000
v -0.00134100 -0.03642500 -0.00148000
v -0.00134100 -0.03642500 -0.00148000
v -0.00134100 -0.03642500 -0.00148000
v -0.00134100 -0.03642500 -0.00148000
v -0.00134100 -0.03642500 -0.00148000
v -0.00134100 -0.03642500 -0.00148000
v -0.00160600 -0.03643400 -0.00163500
v -0.00160600 -0.03643400 -0.00163500
v -0.00160600 -0.03643400 -0.00163500
v -0.00160600 -0.03643400 -0.00163500
v -0.00160600 -0.03643400 -0.00163500
v -0.00160600 -0.03643400 -0.00163500
v -0.00148700 -0.03666000 -0.00199300
v -0.00148700 -0.03666000 -0.00199300
v -0.00148700 -0.03666000 -0.00199300
v -0.00148700 -0.03666000 -0.00199300
v -0.00148700 -0.03666000 -0.00199300
v -0.00148700 -0.03666000 -0.00199300
v -0.00129700 -0.03696100 -0.00269900
v -0.00129700 -0.03696100 -0.00269900
v -0.00129700 -0.03696100 -0.00269900
v -0.00129700 -0.03696100 -0.00269900
v -0.00129700 -0.03696100 -0.00269900
v -0.00129700 -0.03696100 -0.00269900
v -0.00152600 -0.03689000 -0.00277300
v -0.00152600 -0.03689000 -0.00277300
v -0.00152600 -0.03689000 -0.00277300
v -0.00152600 -0.03689000 -0.00277300
v -0.00152600 -0.03689000 -0.00277300
v -0.00152600 -0.03689000 -0.00277300
v -0.00193000 -0.03671700 -0.00296500
v -0.00193000 -0.03671700 -0.00296500
v -0.00193000 -0.03671700 -0.00296500
v -0.00193000 -0.03671700 -0.00296500
v -0.00193000 -0.03671700 -0.00296500
v -0.00193000 -0.03671700 -0.00296500
v -0.00193000 -0.03671700 -0.00296500
v -0.00166900 -0.03691700 -0.00323900
v -0.00166900 -0.03691700 -0.00323900
v -0.00166900 -0.03691700 -0.00323900
v -0.00166900 -0.03691700 -0.00323900
v -0.00166900 -0.03691700 -0.00323900
v -0.00146100 -0.03711600 -0.00383500
v -0.00146100 -0.03711600 -0.00383500
v -0.00146100 -0.03711600 -0.00383500
v -0.00146100 -0.03711600 -0.00383500
v -0.00146100 -0.03711600 -0.00383500
v -0.00152400 -0.03709400 -0.00393300
v -0.00152400 -0.03709400 -0.00393300
v -0.00152400 -0.03709400 -0.00393300
v -0.00152400 -0.03709400 -0.00393300
v -0.00152400 -0.03709400 -0.00393300
v -0.00136200 -0.03723100 -0.00499000
v -0.00136200 -0.03723100 -0.00499000
v -0.00136200 -0.03723100 -0.00499000
v -0.00136200 -0.03723100 -0.00499000
v -0.00136200 -0.03723100 -0.00499000
v -0.00136200 -0.03723100 -0.00499000
v -0.00192400 -0.03672200 -0.00703900
v -0.00192400 -0.03672200 -0.00703900
v -0.00192400 -0.03672200 -0.00703900
v -0.00192400 -0.03672200 -0.00703900
v -0.00192400 -0.03672200 -0.00703900
v -0.00192400 -0.03672200 -0.00703900
v -0.00192400 -0.03672200 -0.00703900
v -0.00152700 -0.03709400 -0.00606400
v -0.00152700 -0.03709400 -0.00606400
v -0.00152700 -0.03709400 -0.00606400
v -0.00152700 -0.03709400 -0.00606400
v -0.00152700 -0.03709400 -0.00606400
v -0.00152700 -0.03709400 -0.00606400
v -0.00136200 -0.03723100 -0.00501000
v -0.00136200 -0.03723100 -0.00501000
v -0.00136200 -0.03723100 -0.00501000
v -0.00136200 -0.03723100 -0.00501000
v -0.00136200 -0.03723100 -0.00501000
v -0.00136200 -0.03723100 -0.00501000
v -0.00136200 -0.03723100 -0.00501000
v -0.00166900 -0.03691700 -0.00676100
v -0.00166900 -0.03691700 -0.00676100
v -0.00166900 -0.03691700 -0.00676100
v -0.00166900 -0.03691700 -0.00676100
v -0.00166900 -0.03691700 -0.00676100
v -0.00166900 -0.03691700 -0.00676100
v -0.00152100 -0.03689400 -0.00723000
v -0.00152100 -0.03689400 -0.00723000
v -0.00152100 -0.03689400 -0.00723000
v -0.00152100 -0.03689400 -0.00723000
v -0.00152100 -0.03689400 -0.00723000
v -0.00152100 -0.03689400 -0.00723000
v -0.00171100 -0.03663300 -0.00783800
v -0.00171100 -0.03663300 -0.00783800
v -0.00171100 -0.03663300 -0.00783800
v -0.00171100 -0.03663300 -0.00783800
v -0.00171100 -0.03663300 -0.00783800
v -0.00171100 -0.03663300 -0.00783800
v -0.00183100 -0.03643800 -0.00814100
v -0.00183100 -0.03643800 -0.00814100
v -0.00183100 -0.03643800 -0.00814100
v -0.00183100 -0.03643800 -0.00814100
v -0.00183100 -0.03643800 -0.00814100
v -0.00183100 -0.03643800 -0.00814100
v -0.00216300 -0.03624300 -0.00804300
v -0.00216300 -0.03624300 -0.00804300
v -0.00216300 -0.03624300 -0.00804300
v -0.00216300 -0.03624300 -0.00804300
v -0.00216300 -0.03624300 -0.00804300
v -0.00216300 -0.03624300 -0.00804300
v -0.00196900 -0.03620800 -0.00838800
v -0.00196900 -0.03620800 -0.00838800
v -0.00196900 -0.03620800 -0.00838800
v -0.00196900 -0.03620800 -0.00838800
v -0.00196900 -0.03620800 -0.00838800
v -0.00196900 -0.03620800 -0.00838800
v -0.00173600 -0.03616400 -0.00866500
v -0.00173600 -0.03616400 -0.00866500
v -0.00173600 -0.03616400 -0.00866500
v -0.00173600 -0.03616400 -0.00866500
v -0.00173600 -0.03616400 -0.00866500
v -0.00173600 -0.03616400 -0.00866500
v -0.00146100 -0.03611500 -0.00885400
v -0.00146100 -0.03611500 -0.00885400
v -0.00146100 -0.03611500 -0.00885400
v -0.00146100 -0.03611500 -0.00885400
v -0.00146100 -0.03611500 -0.00885400
v -0.00146100 -0.03611500 -0.00885400
v -0.00112900 -0.03605700 -0.00895500
v -0.00112900 -0.03605700 -0.00895500
v -0.00112900 -0.03605700 -0.00895500
v -0.00112900 -0.03605700 -0.00895500
v -0.00112900 -0.03605700 -0.00895500
v -0.00112900 -0.03605700 -0.00895500
v -0.00123700 -0.03566300 -0.00920800
v -0.00123700 -0.03566300 -0.00920800
v -0.00123700 -0.03566300 -0.00920800
v -0.00123700 -0.03566300 -0.00920800
v -0.00123700 -0.03566300 -0.00920800
v -0.00123700 -0.03566300 -0.00920800
v -0.00091100 -0.03514500 -0.00941600
v -0.00091100 -0.03514500 -0.00941600
v -0.00091100 -0.03514500 -0.00941600
v -0.00091100 -0.03514500 -0.00941600
v -0.00091100 -0.03514500 -0.00941600
v -0.00091100 -0.03514500 -0.00941600
v -0.00091100 -0.03514500 -0.00941600
v -0.00105100 -0.03422800 -0.00968500
v -0.00105100 -0.03422800 -0.00968500
v -0.00105100 -0.03422800 -0.00968500
v -0.00105100 -0.03422800 -0.00968500
v 0.00199100 -0.02852500 -0.01018300
v 0.00199100 -0.02852500 -0.01018300
v 0.00199100 -0.02852500 -0.01018300
v 0.00199100 -0.02852500 -0.01018300
v 0.00199100 -0.02852500 -0.01018300
v 0.00199100 -0.02852500 -0.01018300
v 0.00199100 -0.02852500 -0.01018300
v 0.00199100 -0.02852500 -0.01018300
v 0.00217600 -0.02649200 -0.01030700
v 0.00217600 -0.02649200 -0.01030700
v 0.00217600 -0.02649200 -0.01030700
v 0.00217600 -0.02649200 -0.01030700
v 0.00217600 -0.02649200 -0.01030700
v 0.00351000 -0.02203200 -0.01035100
v 0.00351000 -0.02203200 -0.01035100
v 0.00351000 -0.02203200 -0.01035100
v 0.00351000 -0.02203200 -0.01035100
v 0.00351000 -0.02203200 -0.01035100
v 0.00634400 -0.00048800 -0.01112600
v 0.00634400 -0.00048800 -0.01112600
v 0.00634400 -0.00048800 -0.01112600
v 0.00634400 -0.00048800 -0.01112600
v 0.00634400 -0.00048800 -0.01112600
v 0.00634400 -0.00048800 -0.01112600
v 0.00634400 -0.00048800 -0.01112600
v 0.00593500 -0.00050500 -0.01119700
v 0.00593500 -0.00050500 -0.01119700
v 0.00593500 -0.00050500 -0.01119700
v 0.00593500 -0.00050500 -0.01119700
v 0.00593500 -0.00050500 -0.01119700
v 0.00542400 -0.00065200 -0.01125800
v 0.00542400 -0.00065200 -0.01125800
v 0.00542400 -0.00065200 -0.01125800
v 0.00542400 -0.00065200 -0.01125800
v 0.00542400 -0.00065200 -0.01125800
v 0.00098300 -0.03274500 -0.00977700
v 0.00098300 -0.03274500 -0.00977700
v 0.00098300 -0.03274500 -0.00977700
v 0.00098300 -0.03274500 -0.00977700
v 0.00098300 -0.03274500 -0.00977700
v 0.00098300 -0.03274500 -0.00977700
v 0.00179200 -0.03056200 -0.00996100
v 0.00179200 -0.03056200 -0.00996100
v 0.00179200 -0.03056200 -0.00996100
v 0.00179200 -0.03056200 -0.00996100
v 0.00179200 -0.03056200 -0.00996100
v 0.00179200 -0.03056200 -0.00996100
v 0.00015100 -0.03488800 -0.00941800
v 0.00015100 -0.03488800 -0.00941800
v 0.00015100 -0.03488800 -0.00941800
v 0.00015100 -0.03488800 -0.00941800
v 0.00015100 -0.03488800 -0.00941800
v 0.00015100 -0.03488800 -0.00941800
v 0.00015100 -0.03488800 -0.00941800
v 0.00015100 -0.03488800 -0.00941800
v 0.00103600 -0.03372800 -0.00954800
v 0.00103600 -0.03372800 -0.00954800
v 0.00103600 -0.03372800 -0.00954800
v 0.00103600 -0.03372800 -0.00954800
v 0.00103600 -0.03372800 -0.00954800
v 0.00103600 -0.03372800 -0.00954800
v 0.00529200 -0.00066000 -0.01126700
v 0.00529200 -0.00066000 -0.01126700
v 0.00529200 -0.00066000 -0.01126700
v 0.00529200 -0.00066000 -0.01126700
v 0.00529200 -0.00066000 -0.01126700
v 0.00529200 -0.00066000 -0.01126700
v 0.00529200 -0.00066000 -0.01126700
v 0.00287800 0.00737700 -0.00803700
v 0.00287800 0.00737700 -0.00803700
v 0.00287800 0.00737700 -0.00803700
v 0.00287800 0.00737700 -0.00803700
v 0.00287800 0.00737700 -0.00803700
v 0.00287800 0.00737700 -0.00803700
v 0.00287800 0.00737700 -0.00803700
v 0.00285700 0.00744400 -0.00799300
v 0.00285700 0.00744400 -0.00799300
v 0.00285700 0.00744400 -0.00799300
v 0.00285700 0.00744400 -0.00799300
v 0.00285700 0.00744400 -0.00799300
v 0.00285700 0.00744400 -0.00799300
v 0.00285700 0.00744400 -0.00799300
v 0.00158000 0.00699200 -0.00785500
v 0.00158000 0.00699200 -0.00785500
v 0.00158000 0.00699200 -0.00785500
v 0.00158000 0.00699200 -0.00785500
v 0.00158000 0.00699200 -0.00785500
v 0.00158000 0.00699200 -0.00785500
v 0.00158000 0.00699200 -0.00785500
v 0.00284200 0.00748800 -0.00792200
v 0.00284200 0.00748800 -0.00792200
v 0.00284200 0.00748800 -0.00792200
v 0.00284200 0.00748800 -0.00792200
v 0.00284200 0.00748800 -0.00792200
v 0.00284200 0.00748800 -0.00792200
v 0.00284200 0.00748800 -0.00792200
v 0.00158000 0.00699200 -0.00214500
v 0.00158000 0.00699200 -0.00214500
v 0.00158000 0.00699200 -0.00214500
v 0.00158000 0.00699200 -0.00214500
v 0.00158000 0.00699200 -0.00214500
v 0.00158000 0.00699200 -0.00214500
v 0.00158000 0.00699200 -0.00214500
v 0.00284200 0.00748800 -0.00207800
v 0.00284200 0.00748800 -0.00207800
v 0.00284200 0.00748800 -0.00207800
v 0.00284200 0.00748800 -0.00207800
v 0.00284200 0.00748800 -0.00207800
v 0.00284200 0.00748800 -0.00207800
v 0.00285700 0.00744400 -0.00200700
v 0.00285700 0.00744400 -0.00200700
v 0.00285700 0.00744400 -0.00200700
v 0.00285700 0.00744400 -0.00200700
v 0.00285700 0.00744400 -0.00200700
v 0.00285700 0.00744400 -0.00200700
v 0.00285700 0.00744400 -0.00200700
v 0.00287800 0.00737700 -0.00196300
v 0.00287800 0.00737700 -0.00196300
v 0.00287800 0.00737700 -0.00196300
v 0.00287800 0.00737700 -0.00196300
v 0.00287800 0.00737700 -0.00196300
v 0.00287800 0.00737700 -0.00196300
v 0.00529200 -0.00066000 0.00126700
v 0.00529200 -0.00066000 0.00126700
v 0.00529200 -0.00066000 0.00126700
v 0.00529200 -0.00066000 0.00126700
v 0.00529200 -0.00066000 0.00126700
v 0.00529200 -0.00066000 0.00126700
v 0.00529200 -0.00066000 0.00126700
v 0.00349100 -0.02235100 0.00033000
v 0.00349100 -0.02235100 0.00033000
v 0.00349100 -0.02235100 0.00033000
v 0.00349100 -0.02235100 0.00033000
v 0.00349100 -0.02235100 0.00033000
v 0.00222000 -0.02647900 0.00029700
v 0.00222000 -0.02647900 0.00029700
v 0.00222000 -0.02647900 0.00029700
v 0.00222000 -0.02647900 0.00029700
v 0.00222000 -0.02647900 0.00029700
v 0.00222000 -0.02647900 0.00029700
v 0.00592200 -0.00051000 0.00119800
v 0.00592200 -0.00051000 0.00119800
v 0.00592200 -0.00051000 0.00119800
v 0.00592200 -0.00051000 0.00119800
v 0.00592200 -0.00051000 0.00119800
v 0.00633900 -0.00048800 0.00112800
v 0.00633900 -0.00048800 0.00112800
v 0.00633900 -0.00048800 0.00112800
v 0.00633900 -0.00048800 0.00112800
v 0.00633900 -0.00048800 0.00112800
v 0.00633900 -0.00048800 0.00112800
v 0.00633900 -0.00048800 0.00112800
v 0.00565700 -0.00053200 0.00122900
v 0.00565700 -0.00053200 0.00122900
v 0.00565700 -0.00053200 0.00122900
v 0.00565700 -0.00053200 0.00122900
v 0.00565700 -0.00053200 0.00122900
v 0.00565700 -0.00053200 0.00122900
v 0.00199700 -0.02852500 0.00018100
v 0.00199700 -0.02852500 0.00018100
v 0.00199700 -0.02852500 0.00018100
v 0.00199700 -0.02852500 0.00018100
v 0.00199700 -0.02852500 0.00018100
v 0.00199700 -0.02852500 0.00018100
v 0.00199700 -0.02852500 0.00018100
v 0.00179600 -0.03056200 -0.00004100
v 0.00179600 -0.03056200 -0.00004100
v 0.00179600 -0.03056200 -0.00004100
v 0.00179600 -0.03056200 -0.00004100
v 0.00179600 -0.03056200 -0.00004100
v 0.00179600 -0.03056200 -0.00004100
v 0.00098300 -0.03274500 -0.00022300
v 0.00098300 -0.03274500 -0.00022300
v 0.00098300 -0.03274500 -0.00022300
v 0.00098300 -0.03274500 -0.00022300
v 0.00098300 -0.03274500 -0.00022300
v 0.00098300 -0.03274500 -0.00022300
v 0.00103600 -0.03372800 -0.00045200
v 0.00103600 -0.03372800 -0.00045200
v 0.00103600 -0.03372800 -0.00045200
v 0.00103600 -0.03372800 -0.00045200
v 0.00103600 -0.03372800 -0.00045200
v 0.00103600 -0.03372800 -0.00045200
v 0.00113500 -0.03464900 -0.00070300
v 0.00113500 -0.03464900 -0.00070300
v 0.00113500 -0.03464900 -0.00070300
v 0.00113500 -0.03464900 -0.00070300
v 0.00113500 -0.03464900 -0.00070300
v 0.00120400 -0.03512300 -0.00085500
v 0.00120400 -0.03512300 -0.00085500
v 0.00120400 -0.03512300 -0.00085500
v 0.00120400 -0.03512300 -0.00085500
v 0.00120400 -0.03512300 -0.00085500
v 0.00120400 -0.03512300 -0.00085500
v 0.00128100 -0.03557500 -0.00106900
v 0.00128100 -0.03557500 -0.00106900
v 0.00128100 -0.03557500 -0.00106900
v 0.00128100 -0.03557500 -0.00106900
v 0.00128100 -0.03557500 -0.00106900
v 0.00128100 -0.03557500 -0.00106900
v 0.00128100 -0.03557500 -0.00106900
v 0.00136600 -0.03604000 -0.00139200
v 0.00136600 -0.03604000 -0.00139200
v 0.00136600 -0.03604000 -0.00139200
v 0.00136600 -0.03604000 -0.00139200
v 0.00136800 -0.03604900 -0.00139900
v 0.00136800 -0.03604900 -0.00139900
v 0.00136800 -0.03604900 -0.00139900
v 0.00136800 -0.03604900 -0.00139900
v 0.00136800 -0.03604900 -0.00139900
v 0.00136800 -0.03604900 -0.00139900
v 0.00142500 -0.03634500 -0.00168400
v 0.00142500 -0.03634500 -0.00168400
v 0.00142500 -0.03634500 -0.00168400
v 0.00142500 -0.03634500 -0.00168400
v 0.00142500 -0.03634500 -0.00168400
v 0.00050700 -0.03662400 -0.00173200
v 0.00050700 -0.03662400 -0.00173200
v 0.00050700 -0.03662400 -0.00173200
v 0.00050700 -0.03662400 -0.00173200
v 0.00050700 -0.03662400 -0.00173200
v 0.00050700 -0.03662400 -0.00173200
v -0.00009100 -0.03668200 -0.00175200
v -0.00009100 -0.03668200 -0.00175200
v -0.00009100 -0.03668200 -0.00175200
v -0.00009100 -0.03668200 -0.00175200
v -0.00009100 -0.03668200 -0.00175200
v -0.00009100 -0.03668200 -0.00175200
v -0.00061200 -0.03662400 -0.00167500
v -0.00061200 -0.03662400 -0.00167500
v -0.00061200 -0.03662400 -0.00167500
v -0.00061200 -0.03662400 -0.00167500
v -0.00061200 -0.03662400 -0.00167500
v -0.00093400 -0.03669100 -0.00181600
v -0.00093400 -0.03669100 -0.00181600
v -0.00093400 -0.03669100 -0.00181600
v -0.00093400 -0.03669100 -0.00181600
v -0.00093400 -0.03669100 -0.00181600
v -0.00093400 -0.03669100 -0.00181600
v -0.00123000 -0.03667700 -0.00187700
v -0.00123000 -0.03667700 -0.00187700
v -0.00123000 -0.03667700 -0.00187700
v -0.00123000 -0.03667700 -0.00187700
v -0.00123000 -0.03667700 -0.00187700
v -0.00123000 -0.03667700 -0.00187700
v -0.00123000 -0.03667700 -0.00187700
v -0.00105600 -0.03701800 -0.00265400
v -0.00105600 -0.03701800 -0.00265400
v -0.00105600 -0.03701800 -0.00265400
v -0.00105600 -0.03701800 -0.00265400
v -0.00105600 -0.03701800 -0.00265400
v -0.00105600 -0.03701800 -0.00265400
v -0.00095000 -0.03720400 -0.00324600
v -0.00095000 -0.03720400 -0.00324600
v -0.00095000 -0.03720400 -0.00324600
v -0.00095000 -0.03720400 -0.00324600
v -0.00095000 -0.03720400 -0.00324600
v -0.00095000 -0.03720400 -0.00324600
v -0.00095000 -0.03720400 -0.00324600
v -0.00095000 -0.03720400 -0.00324600
v -0.00122400 -0.03712000 -0.00324400
v -0.00122400 -0.03712000 -0.00324400
v -0.00122400 -0.03712000 -0.00324400
v -0.00122400 -0.03712000 -0.00324400
v -0.00122400 -0.03712000 -0.00324400
v -0.00122400 -0.03712000 -0.00324400
v -0.00122400 -0.03712000 -0.00324400
v -0.00122400 -0.03712000 -0.00324400
v -0.00133400 -0.03719600 -0.00403400
v -0.00133400 -0.03719600 -0.00403400
v -0.00133400 -0.03719600 -0.00403400
v -0.00133400 -0.03719600 -0.00403400
v -0.00133400 -0.03719600 -0.00403400
v -0.00125400 -0.03723100 -0.00406600
v -0.00125400 -0.03723100 -0.00406600
v -0.00125400 -0.03723100 -0.00406600
v -0.00125400 -0.03723100 -0.00406600
v -0.00125400 -0.03723100 -0.00406600
v -0.00091400 -0.03739000 -0.00499000
v -0.00091400 -0.03739000 -0.00499000
v -0.00091400 -0.03739000 -0.00499000
v -0.00091400 -0.03739000 -0.00499000
v -0.00091400 -0.03739000 -0.00499000
v -0.00091400 -0.03739000 -0.00499000
v -0.00091400 -0.03739000 -0.00499000
v -0.00133400 -0.03719600 -0.00596600
v -0.00133400 -0.03719600 -0.00596600
v -0.00133400 -0.03719600 -0.00596600
v -0.00133400 -0.03719600 -0.00596600
v -0.00133400 -0.03719600 -0.00596600
v -0.00133400 -0.03719600 -0.00596600
v -0.00146100 -0.03711600 -0.00616500
v -0.00146100 -0.03711600 -0.00616500
v -0.00146100 -0.03711600 -0.00616500
v -0.00146100 -0.03711600 -0.00616500
v -0.00091400 -0.03739000 -0.00501000
v -0.00091400 -0.03739000 -0.00501000
v -0.00091400 -0.03739000 -0.00501000
v -0.00091400 -0.03739000 -0.00501000
v -0.00091400 -0.03739000 -0.00501000
v -0.00091400 -0.03739000 -0.00501000
v -0.00102700 -0.03731100 -0.00597100
v -0.00102700 -0.03731100 -0.00597100
v -0.00102700 -0.03731100 -0.00597100
v -0.00102700 -0.03731100 -0.00597100
v -0.00102700 -0.03731100 -0.00597100
v -0.00102700 -0.03731100 -0.00597100
v -0.00102700 -0.03731100 -0.00597100
v -0.00102700 -0.03731100 -0.00597100
v -0.00127000 -0.03722200 -0.00594000
v -0.00127000 -0.03722200 -0.00594000
v -0.00127000 -0.03722200 -0.00594000
v -0.00122400 -0.03712000 -0.00675600
v -0.00122400 -0.03712000 -0.00675600
v -0.00122400 -0.03712000 -0.00675600
v -0.00122400 -0.03712000 -0.00675600
v -0.00122400 -0.03712000 -0.00675600
v -0.00122400 -0.03712000 -0.00675600
v -0.00122400 -0.03712000 -0.00675600
v -0.00129300 -0.03696100 -0.00730200
v -0.00129300 -0.03696100 -0.00730200
v -0.00129300 -0.03696100 -0.00730200
v -0.00129300 -0.03696100 -0.00730200
v -0.00129300 -0.03696100 -0.00730200
v -0.00129300 -0.03696100 -0.00730200
v -0.00148200 -0.03666000 -0.00801000
v -0.00148200 -0.03666000 -0.00801000
v -0.00148200 -0.03666000 -0.00801000
v -0.00148200 -0.03666000 -0.00801000
v -0.00148200 -0.03666000 -0.00801000
v -0.00148200 -0.03666000 -0.00801000
v -0.00160100 -0.03643400 -0.00836800
v -0.00160100 -0.03643400 -0.00836800
v -0.00160100 -0.03643400 -0.00836800
v -0.00160100 -0.03643400 -0.00836800
v -0.00160100 -0.03643400 -0.00836800
v -0.00160100 -0.03643400 -0.00836800
v -0.00133700 -0.03642500 -0.00852100
v -0.00133700 -0.03642500 -0.00852100
v -0.00133700 -0.03642500 -0.00852100
v -0.00133700 -0.03642500 -0.00852100
v -0.00133700 -0.03642500 -0.00852100
v -0.00133700 -0.03642500 -0.00852100
v -0.00102600 -0.03640700 -0.00860100
v -0.00102600 -0.03640700 -0.00860100
v -0.00102600 -0.03640700 -0.00860100
v -0.00102600 -0.03640700 -0.00860100
v -0.00102600 -0.03640700 -0.00860100
v -0.00102600 -0.03640700 -0.00860100
v -0.00075100 -0.03598200 -0.00901200
v -0.00075100 -0.03598200 -0.00901200
v -0.00075100 -0.03598200 -0.00901200
v -0.00075100 -0.03598200 -0.00901200
v -0.00075100 -0.03598200 -0.00901200
v -0.00075100 -0.03598200 -0.00901200
v -0.00066300 -0.03639000 -0.00862900
v -0.00066300 -0.03639000 -0.00862900
v -0.00066300 -0.03639000 -0.00862900
v -0.00066300 -0.03639000 -0.00862900
v -0.00066300 -0.03639000 -0.00862900
v -0.00066300 -0.03639000 -0.00862900
v -0.00066300 -0.03639000 -0.00862900
v -0.00083000 -0.03557900 -0.00925300
v -0.00083000 -0.03557900 -0.00925300
v -0.00083000 -0.03557900 -0.00925300
v -0.00083000 -0.03557900 -0.00925300
v -0.00083000 -0.03557900 -0.00925300
v 0.00023800 -0.03536200 -0.00925600
v 0.00023800 -0.03536200 -0.00925600
v 0.00023800 -0.03536200 -0.00925600
v 0.00023800 -0.03536200 -0.00925600
v 0.00023800 -0.03536200 -0.00925600
v 0.00023800 -0.03536200 -0.00925600
v 0.00280400 -0.02833000 -0.00991600
v 0.00280400 -0.02833000 -0.00991600
v 0.00280400 -0.02833000 -0.00991600
v 0.00280400 -0.02833000 -0.00991600
v 0.00556400 -0.02140400 -0.00986000
v 0.00556400 -0.02140400 -0.00986000
v 0.00556400 -0.02140400 -0.00986000
v 0.00556400 -0.02140400 -0.00986000
v 0.00556400 -0.02140400 -0.00986000
v 0.00556400 -0.02140400 -0.00986000
v 0.00556400 -0.02140400 -0.00986000
v 0.00479200 -0.02136800 -0.01011700
v 0.00479200 -0.02136800 -0.01011700
v 0.00479200 -0.02136800 -0.01011700
v 0.00479200 -0.02136800 -0.01011700
v 0.00479200 -0.02136800 -0.01011700
v 0.00479200 -0.02136800 -0.01011700
v 0.00479200 -0.02136800 -0.01011700
v 0.00479200 -0.02136800 -0.01011700
v 0.00434400 -0.02208500 -0.01016800
v 0.00434400 -0.02208500 -0.01016800
v 0.00434400 -0.02208500 -0.01016800
v 0.00434400 -0.02208500 -0.01016800
v 0.00434400 -0.02208500 -0.01016800
v 0.00393100 -0.02131100 -0.01030900
v 0.00393100 -0.02131100 -0.01030900
v 0.00393100 -0.02131100 -0.01030900
v 0.00393100 -0.02131100 -0.01030900
v 0.00393100 -0.02131100 -0.01030900
v 0.00677100 -0.00058100 -0.01102900
v 0.00677100 -0.00058100 -0.01102900
v 0.00677100 -0.00058100 -0.01102900
v 0.00677100 -0.00058100 -0.01102900
v 0.00677100 -0.00058100 -0.01102900
v 0.00677100 -0.00058100 -0.01102900
v 0.00677100 -0.00058100 -0.01102900
v 0.00642500 -0.00045700 -0.01110700
v 0.00642500 -0.00045700 -0.01110700
v 0.00642500 -0.00045700 -0.01110700
v 0.00642500 -0.00045700 -0.01110700
v 0.00642500 -0.00045700 -0.01110700
v 0.00642500 -0.00045700 -0.01110700
v 0.00604000 -0.00045200 -0.01117700
v 0.00604000 -0.00045200 -0.01117700
v 0.00604000 -0.00045200 -0.01117700
v 0.00604000 -0.00045200 -0.01117700
v 0.00604000 -0.00045200 -0.01117700
v 0.00604000 -0.00045200 -0.01117700
v 0.00604000 -0.00045200 -0.01117700
v 0.00565700 -0.00053200 -0.01122900
v 0.00565700 -0.00053200 -0.01122900
v 0.00565700 -0.00053200 -0.01122900
v 0.00565700 -0.00053200 -0.01122900
v 0.00565700 -0.00053200 -0.01122900
v 0.00565700 -0.00053200 -0.01122900
v 0.00167300 -0.03258100 -0.00962000
v 0.00167300 -0.03258100 -0.00962000
v 0.00167300 -0.03258100 -0.00962000
v 0.00167300 -0.03258100 -0.00962000
v 0.00167300 -0.03258100 -0.00962000
v 0.00167300 -0.03258100 -0.00962000
v 0.00252900 -0.03038500 -0.00970600
v 0.00252900 -0.03038500 -0.00970600
v 0.00252900 -0.03038500 -0.00970600
v 0.00252900 -0.03038500 -0.00970600
v 0.00252900 -0.03038500 -0.00970600
v 0.00252900 -0.03038500 -0.00970600
v 0.00252900 -0.03038500 -0.00970600
v 0.00120400 -0.03512300 -0.00914300
v 0.00120400 -0.03512300 -0.00914300
v 0.00120400 -0.03512300 -0.00914300
v 0.00120400 -0.03512300 -0.00914300
v 0.00120400 -0.03512300 -0.00914300
v 0.00120400 -0.03512300 -0.00914300
v 0.00113500 -0.03464900 -0.00929700
v 0.00113500 -0.03464900 -0.00929700
v 0.00113500 -0.03464900 -0.00929700
v 0.00113500 -0.03464900 -0.00929700
v 0.00113500 -0.03464900 -0.00929700
v 0.00166400 -0.03357700 -0.00940000
v 0.00166400 -0.03357700 -0.00940000
v 0.00166400 -0.03357700 -0.00940000
v 0.00166400 -0.03357700 -0.00940000
v 0.00166400 -0.03357700 -0.00940000
v 0.00166400 -0.03357700 -0.00940000
v 0.00400300 0.00765200 -0.00802400
v 0.00400300 0.00765200 -0.00802400
v 0.00400300 0.00765200 -0.00802400
v 0.00400300 0.00765200 -0.00802400
v 0.00400300 0.00765200 -0.00802400
v 0.00400300 0.00765200 -0.00802400
v 0.00400300 0.00765200 -0.00802400
v 0.00400300 0.00765200 -0.00802400
v 0.00352200 0.00755500 -0.00803700
v 0.00352200 0.00755500 -0.00803700
v 0.00352200 0.00755500 -0.00803700
v 0.00352200 0.00755500 -0.00803700
v 0.00351500 0.00758100 -0.00802400
v 0.00351500 0.00758100 -0.00802400
v 0.00351500 0.00758100 -0.00802400
v 0.00351500 0.00758100 -0.00802400
v 0.00351500 0.00758100 -0.00802400
v 0.00350600 0.00762100 -0.00799300
v 0.00350600 0.00762100 -0.00799300
v 0.00350600 0.00762100 -0.00799300
v 0.00350600 0.00762100 -0.00799300
v 0.00350600 0.00762100 -0.00799300
v 0.00349800 0.00765200 -0.00795300
v 0.00349800 0.00765200 -0.00795300
v 0.00349800 0.00765200 -0.00795300
v 0.00349800 0.00765200 -0.00795300
v 0.00349800 0.00765200 -0.00795300
v 0.00283900 0.00750100 -0.00785500
v 0.00283900 0.00750100 -0.00785500
v 0.00283900 0.00750100 -0.00785500
v 0.00283900 0.00750100 -0.00785500
v 0.00283900 0.00750100 -0.00785500
v 0.00237300 0.00737700 -0.00654900
v 0.00237300 0.00737700 -0.00654900
v 0.00237300 0.00737700 -0.00654900
v 0.00237300 0.00737700 -0.00654900
v 0.00349500 0.00767000 -0.00792200
v 0.00349500 0.00767000 -0.00792200
v 0.00349500 0.00767000 -0.00792200
v 0.00349500 0.00767000 -0.00792200
v 0.00349500 0.00767000 -0.00792200
v 0.00237300 0.00737700 -0.00345100
v 0.00237300 0.00737700 -0.00345100
v 0.00237300 0.00737700 -0.00345100
v 0.00237300 0.00737700 -0.00345100
v 0.00283900 0.00750100 -0.00214500
v 0.00283900 0.00750100 -0.00214500
v 0.00283900 0.00750100 -0.00214500
v 0.00283900 0.00750100 -0.00214500
v 0.00283900 0.00750100 -0.00214500
v 0.00349200 0.00768300 -0.00214500
v 0.00349200 0.00768300 -0.00214500
v 0.00349200 0.00768300 -0.00214500
v 0.00349200 0.00768300 -0.00214500
v 0.00349200 0.00768300 -0.00214500
v 0.00349200 0.00768300 -0.00214500
v 0.00349800 0.00765200 -0.00204700
v 0.00349800 0.00765200 -0.00204700
v 0.00349800 0.00765200 -0.00204700
v 0.00349800 0.00765200 -0.00204700
v 0.00349800 0.00765200 -0.00204700
v 0.00350600 0.00762100 -0.00200700
v 0.00350600 0.00762100 -0.00200700
v 0.00350600 0.00762100 -0.00200700
v 0.00350600 0.00762100 -0.00200700
v 0.00350600 0.00762100 -0.00200700
v 0.00351500 0.00758100 -0.00197600
v 0.00351500 0.00758100 -0.00197600
v 0.00351500 0.00758100 -0.00197600
v 0.00351500 0.00758100 -0.00197600
v 0.00351500 0.00758100 -0.00197600
v 0.00400300 0.00765200 -0.00197600
v 0.00400300 0.00765200 -0.00197600
v 0.00400300 0.00765200 -0.00197600
v 0.00400300 0.00765200 -0.00197600
v 0.00400300 0.00765200 -0.00197600
v 0.00400300 0.00765200 -0.00197600
v 0.00400300 0.00765200 -0.00197600
v 0.00385100 -0.02145700 0.00031800
v 0.00385100 -0.02145700 0.00031800
v 0.00385100 -0.02145700 0.00031800
v 0.00385100 -0.02145700 0.00031800
v 0.00385100 -0.02145700 0.00031800
v 0.00425800 -0.02220500 0.00017500
v 0.00425800 -0.02220500 0.00017500
v 0.00425800 -0.02220500 0.00017500
v 0.00425800 -0.02220500 0.00017500
v 0.00470900 -0.02151400 0.00012800
v 0.00470900 -0.02151400 0.00012800
v 0.00470900 -0.02151400 0.00012800
v 0.00470900 -0.02151400 0.00012800
v 0.00470900 -0.02151400 0.00012800
v 0.00470900 -0.02151400 0.00012800
v 0.00470900 -0.02151400 0.00012800
v 0.00470900 -0.02151400 0.00012800
v 0.00470900 -0.02151400 0.00012800
v 0.00470900 -0.02151400 0.00012800
v 0.00604000 -0.00045200 0.00117700
v 0.00604000 -0.00045200 0.00117700
v 0.00604000 -0.00045200 0.00117700
v 0.00604000 -0.00045200 0.00117700
v 0.00604000 -0.00045200 0.00117700
v 0.00604000 -0.00045200 0.00117700
v 0.00604000 -0.00045200 0.00117700
v 0.00642500 -0.00045700 0.00110700
v 0.00642500 -0.00045700 0.00110700
v 0.00642500 -0.00045700 0.00110700
v 0.00642500 -0.00045700 0.00110700
v 0.00642500 -0.00045700 0.00110700
v 0.00642500 -0.00045700 0.00110700
v 0.00677100 -0.00058100 0.00102900
v 0.00677100 -0.00058100 0.00102900
v 0.00677100 -0.00058100 0.00102900
v 0.00677100 -0.00058100 0.00102900
v 0.00677100 -0.00058100 0.00102900
v 0.00677100 -0.00058100 0.00102900
v 0.00677100 -0.00058100 0.00102900
v 0.00449600 0.00763400 -0.00197600
v 0.00449600 0.00763400 -0.00197600
v 0.00449600 0.00763400 -0.00197600
v 0.00449600 0.00763400 -0.00197600
v 0.00449600 0.00763400 -0.00197600
v 0.00449600 0.00763400 -0.00197600
v 0.00281500 -0.02832500 -0.00008800
v 0.00281500 -0.02832500 -0.00008800
v 0.00281500 -0.02832500 -0.00008800
v 0.00281500 -0.02832500 -0.00008800
v 0.00548000 -0.02155000 -0.00012700
v 0.00548000 -0.02155000 -0.00012700
v 0.00548000 -0.02155000 -0.00012700
v 0.00548000 -0.02155000 -0.00012700
v 0.00548000 -0.02155000 -0.00012700
v 0.00548000 -0.02155000 -0.00012700
v 0.00548000 -0.02155000 -0.00012700
v 0.00253800 -0.03038500 -0.00029700
v 0.00253800 -0.03038500 -0.00029700
v 0.00253800 -0.03038500 -0.00029700
v 0.00253800 -0.03038500 -0.00029700
v 0.00253800 -0.03038500 -0.00029700
v 0.00253800 -0.03038500 -0.00029700
v 0.00253800 -0.03038500 -0.00029700
v 0.00253800 -0.03038500 -0.00029700
v 0.00253800 -0.03038500 -0.00029700
v 0.00167600 -0.03258100 -0.00038200
v 0.00167600 -0.03258100 -0.00038200
v 0.00167600 -0.03258100 -0.00038200
v 0.00167600 -0.03258100 -0.00038200
v 0.00167600 -0.03258100 -0.00038200
v 0.00167600 -0.03258100 -0.00038200
v 0.00166700 -0.03357700 -0.00060100
v 0.00166700 -0.03357700 -0.00060100
v 0.00166700 -0.03357700 -0.00060100
v 0.00166700 -0.03357700 -0.00060100
v 0.00166700 -0.03357700 -0.00060100
v 0.00166700 -0.03357700 -0.00060100
v 0.00169400 -0.03451600 -0.00084200
v 0.00169400 -0.03451600 -0.00084200
v 0.00169400 -0.03451600 -0.00084200
v 0.00169400 -0.03451600 -0.00084200
v 0.00169400 -0.03451600 -0.00084200
v 0.00172200 -0.03497700 -0.00098400
v 0.00172200 -0.03497700 -0.00098400
v 0.00172200 -0.03497700 -0.00098400
v 0.00172200 -0.03497700 -0.00098400
v 0.00172200 -0.03497700 -0.00098400
v 0.00172200 -0.03497700 -0.00098400
v 0.00219600 -0.03529100 -0.00134900
v 0.00219600 -0.03529100 -0.00134900
v 0.00219600 -0.03529100 -0.00134900
v 0.00219600 -0.03529100 -0.00134900
v 0.00219600 -0.03529100 -0.00134900
v 0.00219600 -0.03529100 -0.00134900
v 0.00218500 -0.03573900 -0.00161400
v 0.00218500 -0.03573900 -0.00161400
v 0.00218500 -0.03573900 -0.00161400
v 0.00218500 -0.03573900 -0.00161400
v 0.00218500 -0.03573900 -0.00161400
v 0.00218500 -0.03573900 -0.00161400
v 0.00218500 -0.03573900 -0.00161400
v 0.00217300 -0.03613700 -0.00194000
v 0.00217300 -0.03613700 -0.00194000
v 0.00217300 -0.03613700 -0.00194000
v 0.00217300 -0.03613700 -0.00194000
v 0.00217300 -0.03613700 -0.00194000
v 0.00217300 -0.03613700 -0.00194000
v 0.00217300 -0.03613700 -0.00194000
v 0.00148700 -0.03666000 -0.00207400
v 0.00148700 -0.03666000 -0.00207400
v 0.00148700 -0.03666000 -0.00207400
v 0.00148700 -0.03666000 -0.00207400
v 0.00148700 -0.03666000 -0.00207400
v 0.00148700 -0.03666000 -0.00207400
v 0.00148700 -0.03666000 -0.00207400
v 0.00057200 -0.03690800 -0.00216400
v 0.00057200 -0.03690800 -0.00216400
v 0.00057200 -0.03690800 -0.00216400
v 0.00057200 -0.03690800 -0.00216400
v 0.00057200 -0.03690800 -0.00216400
v 0.00057200 -0.03690800 -0.00216400
v -0.00059600 -0.03669500 -0.00178500
v -0.00059600 -0.03669500 -0.00178500
v -0.00059600 -0.03669500 -0.00178500
v -0.00059600 -0.03669500 -0.00178500
v -0.00059600 -0.03669500 -0.00178500
v -0.00003400 -0.03695200 -0.00218500
v -0.00003400 -0.03695200 -0.00218500
v -0.00003400 -0.03695200 -0.00218500
v -0.00003400 -0.03695200 -0.00218500
v -0.00003400 -0.03695200 -0.00218500
v -0.00003400 -0.03695200 -0.00218500
v -0.00054800 -0.03690800 -0.00215800
v -0.00054800 -0.03690800 -0.00215800
v -0.00054800 -0.03690800 -0.00215800
v -0.00054800 -0.03690800 -0.00215800
v -0.00054800 -0.03690800 -0.00215800
v -0.00054800 -0.03690800 -0.00215800
v -0.00050100 -0.03711100 -0.00261300
v -0.00050100 -0.03711100 -0.00261300
v -0.00050100 -0.03711100 -0.00261300
v -0.00050100 -0.03711100 -0.00261300
v -0.00050100 -0.03711100 -0.00261300
v -0.00046400 -0.03728000 -0.00316200
v -0.00046400 -0.03728000 -0.00316200
v -0.00046400 -0.03728000 -0.00316200
v -0.00046400 -0.03728000 -0.00316200
v -0.00046400 -0.03728000 -0.00316200
v -0.00046400 -0.03728000 -0.00316200
v -0.00045900 -0.03729700 -0.00325100
v -0.00045900 -0.03729700 -0.00325100
v -0.00045900 -0.03729700 -0.00325100
v -0.00045900 -0.03729700 -0.00325100
v -0.00044100 -0.03737300 -0.00365600
v -0.00044100 -0.03737300 -0.00365600
v -0.00044100 -0.03737300 -0.00365600
v -0.00044100 -0.03737300 -0.00365600
v -0.00044100 -0.03737300 -0.00365600
v -0.00044100 -0.03737300 -0.00365600
v -0.00070700 -0.03739000 -0.00408400
v -0.00070700 -0.03739000 -0.00408400
v -0.00070700 -0.03739000 -0.00408400
v -0.00070700 -0.03739000 -0.00408400
v -0.00070700 -0.03739000 -0.00408400
v -0.00070700 -0.03739000 -0.00408400
v -0.00070700 -0.03739000 -0.00408400
v -0.00102600 -0.03731100 -0.00402900
v -0.00102600 -0.03731100 -0.00402900
v -0.00102600 -0.03731100 -0.00402900
v -0.00102600 -0.03731100 -0.00402900
v -0.00102600 -0.03731100 -0.00402900
v -0.00102600 -0.03731100 -0.00402900
v -0.00071600 -0.03739500 -0.00417700
v -0.00071600 -0.03739500 -0.00417700
v -0.00071600 -0.03739500 -0.00417700
v -0.00071600 -0.03739500 -0.00417700
v -0.00071600 -0.03739500 -0.00417700
v -0.00042000 -0.03747000 -0.00499000
v -0.00042000 -0.03747000 -0.00499000
v -0.00042000 -0.03747000 -0.00499000
v -0.00042000 -0.03747000 -0.00499000
v -0.00042000 -0.03747000 -0.00499000
v -0.00042000 -0.03747000 -0.00499000
v -0.00042000 -0.03747000 -0.00499000
v -0.00042000 -0.03747000 -0.00499000
v -0.00089300 -0.03735500 -0.00416300
v -0.00089300 -0.03735500 -0.00416300
v -0.00089300 -0.03735500 -0.00416300
v -0.00089300 -0.03735500 -0.00416300
v -0.00042000 -0.03747000 -0.00501000
v -0.00042000 -0.03747000 -0.00501000
v -0.00042000 -0.03747000 -0.00501000
v -0.00042000 -0.03747000 -0.00501000
v -0.00042000 -0.03747000 -0.00501000
v -0.00042000 -0.03747000 -0.00501000
v -0.00042000 -0.03747000 -0.00501000
v -0.00071800 -0.03739500 -0.00582300
v -0.00071800 -0.03739500 -0.00582300
v -0.00071800 -0.03739500 -0.00582300
v -0.00071800 -0.03739500 -0.00582300
v -0.00071800 -0.03739500 -0.00582300
v -0.00089300 -0.03735500 -0.00583700
v -0.00089300 -0.03735500 -0.00583700
v -0.00089300 -0.03735500 -0.00583700
v -0.00089300 -0.03735500 -0.00583700
v -0.00070900 -0.03739000 -0.00591600
v -0.00070900 -0.03739000 -0.00591600
v -0.00070900 -0.03739000 -0.00591600
v -0.00070900 -0.03739000 -0.00591600
v -0.00070900 -0.03739000 -0.00591600
v -0.00070900 -0.03739000 -0.00591600
v -0.00070900 -0.03739000 -0.00591600
v -0.00070900 -0.03739000 -0.00591600
v -0.00094700 -0.03720400 -0.00675400
v -0.00094700 -0.03720400 -0.00675400
v -0.00094700 -0.03720400 -0.00675400
v -0.00094700 -0.03720400 -0.00675400
v -0.00094700 -0.03720400 -0.00675400
v -0.00094700 -0.03720400 -0.00675400
v -0.00094700 -0.03720400 -0.00675400
v -0.00094700 -0.03720400 -0.00675400
v -0.00105300 -0.03701800 -0.00734800
v -0.00105300 -0.03701800 -0.00734800
v -0.00105300 -0.03701800 -0.00734800
v -0.00105300 -0.03701800 -0.00734800
v -0.00105300 -0.03701800 -0.00734800
v -0.00105300 -0.03701800 -0.00734800
v -0.00122700 -0.03667700 -0.00812400
v -0.00122700 -0.03667700 -0.00812400
v -0.00122700 -0.03667700 -0.00812400
v -0.00122700 -0.03667700 -0.00812400
v -0.00122700 -0.03667700 -0.00812400
v -0.00122700 -0.03667700 -0.00812400
v -0.00122700 -0.03667700 -0.00812400
v -0.00093100 -0.03669100 -0.00818400
v -0.00093100 -0.03669100 -0.00818400
v -0.00093100 -0.03669100 -0.00818400
v -0.00093100 -0.03669100 -0.00818400
v -0.00093100 -0.03669100 -0.00818400
v -0.00093100 -0.03669100 -0.00818400
v -0.00061200 -0.03662400 -0.00832500
v -0.00061200 -0.03662400 -0.00832500
v -0.00061200 -0.03662400 -0.00832500
v -0.00061200 -0.03662400 -0.00832500
v -0.00061200 -0.03662400 -0.00832500
v 0.00033400 -0.03583600 -0.00900900
v 0.00033400 -0.03583600 -0.00900900
v 0.00033400 -0.03583600 -0.00900900
v 0.00033400 -0.03583600 -0.00900900
v 0.00033400 -0.03583600 -0.00900900
v 0.00033400 -0.03583600 -0.00900900
v 0.00042700 -0.03626600 -0.00866700
v 0.00042700 -0.03626600 -0.00866700
v 0.00042700 -0.03626600 -0.00866700
v 0.00042700 -0.03626600 -0.00866700
v 0.00042700 -0.03626600 -0.00866700
v 0.00042700 -0.03626600 -0.00866700
v -0.00009000 -0.03668600 -0.00823800
v -0.00009000 -0.03668600 -0.00823800
v -0.00009000 -0.03668600 -0.00823800
v -0.00009000 -0.03668600 -0.00823800
v -0.00009000 -0.03668600 -0.00823800
v -0.00009000 -0.03668600 -0.00823800
v 0.00050800 -0.03662900 -0.00825700
v 0.00050800 -0.03662900 -0.00825700
v 0.00050800 -0.03662900 -0.00825700
v 0.00050800 -0.03662900 -0.00825700
v 0.00050800 -0.03662900 -0.00825700
v 0.00050800 -0.03662900 -0.00825700
v 0.00128100 -0.03557500 -0.00893100
v 0.00128100 -0.03557500 -0.00893100
v 0.00128100 -0.03557500 -0.00893100
v 0.00128100 -0.03557500 -0.00893100
v 0.00128100 -0.03557500 -0.00893100
v 0.00128100 -0.03557500 -0.00893100
v 0.00615500 -0.02111100 -0.00964300
v 0.00615500 -0.02111100 -0.00964300
v 0.00615500 -0.02111100 -0.00964300
v 0.00615500 -0.02111100 -0.00964300
v 0.00615500 -0.02111100 -0.00964300
v 0.00615500 -0.02111100 -0.00964300
v 0.00615500 -0.02111100 -0.00964300
v 0.00591400 -0.02091200 -0.00978500
v 0.00591400 -0.02091200 -0.00978500
v 0.00591400 -0.02091200 -0.00978500
v 0.00591400 -0.02091200 -0.00978500
v 0.00591400 -0.02091200 -0.00978500
v 0.00566300 -0.02070400 -0.00990400
v 0.00566300 -0.02070400 -0.00990400
v 0.00566300 -0.02070400 -0.00990400
v 0.00566300 -0.02070400 -0.00990400
v 0.00566300 -0.02070400 -0.00990400
v 0.00566300 -0.02070400 -0.00990400
v 0.00566300 -0.02070400 -0.00990400
v 0.00535500 -0.02044700 -0.01002000
v 0.00535500 -0.02044700 -0.01002000
v 0.00535500 -0.02044700 -0.01002000
v 0.00535500 -0.02044700 -0.01002000
v 0.00715200 -0.00075800 -0.01091300
v 0.00715200 -0.00075800 -0.01091300
v 0.00715200 -0.00075800 -0.01091300
v 0.00715200 -0.00075800 -0.01091300
v 0.00715200 -0.00075800 -0.01091300
v 0.00715200 -0.00075800 -0.01091300
v 0.00716900 -0.00072700 -0.01090600
v 0.00716900 -0.00072700 -0.01090600
v 0.00716900 -0.00072700 -0.01090600
v 0.00716900 -0.00072700 -0.01090600
v 0.00716900 -0.00072700 -0.01090600
v 0.00716900 -0.00072700 -0.01090600
v 0.00716900 -0.00072700 -0.01090600
v 0.00716900 -0.00072700 -0.01090600
v 0.00716900 -0.00072700 -0.01090600
v 0.00678100 -0.00054500 -0.01102200
v 0.00678100 -0.00054500 -0.01102200
v 0.00678100 -0.00054500 -0.01102200
v 0.00678100 -0.00054500 -0.01102200
v 0.00678100 -0.00054500 -0.01102200
v 0.00585300 0.00709000 -0.00802400
v 0.00585300 0.00709000 -0.00802400
v 0.00585300 0.00709000 -0.00802400
v 0.00585300 0.00709000 -0.00802400
v 0.00585300 0.00709000 -0.00802400
v 0.00585300 0.00709000 -0.00802400
v 0.00543500 0.00734600 -0.00802400
v 0.00543500 0.00734600 -0.00802400
v 0.00543500 0.00734600 -0.00802400
v 0.00543500 0.00734600 -0.00802400
v 0.00543500 0.00734600 -0.00802400
v 0.00543500 0.00734600 -0.00802400
v 0.00497700 0.00753200 -0.00802400
v 0.00497700 0.00753200 -0.00802400
v 0.00497700 0.00753200 -0.00802400
v 0.00497700 0.00753200 -0.00802400
v 0.00449600 0.00763400 -0.00802400
v 0.00449600 0.00763400 -0.00802400
v 0.00449600 0.00763400 -0.00802400
v 0.00449600 0.00763400 -0.00802400
v 0.00449600 0.00763400 -0.00802400
v 0.00449600 0.00763400 -0.00802400
v 0.00231300 -0.03242600 -0.00938900
v 0.00231300 -0.03242600 -0.00938900
v 0.00231300 -0.03242600 -0.00938900
v 0.00231300 -0.03242600 -0.00938900
v 0.00231300 -0.03242600 -0.00938900
v 0.00231300 -0.03242600 -0.00938900
v 0.00231300 -0.03242600 -0.00938900
v 0.00319000 -0.03022500 -0.00938300
v 0.00319000 -0.03022500 -0.00938300
v 0.00319000 -0.03022500 -0.00938300
v 0.00319000 -0.03022500 -0.00938300
v 0.00319000 -0.03022500 -0.00938300
v 0.00170100 -0.03498600 -0.00902200
v 0.00170100 -0.03498600 -0.00902200
v 0.00170100 -0.03498600 -0.00902200
v 0.00170100 -0.03498600 -0.00902200
v 0.00170100 -0.03498600 -0.00902200
v 0.00170100 -0.03498600 -0.00902200
v 0.00167100 -0.03452100 -0.00916500
v 0.00167100 -0.03452100 -0.00916500
v 0.00167100 -0.03452100 -0.00916500
v 0.00167100 -0.03452100 -0.00916500
v 0.00167100 -0.03452100 -0.00916500
v 0.00169400 -0.03451600 -0.00915800
v 0.00169400 -0.03451600 -0.00915800
v 0.00169400 -0.03451600 -0.00915800
v 0.00169400 -0.03451600 -0.00915800
v 0.00169400 -0.03451600 -0.00915800
v 0.00169400 -0.03451600 -0.00915800
v 0.00450300 0.00770500 -0.00795300
v 0.00450300 0.00770500 -0.00795300
v 0.00450300 0.00770500 -0.00795300
v 0.00450300 0.00770500 -0.00795300
v 0.00450300 0.00770500 -0.00795300
v 0.00399900 0.00772300 -0.00795300
v 0.00399900 0.00772300 -0.00795300
v 0.00399900 0.00772300 -0.00795300
v 0.00399900 0.00772300 -0.00795300
v 0.00399900 0.00772300 -0.00795300
v 0.00399900 0.00772300 -0.00795300
v 0.00399900 0.00772300 -0.00795300
v 0.00349200 0.00768300 -0.00785500
v 0.00349200 0.00768300 -0.00785500
v 0.00349200 0.00768300 -0.00785500
v 0.00349200 0.00768300 -0.00785500
v 0.00349200 0.00768300 -0.00785500
v 0.00348500 0.00771400 -0.00654900
v 0.00348500 0.00771400 -0.00654900
v 0.00348500 0.00771400 -0.00654900
v 0.00348500 0.00771400 -0.00654900
v 0.00348500 0.00771400 -0.00654900
v 0.00399700 0.00775400 -0.00785500
v 0.00399700 0.00775400 -0.00785500
v 0.00399700 0.00775400 -0.00785500
v 0.00399700 0.00775400 -0.00785500
v 0.00399700 0.00775400 -0.00785500
v 0.00399700 0.00775400 -0.00785500
v 0.00399700 0.00775400 -0.00785500
v 0.00348500 0.00771400 -0.00345100
v 0.00348500 0.00771400 -0.00345100
v 0.00348500 0.00771400 -0.00345100
v 0.00348500 0.00771400 -0.00345100
v 0.00348500 0.00771400 -0.00345100
v 0.00399700 0.00775400 -0.00214500
v 0.00399700 0.00775400 -0.00214500
v 0.00399700 0.00775400 -0.00214500
v 0.00399700 0.00775400 -0.00214500
v 0.00399700 0.00775400 -0.00214500
v 0.00399700 0.00775400 -0.00214500
v 0.00399900 0.00772300 -0.00204700
v 0.00399900 0.00772300 -0.00204700
v 0.00399900 0.00772300 -0.00204700
v 0.00399900 0.00772300 -0.00204700
v 0.00399900 0.00772300 -0.00204700
v 0.00399900 0.00772300 -0.00204700
v 0.00399900 0.00772300 -0.00204700
v 0.00450300 0.00770500 -0.00204700
v 0.00450300 0.00770500 -0.00204700
v 0.00450300 0.00770500 -0.00204700
v 0.00450300 0.00770500 -0.00204700
v 0.00450300 0.00770500 -0.00204700
v 0.00526200 -0.02048700 0.00004500
v 0.00526200 -0.02048700 0.00004500
v 0.00526200 -0.02048700 0.00004500
v 0.00554600 -0.02060600 -0.00004800
v 0.00554600 -0.02060600 -0.00004800
v 0.00554600 -0.02060600 -0.00004800
v 0.00554600 -0.02060600 -0.00004800
v 0.00563900 -0.02068200 -0.00008500
v 0.00563900 -0.02068200 -0.00008500
v 0.00563900 -0.02068200 -0.00008500
v 0.00563900 -0.02068200 -0.00008500
v 0.00563900 -0.02068200 -0.00008500
v 0.00563900 -0.02068200 -0.00008500
v 0.00715200 -0.00075800 0.00091300
v 0.00715200 -0.00075800 0.00091300
v 0.00715200 -0.00075800 0.00091300
v 0.00715200 -0.00075800 0.00091300
v 0.00715200 -0.00075800 0.00091300
v 0.00715200 -0.00075800 0.00091300
v 0.00715200 -0.00075800 0.00091300
v 0.00497700 0.00753200 -0.00197600
v 0.00497700 0.00753200 -0.00197600
v 0.00497700 0.00753200 -0.00197600
v 0.00497700 0.00753200 -0.00197600
v 0.00543500 0.00734600 -0.00197600
v 0.00543500 0.00734600 -0.00197600
v 0.00543500 0.00734600 -0.00197600
v 0.00543500 0.00734600 -0.00197600
v 0.00543500 0.00734600 -0.00197600
v 0.00543500 0.00734600 -0.00197600
v 0.00585300 0.00709000 -0.00197600
v 0.00585300 0.00709000 -0.00197600
v 0.00585300 0.00709000 -0.00197600
v 0.00585300 0.00709000 -0.00197600
v 0.00585300 0.00709000 -0.00197600
v 0.00585300 0.00709000 -0.00197600
v 0.00678100 -0.00054500 0.00102200
v 0.00678100 -0.00054500 0.00102200
v 0.00678100 -0.00054500 0.00102200
v 0.00678100 -0.00054500 0.00102200
v 0.00678100 -0.00054500 0.00102200
v 0.00716900 -0.00072700 0.00090600
v 0.00716900 -0.00072700 0.00090600
v 0.00716900 -0.00072700 0.00090600
v 0.00716900 -0.00072700 0.00090600
v 0.00716900 -0.00072700 0.00090600
v 0.00716900 -0.00072700 0.00090600
v 0.00716900 -0.00072700 0.00090600
v 0.00716900 -0.00072700 0.00090600
v 0.00716900 -0.00072700 0.00090600
v 0.00499900 0.00760300 -0.00204700
v 0.00499900 0.00760300 -0.00204700
v 0.00499900 0.00760300 -0.00204700
v 0.00499900 0.00760300 -0.00204700
v 0.00499900 0.00760300 -0.00204700
v 0.00499900 0.00760300 -0.00204700
v 0.00499900 0.00760300 -0.00204700
v 0.00499900 0.00760300 -0.00204700
v 0.00572900 -0.02075700 -0.00012400
v 0.00572900 -0.02075700 -0.00012400
v 0.00572900 -0.02075700 -0.00012400
v 0.00572900 -0.02075700 -0.00012400
v 0.00572900 -0.02075700 -0.00012400
v 0.00572900 -0.02075700 -0.00012400
v 0.00596700 -0.02095600 -0.00024300
v 0.00596700 -0.02095600 -0.00024300
v 0.00596700 -0.02095600 -0.00024300
v 0.00596700 -0.02095600 -0.00024300
v 0.00596700 -0.02095600 -0.00024300
v 0.00320200 -0.03022500 -0.00062300
v 0.00320200 -0.03022500 -0.00062300
v 0.00320200 -0.03022500 -0.00062300
v 0.00320200 -0.03022500 -0.00062300
v 0.00320200 -0.03022500 -0.00062300
v 0.00232000 -0.03242600 -0.00061300
v 0.00232000 -0.03242600 -0.00061300
v 0.00232000 -0.03242600 -0.00061300
v 0.00232000 -0.03242600 -0.00061300
v 0.00232000 -0.03242600 -0.00061300
v 0.00232000 -0.03242600 -0.00061300
v 0.00232000 -0.03242600 -0.00061300
v 0.00607800 -0.02104900 -0.00030800
v 0.00607800 -0.02104900 -0.00030800
v 0.00607800 -0.02104900 -0.00030800
v 0.00607800 -0.02104900 -0.00030800
v 0.00618500 -0.02113800 -0.00037700
v 0.00618500 -0.02113800 -0.00037700
v 0.00618500 -0.02113800 -0.00037700
v 0.00618500 -0.02113800 -0.00037700
v 0.00618500 -0.02113800 -0.00037700
v 0.00618500 -0.02113800 -0.00037700
v 0.00618500 -0.02113800 -0.00037700
v 0.00169700 -0.03451600 -0.00084300
v 0.00169700 -0.03451600 -0.00084300
v 0.00169700 -0.03451600 -0.00084300
v 0.00169700 -0.03451600 -0.00084300
v 0.00169700 -0.03451600 -0.00084300
v 0.00169700 -0.03451600 -0.00084300
v 0.00220300 -0.03483100 -0.00116000
v 0.00220300 -0.03483100 -0.00116000
v 0.00220300 -0.03483100 -0.00116000
v 0.00220300 -0.03483100 -0.00116000
v 0.00220300 -0.03483100 -0.00116000
v 0.00263000 -0.03468900 -0.00137400
v 0.00263000 -0.03468900 -0.00137400
v 0.00263000 -0.03468900 -0.00137400
v 0.00263000 -0.03468900 -0.00137400
v 0.00263000 -0.03468900 -0.00137400
v 0.00263000 -0.03468900 -0.00137400
v 0.00263000 -0.03468900 -0.00137400
v 0.00259400 -0.03511400 -0.00153500
v 0.00259400 -0.03511400 -0.00153500
v 0.00259400 -0.03511400 -0.00153500
v 0.00259400 -0.03511400 -0.00153500
v 0.00259400 -0.03511400 -0.00153500
v 0.00259400 -0.03511400 -0.00153500
v 0.00259400 -0.03511400 -0.00153500
v 0.00252900 -0.03591600 -0.00206400
v 0.00252900 -0.03591600 -0.00206400
v 0.00252900 -0.03591600 -0.00206400
v 0.00252900 -0.03591600 -0.00206400
v 0.00252900 -0.03591600 -0.00206400
v 0.00252900 -0.03591600 -0.00206400
v 0.00252900 -0.03591600 -0.00206400
v 0.00251300 -0.03622600 -0.00238900
v 0.00251300 -0.03622600 -0.00238900
v 0.00251300 -0.03622600 -0.00238900
v 0.00251300 -0.03622600 -0.00238900
v 0.00251300 -0.03622600 -0.00238900
v 0.00251300 -0.03622600 -0.00238900
v 0.00216700 -0.03645600 -0.00229600
v 0.00216700 -0.03645600 -0.00229600
v 0.00216700 -0.03645600 -0.00229600
v 0.00216700 -0.03645600 -0.00229600
v 0.00216700 -0.03645600 -0.00229600
v 0.00217000 -0.03668200 -0.00264700
v 0.00217000 -0.03668200 -0.00264700
v 0.00217000 -0.03668200 -0.00264700
v 0.00217000 -0.03668200 -0.00264700
v 0.00217000 -0.03668200 -0.00264700
v 0.00217000 -0.03668200 -0.00264700
v 0.00217000 -0.03668200 -0.00264700
v 0.00154200 -0.03693900 -0.00257300
v 0.00154200 -0.03693900 -0.00257300
v 0.00154200 -0.03693900 -0.00257300
v 0.00154200 -0.03693900 -0.00257300
v 0.00154200 -0.03693900 -0.00257300
v 0.00062000 -0.03710700 -0.00257400
v 0.00062000 -0.03710700 -0.00257400
v 0.00062000 -0.03710700 -0.00257400
v 0.00062000 -0.03710700 -0.00257400
v 0.00062000 -0.03710700 -0.00257400
v 0.00062000 -0.03710700 -0.00257400
v 0.00062000 -0.03710700 -0.00257400
v 0.00062000 -0.03710700 -0.00257400
v 0.00062000 -0.03710700 -0.00257400
v 0.00000800 -0.03714200 -0.00258800
v 0.00000800 -0.03714200 -0.00258800
v 0.00000800 -0.03714200 -0.00258800
v 0.00000800 -0.03714200 -0.00258800
v 0.00000800 -0.03714200 -0.00258800
v 0.00000800 -0.03714200 -0.00258800
v 0.00000800 -0.03714200 -0.00258800
v 0.00005200 -0.03733700 -0.00326900
v 0.00005200 -0.03733700 -0.00326900
v 0.00005200 -0.03733700 -0.00326900
v 0.00005200 -0.03733700 -0.00326900
v 0.00005200 -0.03733700 -0.00326900
v 0.00005200 -0.03733700 -0.00326900
v 0.00005200 -0.03733700 -0.00326900
v 0.00005200 -0.03733700 -0.00326900
v 0.00007000 -0.03739900 -0.00368400
v 0.00007000 -0.03739900 -0.00368400
v 0.00007000 -0.03739900 -0.00368400
v 0.00007000 -0.03739900 -0.00368400
v 0.00007000 -0.03739900 -0.00368400
v 0.00007000 -0.03739900 -0.00368400
v 0.00007000 -0.03739900 -0.00368400
v 0.00007000 -0.03739900 -0.00368400
v -0.00042900 -0.03742600 -0.00407700
v -0.00042900 -0.03742600 -0.00407700
v -0.00042900 -0.03742600 -0.00407700
v -0.00042900 -0.03742600 -0.00407700
v -0.00042900 -0.03742600 -0.00407700
v -0.00042900 -0.03742600 -0.00407700
v -0.00041300 -0.03743500 -0.00416800
v -0.00041300 -0.03743500 -0.00416800
v -0.00041300 -0.03743500 -0.00416800
v -0.00041300 -0.03743500 -0.00416800
v -0.00041300 -0.03743500 -0.00416800
v -0.00041300 -0.03743500 -0.00416800
v -0.00025200 -0.03743900 -0.00413300
v -0.00025200 -0.03743900 -0.00413300
v -0.00025200 -0.03743900 -0.00413300
v -0.00025200 -0.03743900 -0.00413300
v -0.00025200 -0.03743900 -0.00413300
v -0.00025200 -0.03743900 -0.00413300
v 0.00009700 -0.03743000 -0.00399400
v 0.00009700 -0.03743000 -0.00399400
v 0.00009700 -0.03743000 -0.00399400
v 0.00009700 -0.03743000 -0.00399400
v 0.00029400 -0.03742600 -0.00407400
v 0.00029400 -0.03742600 -0.00407400
v 0.00029400 -0.03742600 -0.00407400
v 0.00029400 -0.03742600 -0.00407400
v 0.00029400 -0.03742600 -0.00407400
v 0.00029400 -0.03742600 -0.00407400
v 0.00059700 -0.03743500 -0.00499000
v 0.00059700 -0.03743500 -0.00499000
v 0.00059700 -0.03743500 -0.00499000
v 0.00059700 -0.03743500 -0.00499000
v 0.00059700 -0.03743500 -0.00499000
v 0.00059700 -0.03743500 -0.00499000
v 0.00059700 -0.03743500 -0.00499000
v 0.00059700 -0.03743500 -0.00501000
v 0.00059700 -0.03743500 -0.00501000
v 0.00059700 -0.03743500 -0.00501000
v 0.00059700 -0.03743500 -0.00501000
v 0.00059700 -0.03743500 -0.00501000
v 0.00059700 -0.03743500 -0.00501000
v 0.00059700 -0.03743500 -0.00501000
v 0.00059700 -0.03743500 -0.00501000
v 0.00015400 -0.03743500 -0.00591600
v 0.00015400 -0.03743500 -0.00591600
v 0.00015400 -0.03743500 -0.00591600
v 0.00015400 -0.03743500 -0.00591600
v 0.00015400 -0.03743500 -0.00591600
v -0.00011700 -0.03744400 -0.00589000
v -0.00011700 -0.03744400 -0.00589000
v -0.00011700 -0.03744400 -0.00589000
v -0.00011700 -0.03744400 -0.00589000
v -0.00011700 -0.03744400 -0.00589000
v -0.00011700 -0.03744400 -0.00589000
v -0.00011700 -0.03744400 -0.00589000
v -0.00011700 -0.03744400 -0.00589000
v -0.00041300 -0.03743500 -0.00583200
v -0.00041300 -0.03743500 -0.00583200
v -0.00041300 -0.03743500 -0.00583200
v -0.00041300 -0.03743500 -0.00583200
v -0.00041300 -0.03743500 -0.00583200
v -0.00042200 -0.03743000 -0.00587800
v -0.00042200 -0.03743000 -0.00587800
v -0.00042200 -0.03743000 -0.00587800
v -0.00042200 -0.03743000 -0.00587800
v -0.00042900 -0.03742600 -0.00592300
v -0.00042900 -0.03742600 -0.00592300
v -0.00042900 -0.03742600 -0.00592300
v -0.00042900 -0.03742600 -0.00592300
v -0.00044100 -0.03737300 -0.00634400
v -0.00044100 -0.03737300 -0.00634400
v -0.00044100 -0.03737300 -0.00634400
v -0.00044100 -0.03737300 -0.00634400
v -0.00044100 -0.03737300 -0.00634400
v -0.00044100 -0.03737300 -0.00634400
v -0.00045900 -0.03729700 -0.00674900
v -0.00045900 -0.03729700 -0.00674900
v -0.00045900 -0.03729700 -0.00674900
v -0.00045900 -0.03729700 -0.00674900
v -0.00046400 -0.03728000 -0.00683800
v -0.00046400 -0.03728000 -0.00683800
v -0.00046400 -0.03728000 -0.00683800
v -0.00046400 -0.03728000 -0.00683800
v -0.00046400 -0.03728000 -0.00683800
v -0.00046400 -0.03728000 -0.00683800
v -0.00050000 -0.03711600 -0.00737400
v -0.00050000 -0.03711600 -0.00737400
v -0.00050000 -0.03711600 -0.00737400
v -0.00050000 -0.03711600 -0.00737400
v -0.00050000 -0.03711600 -0.00737400
v -0.00054800 -0.03690800 -0.00784200
v -0.00054800 -0.03690800 -0.00784200
v -0.00054800 -0.03690800 -0.00784200
v -0.00054800 -0.03690800 -0.00784200
v -0.00054800 -0.03690800 -0.00784200
v -0.00054800 -0.03690800 -0.00784200
v -0.00059400 -0.03670400 -0.00820500
v -0.00059400 -0.03670400 -0.00820500
v -0.00059400 -0.03670400 -0.00820500
v -0.00059400 -0.03670400 -0.00820500
v -0.00059400 -0.03670400 -0.00820500
v 0.00136800 -0.03604900 -0.00860000
v 0.00136800 -0.03604900 -0.00860000
v 0.00136800 -0.03604900 -0.00860000
v 0.00136800 -0.03604900 -0.00860000
v 0.00136800 -0.03604900 -0.00860000
v 0.00136800 -0.03604900 -0.00860000
v 0.00136800 -0.03604900 -0.00860000
v 0.00142500 -0.03634500 -0.00831600
v 0.00142500 -0.03634500 -0.00831600
v 0.00142500 -0.03634500 -0.00831600
v 0.00142500 -0.03634500 -0.00831600
v 0.00142500 -0.03634500 -0.00831600
v -0.00003200 -0.03695600 -0.00780300
v -0.00003200 -0.03695600 -0.00780300
v -0.00003200 -0.03695600 -0.00780300
v -0.00003200 -0.03695600 -0.00780300
v -0.00003200 -0.03695600 -0.00780300
v -0.00003200 -0.03695600 -0.00780300
v 0.00057300 -0.03691700 -0.00782400
v 0.00057300 -0.03691700 -0.00782400
v 0.00057300 -0.03691700 -0.00782400
v 0.00057300 -0.03691700 -0.00782400
v 0.00057300 -0.03691700 -0.00782400
v 0.00057300 -0.03691700 -0.00782400
v 0.00148700 -0.03666000 -0.00792600
v 0.00148700 -0.03666000 -0.00792600
v 0.00148700 -0.03666000 -0.00792600
v 0.00148700 -0.03666000 -0.00792600
v 0.00148700 -0.03666000 -0.00792600
v 0.00148700 -0.03666000 -0.00792600
v 0.00148700 -0.03666000 -0.00792600
v 0.00218100 -0.03530000 -0.00865700
v 0.00218100 -0.03530000 -0.00865700
v 0.00218100 -0.03530000 -0.00865700
v 0.00218100 -0.03530000 -0.00865700
v 0.00218100 -0.03530000 -0.00865700
v 0.00218100 -0.03530000 -0.00865700
v 0.00218100 -0.03530000 -0.00865700
v 0.00632900 -0.02126200 -0.00951700
v 0.00632900 -0.02126200 -0.00951700
v 0.00632900 -0.02126200 -0.00951700
v 0.00632900 -0.02126200 -0.00951700
v 0.00632900 -0.02126200 -0.00951700
v 0.00686400 -0.02040300 -0.00936200
v 0.00686400 -0.02040300 -0.00936200
v 0.00686400 -0.02040300 -0.00936200
v 0.00686400 -0.02040300 -0.00936200
v 0.00686400 -0.02040300 -0.00936200
v 0.00686400 -0.02040300 -0.00936200
v 0.00686400 -0.02040300 -0.00936200
v 0.00686400 -0.02040300 -0.00936200
v 0.00631100 -0.02041200 -0.00967000
v 0.00631100 -0.02041200 -0.00967000
v 0.00631100 -0.02041200 -0.00967000
v 0.00631100 -0.02041200 -0.00967000
v 0.00631100 -0.02041200 -0.00967000
v 0.00631100 -0.02041200 -0.00967000
v 0.00631100 -0.02041200 -0.00967000
v 0.00610500 -0.01967200 -0.00981900
v 0.00610500 -0.01967200 -0.00981900
v 0.00610500 -0.01967200 -0.00981900
v 0.00610500 -0.01967200 -0.00981900
v 0.00564800 -0.02040700 -0.00993200
v 0.00564800 -0.02040700 -0.00993200
v 0.00564800 -0.02040700 -0.00993200
v 0.00564800 -0.02040700 -0.00993200
v 0.00768100 -0.00111200 -0.01069600
v 0.00768100 -0.00111200 -0.01069600
v 0.00768100 -0.00111200 -0.01069600
v 0.00768100 -0.00111200 -0.01069600
v 0.00768100 -0.00111200 -0.01069600
v 0.00768100 -0.00111200 -0.01069600
v 0.00768100 -0.00111200 -0.01069600
v 0.00768100 -0.00111200 -0.01069600
v 0.00768100 -0.00111200 -0.01069600
v 0.00768100 -0.00111200 -0.01069600
v 0.00717800 -0.00069600 -0.01088500
v 0.00717800 -0.00069600 -0.01088500
v 0.00717800 -0.00069600 -0.01088500
v 0.00652300 0.00636800 -0.00802400
v 0.00652300 0.00636800 -0.00802400
v 0.00652300 0.00636800 -0.00802400
v 0.00652300 0.00636800 -0.00802400
v 0.00652300 0.00636800 -0.00802400
v 0.00621900 0.00675700 -0.00802400
v 0.00621900 0.00675700 -0.00802400
v 0.00621900 0.00675700 -0.00802400
v 0.00621900 0.00675700 -0.00802400
v 0.00621900 0.00675700 -0.00802400
v 0.00621900 0.00675700 -0.00802400
v 0.00621900 0.00675700 -0.00802400
v 0.00769800 -0.00108600 -0.01068600
v 0.00769800 -0.00108600 -0.01068600
v 0.00769800 -0.00108600 -0.01068600
v 0.00769800 -0.00108600 -0.01068600
v 0.00771000 -0.00105900 -0.01066600
v 0.00771000 -0.00105900 -0.01066600
v 0.00771000 -0.00105900 -0.01066600
v 0.00771000 -0.00105900 -0.01066600
v 0.00771000 -0.00105900 -0.01066600
v 0.00771000 -0.00105900 -0.01066600
v 0.00771000 -0.00105900 -0.01066600
v 0.00771000 -0.00105900 -0.01066600
v 0.00589600 0.00714700 -0.00795300
v 0.00589600 0.00714700 -0.00795300
v 0.00589600 0.00714700 -0.00795300
v 0.00589600 0.00714700 -0.00795300
v 0.00589600 0.00714700 -0.00795300
v 0.00589600 0.00714700 -0.00795300
v 0.00589600 0.00714700 -0.00795300
v 0.00546800 0.00741300 -0.00795300
v 0.00546800 0.00741300 -0.00795300
v 0.00546800 0.00741300 -0.00795300
v 0.00546800 0.00741300 -0.00795300
v 0.00546800 0.00741300 -0.00795300
v 0.00499900 0.00760300 -0.00795300
v 0.00499900 0.00760300 -0.00795300
v 0.00499900 0.00760300 -0.00795300
v 0.00499900 0.00760300 -0.00795300
v 0.00499900 0.00760300 -0.00795300
v 0.00499900 0.00760300 -0.00795300
v 0.00499900 0.00760300 -0.00795300
v 0.00499900 0.00760300 -0.00795300
v 0.00232600 -0.03436600 -0.00890900
v 0.00232600 -0.03436600 -0.00890900
v 0.00232600 -0.03436600 -0.00890900
v 0.00232600 -0.03436600 -0.00890900
v 0.00232600 -0.03436600 -0.00890900
v 0.00232600 -0.03436600 -0.00890900
v 0.00288700 -0.03228900 -0.00910100
v 0.00288700 -0.03228900 -0.00910100
v 0.00288700 -0.03228900 -0.00910100
v 0.00288700 -0.03228900 -0.00910100
v 0.00288700 -0.03228900 -0.00910100
v 0.00288700 -0.03228900 -0.00910100
v 0.00288700 -0.03228900 -0.00910100
v 0.00218700 -0.03484000 -0.00884700
v 0.00218700 -0.03484000 -0.00884700
v 0.00218700 -0.03484000 -0.00884700
v 0.00218700 -0.03484000 -0.00884700
v 0.00218700 -0.03484000 -0.00884700
v 0.00450800 0.00773600 -0.00785500
v 0.00450800 0.00773600 -0.00785500
v 0.00450800 0.00773600 -0.00785500
v 0.00450800 0.00773600 -0.00785500
v 0.00450800 0.00773600 -0.00785500
v 0.00450800 0.00773600 -0.00785500
v 0.00451100 0.00777200 -0.00654900
v 0.00451100 0.00777200 -0.00654900
v 0.00451100 0.00777200 -0.00654900
v 0.00451100 0.00777200 -0.00654900
v 0.00451100 0.00777200 -0.00345100
v 0.00451100 0.00777200 -0.00345100
v 0.00451100 0.00777200 -0.00345100
v 0.00451100 0.00777200 -0.00345100
v 0.00450800 0.00773600 -0.00214500
v 0.00450800 0.00773600 -0.00214500
v 0.00450800 0.00773600 -0.00214500
v 0.00450800 0.00773600 -0.00214500
v 0.00450800 0.00773600 -0.00214500
v 0.00450800 0.00773600 -0.00214500
v 0.00768100 -0.00111200 0.00069600
v 0.00768100 -0.00111200 0.00069600
v 0.00768100 -0.00111200 0.00069600
v 0.00768100 -0.00111200 0.00069600
v 0.00768100 -0.00111200 0.00069600
v 0.00768100 -0.00111200 0.00069600
v 0.00768100 -0.00111200 0.00069600
v 0.00768100 -0.00111200 0.00069600
v 0.00768100 -0.00111200 0.00069600
v 0.00768100 -0.00111200 0.00069600
v 0.00546800 0.00741300 -0.00204700
v 0.00546800 0.00741300 -0.00204700
v 0.00546800 0.00741300 -0.00204700
v 0.00546800 0.00741300 -0.00204700
v 0.00546800 0.00741300 -0.00204700
v 0.00589600 0.00714700 -0.00204700
v 0.00589600 0.00714700 -0.00204700
v 0.00589600 0.00714700 -0.00204700
v 0.00589600 0.00714700 -0.00204700
v 0.00589600 0.00714700 -0.00204700
v 0.00589600 0.00714700 -0.00204700
v 0.00589600 0.00714700 -0.00204700
v 0.00621900 0.00675700 -0.00197600
v 0.00621900 0.00675700 -0.00197600
v 0.00621900 0.00675700 -0.00197600
v 0.00621900 0.00675700 -0.00197600
v 0.00621900 0.00675700 -0.00197600
v 0.00621900 0.00675700 -0.00197600
v 0.00621900 0.00675700 -0.00197600
v 0.00652300 0.00636800 -0.00197600
v 0.00652300 0.00636800 -0.00197600
v 0.00652300 0.00636800 -0.00197600
v 0.00652300 0.00636800 -0.00197600
v 0.00652300 0.00636800 -0.00197600
v 0.00717800 -0.00069600 0.00088500
v 0.00717800 -0.00069600 0.00088500
v 0.00717800 -0.00069600 0.00088500
v 0.00771000 -0.00105900 0.00066600
v 0.00771000 -0.00105900 0.00066600
v 0.00771000 -0.00105900 0.00066600
v 0.00771000 -0.00105900 0.00066600
v 0.00771000 -0.00105900 0.00066600
v 0.00771000 -0.00105900 0.00066600
v 0.00771000 -0.00105900 0.00066600
v 0.00771000 -0.00105900 0.00066600
v 0.00769800 -0.00108600 0.00068600
v 0.00769800 -0.00108600 0.00068600
v 0.00769800 -0.00108600 0.00068600
v 0.00769800 -0.00108600 0.00068600
v 0.00500700 0.00763000 -0.00214500
v 0.00500700 0.00763000 -0.00214500
v 0.00500700 0.00763000 -0.00214500
v 0.00500700 0.00763000 -0.00214500
v 0.00500700 0.00763000 -0.00214500
v 0.00500700 0.00763000 -0.00214500
v 0.00548000 0.00743900 -0.00214500
v 0.00548000 0.00743900 -0.00214500
v 0.00548000 0.00743900 -0.00214500
v 0.00548000 0.00743900 -0.00214500
v 0.00548000 0.00743900 -0.00214500
v 0.00548000 0.00743900 -0.00214500
v 0.00610500 -0.01967200 -0.00018100
v 0.00610500 -0.01967200 -0.00018100
v 0.00610500 -0.01967200 -0.00018100
v 0.00631100 -0.02041200 -0.00032900
v 0.00631100 -0.02041200 -0.00032900
v 0.00631100 -0.02041200 -0.00032900
v 0.00631100 -0.02041200 -0.00032900
v 0.00631100 -0.02041200 -0.00032900
v 0.00631100 -0.02041200 -0.00032900
v 0.00631100 -0.02041200 -0.00032900
v 0.00631100 -0.02041200 -0.00032900
v 0.00631100 -0.02041200 -0.00032900
v 0.00289600 -0.03228900 -0.00090400
v 0.00289600 -0.03228900 -0.00090400
v 0.00289600 -0.03228900 -0.00090400
v 0.00289600 -0.03228900 -0.00090400
v 0.00289600 -0.03228900 -0.00090400
v 0.00289600 -0.03228900 -0.00090400
v 0.00636300 -0.02129300 -0.00051200
v 0.00636300 -0.02129300 -0.00051200
v 0.00636300 -0.02129300 -0.00051200
v 0.00636300 -0.02129300 -0.00051200
v 0.00232600 -0.03436600 -0.00109100
v 0.00232600 -0.03436600 -0.00109100
v 0.00232600 -0.03436600 -0.00109100
v 0.00232600 -0.03436600 -0.00109100
v 0.00232600 -0.03436600 -0.00109100
v 0.00232600 -0.03436600 -0.00109100
v 0.00686400 -0.02040300 -0.00063800
v 0.00686400 -0.02040300 -0.00063800
v 0.00686400 -0.02040300 -0.00063800
v 0.00686400 -0.02040300 -0.00063800
v 0.00686400 -0.02040300 -0.00063800
v 0.00686400 -0.02040300 -0.00063800
v 0.00686400 -0.02040300 -0.00063800
v 0.00654500 -0.02111600 -0.00058200
v 0.00654500 -0.02111600 -0.00058200
v 0.00654500 -0.02111600 -0.00058200
v 0.00654500 -0.02111600 -0.00058200
v 0.00654500 -0.02111600 -0.00058200
v 0.00654500 -0.02111600 -0.00058200
v 0.00654500 -0.02111600 -0.00058200
v 0.00299000 -0.03454300 -0.00161700
v 0.00299000 -0.03454300 -0.00161700
v 0.00299000 -0.03454300 -0.00161700
v 0.00299000 -0.03454300 -0.00161700
v 0.00299000 -0.03454300 -0.00161700
v 0.00299000 -0.03454300 -0.00161700
v 0.00267200 -0.03428200 -0.00127800
v 0.00267200 -0.03428200 -0.00127800
v 0.00267200 -0.03428200 -0.00127800
v 0.00267200 -0.03428200 -0.00127800
v 0.00267200 -0.03428200 -0.00127800
v 0.00267200 -0.03428200 -0.00127800
v 0.00304200 -0.03419300 -0.00154200
v 0.00304200 -0.03419300 -0.00154200
v 0.00304200 -0.03419300 -0.00154200
v 0.00304200 -0.03419300 -0.00154200
v 0.00304200 -0.03419300 -0.00154200
v 0.00304200 -0.03419300 -0.00154200
v 0.00293900 -0.03491900 -0.00174800
v 0.00293900 -0.03491900 -0.00174800
v 0.00293900 -0.03491900 -0.00174800
v 0.00293900 -0.03491900 -0.00174800
v 0.00289400 -0.03529600 -0.00195000
v 0.00289400 -0.03529600 -0.00195000
v 0.00289400 -0.03529600 -0.00195000
v 0.00289400 -0.03529600 -0.00195000
v 0.00289400 -0.03529600 -0.00195000
v 0.00289400 -0.03529600 -0.00195000
v 0.00286300 -0.03564100 -0.00221000
v 0.00286300 -0.03564100 -0.00221000
v 0.00286300 -0.03564100 -0.00221000
v 0.00286300 -0.03564100 -0.00221000
v 0.00284800 -0.03592000 -0.00249900
v 0.00284800 -0.03592000 -0.00249900
v 0.00284800 -0.03592000 -0.00249900
v 0.00284800 -0.03592000 -0.00249900
v 0.00284800 -0.03592000 -0.00249900
v 0.00284800 -0.03592000 -0.00249900
v 0.00284800 -0.03592000 -0.00249900
v 0.00251300 -0.03643400 -0.00270800
v 0.00251300 -0.03643400 -0.00270800
v 0.00251300 -0.03643400 -0.00270800
v 0.00251300 -0.03643400 -0.00270800
v 0.00251300 -0.03643400 -0.00270800
v 0.00251300 -0.03643400 -0.00270800
v 0.00285100 -0.03610600 -0.00278100
v 0.00285100 -0.03610600 -0.00278100
v 0.00285100 -0.03610600 -0.00278100
v 0.00285100 -0.03610600 -0.00278100
v 0.00285100 -0.03610600 -0.00278100
v 0.00218500 -0.03680100 -0.00297100
v 0.00218500 -0.03680100 -0.00297100
v 0.00218500 -0.03680100 -0.00297100
v 0.00218500 -0.03680100 -0.00297100
v 0.00218500 -0.03680100 -0.00297100
v 0.00218500 -0.03680100 -0.00297100
v 0.00156300 -0.03704500 -0.00286200
v 0.00156300 -0.03704500 -0.00286200
v 0.00156300 -0.03704500 -0.00286200
v 0.00156300 -0.03704500 -0.00286200
v 0.00156300 -0.03704500 -0.00286200
v 0.00156300 -0.03704500 -0.00286200
v 0.00156300 -0.03704500 -0.00286200
v 0.00253100 -0.03654500 -0.00300100
v 0.00253100 -0.03654500 -0.00300100
v 0.00253100 -0.03654500 -0.00300100
v 0.00253100 -0.03654500 -0.00300100
v 0.00253100 -0.03654500 -0.00300100
v 0.00253100 -0.03654500 -0.00300100
v 0.00066800 -0.03729300 -0.00327000
v 0.00066800 -0.03729300 -0.00327000
v 0.00066800 -0.03729300 -0.00327000
v 0.00066800 -0.03729300 -0.00327000
v 0.00066800 -0.03729300 -0.00327000
v 0.00059100 -0.03729700 -0.00325500
v 0.00059100 -0.03729700 -0.00325500
v 0.00059100 -0.03729700 -0.00325500
v 0.00059100 -0.03729700 -0.00325500
v 0.00059100 -0.03729700 -0.00325500
v 0.00005500 -0.03733300 -0.00325400
v 0.00005500 -0.03733300 -0.00325400
v 0.00005500 -0.03733300 -0.00325400
v 0.00068400 -0.03735100 -0.00369000
v 0.00068400 -0.03735100 -0.00369000
v 0.00068400 -0.03735100 -0.00369000
v 0.00068400 -0.03735100 -0.00369000
v 0.00068400 -0.03735100 -0.00369000
v 0.00068400 -0.03735100 -0.00369000
v 0.00068400 -0.03735100 -0.00369000
v -0.00042000 -0.03743000 -0.00412200
v -0.00042000 -0.03743000 -0.00412200
v -0.00042000 -0.03743000 -0.00412200
v 0.00059300 -0.03739500 -0.00406200
v 0.00059300 -0.03739500 -0.00406200
v 0.00059300 -0.03739500 -0.00406200
v 0.00059300 -0.03739500 -0.00406200
v 0.00087500 -0.03735500 -0.00397700
v 0.00087500 -0.03735500 -0.00397700
v 0.00087500 -0.03735500 -0.00397700
v 0.00087500 -0.03735500 -0.00397700
v 0.00087500 -0.03735500 -0.00397700
v 0.00087500 -0.03735500 -0.00397700
v 0.00087500 -0.03735500 -0.00397700
v 0.00106400 -0.03732800 -0.00406600
v 0.00106400 -0.03732800 -0.00406600
v 0.00106400 -0.03732800 -0.00406600
v 0.00106400 -0.03732800 -0.00406600
v 0.00160800 -0.03725800 -0.00499000
v 0.00160800 -0.03725800 -0.00499000
v 0.00160800 -0.03725800 -0.00499000
v 0.00160800 -0.03725800 -0.00499000
v 0.00160800 -0.03725800 -0.00499000
v 0.00160800 -0.03725800 -0.00499000
v 0.00160800 -0.03725800 -0.00499000
v 0.00160800 -0.03725800 -0.00499000
v 0.00160800 -0.03725800 -0.00499000
v 0.00160800 -0.03725800 -0.00501000
v 0.00160800 -0.03725800 -0.00501000
v 0.00160800 -0.03725800 -0.00501000
v 0.00160800 -0.03725800 -0.00501000
v 0.00160800 -0.03725800 -0.00501000
v 0.00160800 -0.03725800 -0.00501000
v 0.00160800 -0.03725800 -0.00501000
v 0.00160800 -0.03725800 -0.00501000
v 0.00160800 -0.03725800 -0.00501000
v 0.00116000 -0.03731500 -0.00593100
v 0.00116000 -0.03731500 -0.00593100
v 0.00116000 -0.03731500 -0.00593100
v 0.00116000 -0.03731500 -0.00593100
v 0.00104900 -0.03732800 -0.00602100
v 0.00104900 -0.03732800 -0.00602100
v 0.00104900 -0.03732800 -0.00602100
v 0.00104900 -0.03732800 -0.00602100
v 0.00104900 -0.03732800 -0.00602100
v 0.00104900 -0.03732800 -0.00602100
v 0.00104900 -0.03732800 -0.00602100
v 0.00092900 -0.03734600 -0.00602300
v 0.00092900 -0.03734600 -0.00602300
v 0.00092900 -0.03734600 -0.00602300
v 0.00092900 -0.03734600 -0.00602300
v 0.00061800 -0.03739500 -0.00593600
v 0.00061800 -0.03739500 -0.00593600
v 0.00061800 -0.03739500 -0.00593600
v 0.00061800 -0.03739500 -0.00593600
v 0.00061800 -0.03739500 -0.00593600
v 0.00010100 -0.03743000 -0.00600600
v 0.00010100 -0.03743000 -0.00600600
v 0.00010100 -0.03743000 -0.00600600
v 0.00010100 -0.03743000 -0.00600600
v 0.00010100 -0.03743000 -0.00600600
v 0.00005500 -0.03733300 -0.00674600
v 0.00005500 -0.03733300 -0.00674600
v 0.00005500 -0.03733300 -0.00674600
v 0.00005500 -0.03733300 -0.00674600
v 0.00005500 -0.03733300 -0.00674600
v 0.00005500 -0.03733300 -0.00674600
v 0.00005500 -0.03733300 -0.00674600
v 0.00005500 -0.03733300 -0.00674600
v 0.00001000 -0.03715100 -0.00739800
v 0.00001000 -0.03715100 -0.00739800
v 0.00001000 -0.03715100 -0.00739800
v 0.00001000 -0.03715100 -0.00739800
v 0.00001000 -0.03715100 -0.00739800
v 0.00001000 -0.03715100 -0.00739800
v 0.00216100 -0.03614200 -0.00806300
v 0.00216100 -0.03614200 -0.00806300
v 0.00216100 -0.03614200 -0.00806300
v 0.00216100 -0.03614200 -0.00806300
v 0.00216100 -0.03614200 -0.00806300
v 0.00216100 -0.03614200 -0.00806300
v 0.00216100 -0.03614200 -0.00806300
v 0.00217000 -0.03574300 -0.00839200
v 0.00217000 -0.03574300 -0.00839200
v 0.00217000 -0.03574300 -0.00839200
v 0.00217000 -0.03574300 -0.00839200
v 0.00217000 -0.03574300 -0.00839200
v 0.00062100 -0.03711600 -0.00741200
v 0.00062100 -0.03711600 -0.00741200
v 0.00062100 -0.03711600 -0.00741200
v 0.00062100 -0.03711600 -0.00741200
v 0.00062100 -0.03711600 -0.00741200
v 0.00062100 -0.03711600 -0.00741200
v 0.00062100 -0.03711600 -0.00741200
v 0.00154400 -0.03694300 -0.00741300
v 0.00154400 -0.03694300 -0.00741300
v 0.00154400 -0.03694300 -0.00741300
v 0.00154400 -0.03694300 -0.00741300
v 0.00154400 -0.03694300 -0.00741300
v 0.00154400 -0.03694300 -0.00741300
v 0.00215800 -0.03668600 -0.00735400
v 0.00215800 -0.03668600 -0.00735400
v 0.00215800 -0.03668600 -0.00735400
v 0.00215800 -0.03668600 -0.00735400
v 0.00215800 -0.03668600 -0.00735400
v 0.00215800 -0.03668600 -0.00735400
v 0.00215500 -0.03646500 -0.00770600
v 0.00215500 -0.03646500 -0.00770600
v 0.00215500 -0.03646500 -0.00770600
v 0.00215500 -0.03646500 -0.00770600
v 0.00215500 -0.03646500 -0.00770600
v 0.00258200 -0.03511900 -0.00847100
v 0.00258200 -0.03511900 -0.00847100
v 0.00258200 -0.03511900 -0.00847100
v 0.00258200 -0.03511900 -0.00847100
v 0.00258200 -0.03511900 -0.00847100
v 0.00258200 -0.03511900 -0.00847100
v 0.00258200 -0.03511900 -0.00847100
v 0.00261800 -0.03468900 -0.00863400
v 0.00261800 -0.03468900 -0.00863400
v 0.00261800 -0.03468900 -0.00863400
v 0.00261800 -0.03468900 -0.00863400
v 0.00261800 -0.03468900 -0.00863400
v 0.00261800 -0.03468900 -0.00863400
v 0.00261800 -0.03468900 -0.00863400
v 0.00654500 -0.02111600 -0.00941800
v 0.00654500 -0.02111600 -0.00941800
v 0.00654500 -0.02111600 -0.00941800
v 0.00654500 -0.02111600 -0.00941800
v 0.00654500 -0.02111600 -0.00941800
v 0.00700200 -0.02111100 -0.00905900
v 0.00700200 -0.02111100 -0.00905900
v 0.00700200 -0.02111100 -0.00905900
v 0.00700200 -0.02111100 -0.00905900
v 0.00700200 -0.02111100 -0.00905900
v 0.00700200 -0.02111100 -0.00905900
v 0.00730200 -0.02038100 -0.00901300
v 0.00730200 -0.02038100 -0.00901300
v 0.00730200 -0.02038100 -0.00901300
v 0.00730200 -0.02038100 -0.00901300
v 0.00730200 -0.02038100 -0.00901300
v 0.00730200 -0.02038100 -0.00901300
v 0.00730200 -0.02038100 -0.00901300
v 0.00714900 -0.01961000 -0.00929600
v 0.00714900 -0.01961000 -0.00929600
v 0.00714900 -0.01961000 -0.00929600
v 0.00714900 -0.01961000 -0.00929600
v 0.00714900 -0.01961000 -0.00929600
v 0.00714900 -0.01961000 -0.00929600
v 0.00700500 -0.01962300 -0.00939000
v 0.00700500 -0.01962300 -0.00939000
v 0.00700500 -0.01962300 -0.00939000
v 0.00700500 -0.01962300 -0.00939000
v 0.00700500 -0.01962300 -0.00939000
v 0.00700500 -0.01962300 -0.00939000
v 0.00661900 -0.01965000 -0.00960200
v 0.00661900 -0.01965000 -0.00960200
v 0.00661900 -0.01965000 -0.00960200
v 0.00661900 -0.01965000 -0.00960200
v 0.00661900 -0.01965000 -0.00960200
v 0.00815600 -0.00148800 -0.01042800
v 0.00815600 -0.00148800 -0.01042800
v 0.00815600 -0.00148800 -0.01042800
v 0.00815600 -0.00148800 -0.01042800
v 0.00658300 0.00640800 -0.00795300
v 0.00658300 0.00640800 -0.00795300
v 0.00658300 0.00640800 -0.00795300
v 0.00658300 0.00640800 -0.00795300
v 0.00658300 0.00640800 -0.00795300
v 0.00658300 0.00640800 -0.00795300
v 0.00658300 0.00640800 -0.00795300
v 0.00627200 0.00680600 -0.00795300
v 0.00627200 0.00680600 -0.00795300
v 0.00627200 0.00680600 -0.00795300
v 0.00627200 0.00680600 -0.00795300
v 0.00817200 -0.00146200 -0.01041800
v 0.00817200 -0.00146200 -0.01041800
v 0.00817200 -0.00146200 -0.01041800
v 0.00817200 -0.00146200 -0.01041800
v 0.00817200 -0.00146200 -0.01041800
v 0.00817200 -0.00146200 -0.01041800
v 0.00817200 -0.00146200 -0.01041800
v 0.00817200 -0.00146200 -0.01041800
v 0.00818100 -0.00143500 -0.01039800
v 0.00818100 -0.00143500 -0.01039800
v 0.00818100 -0.00143500 -0.01039800
v 0.00818100 -0.00143500 -0.01039800
v 0.00682000 0.00596500 -0.00795300
v 0.00682000 0.00596500 -0.00795300
v 0.00682000 0.00596500 -0.00795300
v 0.00682000 0.00596500 -0.00795300
v 0.00682000 0.00596500 -0.00795300
v 0.00682000 0.00596500 -0.00795300
v 0.00682000 0.00596500 -0.00795300
v 0.00682000 0.00596500 -0.00795300
v 0.00682000 0.00596500 -0.00795300
v 0.00682000 0.00596500 -0.00795300
v 0.00591300 0.00716900 -0.00785500
v 0.00591300 0.00716900 -0.00785500
v 0.00591300 0.00716900 -0.00785500
v 0.00591300 0.00716900 -0.00785500
v 0.00591300 0.00716900 -0.00785500
v 0.00591300 0.00716900 -0.00785500
v 0.00591300 0.00716900 -0.00785500
v 0.00548000 0.00743900 -0.00785500
v 0.00548000 0.00743900 -0.00785500
v 0.00548000 0.00743900 -0.00785500
v 0.00548000 0.00743900 -0.00785500
v 0.00548000 0.00743900 -0.00785500
v 0.00548000 0.00743900 -0.00785500
v 0.00629300 0.00682800 -0.00785500
v 0.00629300 0.00682800 -0.00785500
v 0.00629300 0.00682800 -0.00785500
v 0.00629300 0.00682800 -0.00785500
v 0.00629300 0.00682800 -0.00785500
v 0.00629300 0.00682800 -0.00785500
v 0.00500700 0.00763000 -0.00785500
v 0.00500700 0.00763000 -0.00785500
v 0.00500700 0.00763000 -0.00785500
v 0.00500700 0.00763000 -0.00785500
v 0.00500700 0.00763000 -0.00785500
v 0.00500700 0.00763000 -0.00785500
v 0.00266400 -0.03428600 -0.00872500
v 0.00266400 -0.03428600 -0.00872500
v 0.00266400 -0.03428600 -0.00872500
v 0.00266400 -0.03428600 -0.00872500
v 0.00266400 -0.03428600 -0.00872500
v 0.00337100 -0.03217400 -0.00877500
v 0.00337100 -0.03217400 -0.00877500
v 0.00337100 -0.03217400 -0.00877500
v 0.00337100 -0.03217400 -0.00877500
v 0.00337100 -0.03217400 -0.00877500
v 0.00815600 -0.00148800 0.00042800
v 0.00815600 -0.00148800 0.00042800
v 0.00815600 -0.00148800 0.00042800
v 0.00815600 -0.00148800 0.00042800
v 0.00661900 -0.01965000 -0.00039800
v 0.00661900 -0.01965000 -0.00039800
v 0.00661900 -0.01965000 -0.00039800
v 0.00661900 -0.01965000 -0.00039800
v 0.00661900 -0.01965000 -0.00039800
v 0.00629300 0.00682800 -0.00214500
v 0.00629300 0.00682800 -0.00214500
v 0.00629300 0.00682800 -0.00214500
v 0.00629300 0.00682800 -0.00214500
v 0.00629300 0.00682800 -0.00214500
v 0.00629300 0.00682800 -0.00214500
v 0.00627200 0.00680600 -0.00204700
v 0.00627200 0.00680600 -0.00204700
v 0.00627200 0.00680600 -0.00204700
v 0.00627200 0.00680600 -0.00204700
v 0.00591300 0.00716900 -0.00214500
v 0.00591300 0.00716900 -0.00214500
v 0.00591300 0.00716900 -0.00214500
v 0.00591300 0.00716900 -0.00214500
v 0.00591300 0.00716900 -0.00214500
v 0.00591300 0.00716900 -0.00214500
v 0.00658300 0.00640800 -0.00204700
v 0.00658300 0.00640800 -0.00204700
v 0.00658300 0.00640800 -0.00204700
v 0.00658300 0.00640800 -0.00204700
v 0.00658300 0.00640800 -0.00204700
v 0.00658300 0.00640800 -0.00204700
v 0.00658300 0.00640800 -0.00204700
v 0.00818100 -0.00143500 0.00039800
v 0.00818100 -0.00143500 0.00039800
v 0.00818100 -0.00143500 0.00039800
v 0.00818100 -0.00143500 0.00039800
v 0.00817200 -0.00146200 0.00041800
v 0.00817200 -0.00146200 0.00041800
v 0.00817200 -0.00146200 0.00041800
v 0.00817200 -0.00146200 0.00041800
v 0.00817200 -0.00146200 0.00041800
v 0.00817200 -0.00146200 0.00041800
v 0.00817200 -0.00146200 0.00041800
v 0.00682000 0.00596500 -0.00204700
v 0.00682000 0.00596500 -0.00204700
v 0.00682000 0.00596500 -0.00204700
v 0.00682000 0.00596500 -0.00204700
v 0.00682000 0.00596500 -0.00204700
v 0.00682000 0.00596500 -0.00204700
v 0.00682000 0.00596500 -0.00204700
v 0.00682000 0.00596500 -0.00204700
v 0.00682000 0.00596500 -0.00204700
v 0.00682000 0.00596500 -0.00204700
v 0.00549500 0.00747000 -0.00345100
v 0.00549500 0.00747000 -0.00345100
v 0.00549500 0.00747000 -0.00345100
v 0.00549500 0.00747000 -0.00345100
v 0.00549500 0.00747000 -0.00345100
v 0.00701700 -0.01962300 -0.00061700
v 0.00701700 -0.01962300 -0.00061700
v 0.00701700 -0.01962300 -0.00061700
v 0.00701700 -0.01962300 -0.00061700
v 0.00701700 -0.01962300 -0.00061700
v 0.00701700 -0.01962300 -0.00061700
v 0.00730200 -0.02038100 -0.00098700
v 0.00730200 -0.02038100 -0.00098700
v 0.00730200 -0.02038100 -0.00098700
v 0.00730200 -0.02038100 -0.00098700
v 0.00730200 -0.02038100 -0.00098700
v 0.00730200 -0.02038100 -0.00098700
v 0.00730200 -0.02038100 -0.00098700
v 0.00700200 -0.02111100 -0.00094000
v 0.00700200 -0.02111100 -0.00094000
v 0.00700200 -0.02111100 -0.00094000
v 0.00700200 -0.02111100 -0.00094000
v 0.00700200 -0.02111100 -0.00094000
v 0.00700200 -0.02111100 -0.00094000
v 0.00714900 -0.01961000 -0.00070400
v 0.00714900 -0.01961000 -0.00070400
v 0.00714900 -0.01961000 -0.00070400
v 0.00714900 -0.01961000 -0.00070400
v 0.00714900 -0.01961000 -0.00070400
v 0.00338100 -0.03217400 -0.00123400
v 0.00338100 -0.03217400 -0.00123400
v 0.00338100 -0.03217400 -0.00123400
v 0.00338100 -0.03217400 -0.00123400
v 0.00322600 -0.03472000 -0.00198300
v 0.00322600 -0.03472000 -0.00198300
v 0.00322600 -0.03472000 -0.00198300
v 0.00322600 -0.03472000 -0.00198300
v 0.00322600 -0.03472000 -0.00198300
v 0.00322600 -0.03472000 -0.00198300
v 0.00322600 -0.03472000 -0.00198300
v 0.00322600 -0.03472000 -0.00198300
v 0.00322600 -0.03472000 -0.00198300
v 0.00318700 -0.03415800 -0.00167400
v 0.00318700 -0.03415800 -0.00167400
v 0.00318700 -0.03415800 -0.00167400
v 0.00318700 -0.03415800 -0.00167400
v 0.00318700 -0.03415800 -0.00167400
v 0.00318700 -0.03415800 -0.00167400
v 0.00316000 -0.03531800 -0.00237100
v 0.00316000 -0.03531800 -0.00237100
v 0.00316000 -0.03531800 -0.00237100
v 0.00316000 -0.03531800 -0.00237100
v 0.00316000 -0.03531800 -0.00237100
v 0.00316000 -0.03531800 -0.00237100
v 0.00316000 -0.03531800 -0.00237100
v 0.00315100 -0.03554800 -0.00261600
v 0.00315100 -0.03554800 -0.00261600
v 0.00315100 -0.03554800 -0.00261600
v 0.00315100 -0.03554800 -0.00261600
v 0.00315100 -0.03554800 -0.00261600
v 0.00316200 -0.03570300 -0.00285800
v 0.00316200 -0.03570300 -0.00285800
v 0.00316200 -0.03570300 -0.00285800
v 0.00316200 -0.03570300 -0.00285800
v 0.00316200 -0.03570300 -0.00285800
v 0.00316200 -0.03570300 -0.00285800
v 0.00316200 -0.03570300 -0.00285800
v 0.00316200 -0.03570300 -0.00285800
v 0.00287300 -0.03619900 -0.00303700
v 0.00287300 -0.03619900 -0.00303700
v 0.00287300 -0.03619900 -0.00303700
v 0.00287300 -0.03619900 -0.00303700
v 0.00287300 -0.03619900 -0.00303700
v 0.00287300 -0.03619900 -0.00303700
v 0.00287300 -0.03619900 -0.00303700
v 0.00230100 -0.03678800 -0.00325500
v 0.00230100 -0.03678800 -0.00325500
v 0.00230100 -0.03678800 -0.00325500
v 0.00230100 -0.03678800 -0.00325500
v 0.00230100 -0.03678800 -0.00325500
v 0.00230100 -0.03678800 -0.00325500
v 0.00221200 -0.03685000 -0.00325500
v 0.00221200 -0.03685000 -0.00325500
v 0.00221200 -0.03685000 -0.00325500
v 0.00221200 -0.03685000 -0.00325500
v 0.00221200 -0.03685000 -0.00325500
v 0.00158100 -0.03712500 -0.00325500
v 0.00158100 -0.03712500 -0.00325500
v 0.00158100 -0.03712500 -0.00325500
v 0.00158100 -0.03712500 -0.00325500
v 0.00158100 -0.03712500 -0.00325500
v 0.00158100 -0.03712500 -0.00325500
v 0.00154500 -0.03713800 -0.00325500
v 0.00154500 -0.03713800 -0.00325500
v 0.00154500 -0.03713800 -0.00325500
v 0.00154500 -0.03713800 -0.00325500
v 0.00154500 -0.03713800 -0.00325500
v 0.00154500 -0.03713800 -0.00325500
v 0.00256700 -0.03657600 -0.00325400
v 0.00256700 -0.03657600 -0.00325400
v 0.00256700 -0.03657600 -0.00325400
v 0.00256700 -0.03657600 -0.00325400
v 0.00256700 -0.03657600 -0.00325400
v 0.00256700 -0.03657600 -0.00325400
v 0.00159200 -0.03717300 -0.00361100
v 0.00159200 -0.03717300 -0.00361100
v 0.00159200 -0.03717300 -0.00361100
v 0.00159200 -0.03717300 -0.00361100
v 0.00159200 -0.03717300 -0.00361100
v 0.00159200 -0.03717300 -0.00361100
v 0.00158100 -0.03721800 -0.00396800
v 0.00158100 -0.03721800 -0.00396800
v 0.00158100 -0.03721800 -0.00396800
v 0.00158100 -0.03721800 -0.00396800
v 0.00158100 -0.03721800 -0.00396800
v 0.00158100 -0.03721800 -0.00396800
v 0.00159800 -0.03721800 -0.00405500
v 0.00159800 -0.03721800 -0.00405500
v 0.00159800 -0.03721800 -0.00405500
v 0.00159900 -0.03721300 -0.00396700
v 0.00159900 -0.03721300 -0.00396700
v 0.00159900 -0.03721300 -0.00396700
v 0.00159900 -0.03721300 -0.00396700
v 0.00159900 -0.03721300 -0.00396700
v 0.00159900 -0.03721300 -0.00396700
v 0.00162800 -0.03720900 -0.00405400
v 0.00162800 -0.03720900 -0.00405400
v 0.00162800 -0.03720900 -0.00405400
v 0.00162800 -0.03720900 -0.00405400
v 0.00211200 -0.03705400 -0.00499000
v 0.00211200 -0.03705400 -0.00499000
v 0.00211200 -0.03705400 -0.00499000
v 0.00211200 -0.03705400 -0.00499000
v 0.00211200 -0.03705400 -0.00499000
v 0.00211200 -0.03705400 -0.00499000
v 0.00211200 -0.03705400 -0.00501000
v 0.00211200 -0.03705400 -0.00501000
v 0.00211200 -0.03705400 -0.00501000
v 0.00211200 -0.03705400 -0.00501000
v 0.00211200 -0.03705400 -0.00501000
v 0.00211200 -0.03705400 -0.00501000
v 0.00211200 -0.03705400 -0.00501000
v 0.00191300 -0.03709800 -0.00607600
v 0.00191300 -0.03709800 -0.00607600
v 0.00191300 -0.03709800 -0.00607600
v 0.00191300 -0.03709800 -0.00607600
v 0.00191300 -0.03709800 -0.00607600
v 0.00191300 -0.03709800 -0.00607600
v 0.00191300 -0.03709800 -0.00607600
v 0.00191300 -0.03709800 -0.00607600
v 0.00191300 -0.03709800 -0.00607600
v 0.00162800 -0.03720900 -0.00594600
v 0.00162800 -0.03720900 -0.00594600
v 0.00162800 -0.03720900 -0.00594600
v 0.00159900 -0.03721300 -0.00603300
v 0.00159900 -0.03721300 -0.00603300
v 0.00159900 -0.03721300 -0.00603300
v 0.00159900 -0.03721300 -0.00603300
v 0.00159900 -0.03721300 -0.00603300
v 0.00159900 -0.03721300 -0.00603300
v 0.00159800 -0.03721800 -0.00594500
v 0.00159800 -0.03721800 -0.00594500
v 0.00159800 -0.03721800 -0.00594500
v 0.00158100 -0.03721800 -0.00603200
v 0.00158100 -0.03721800 -0.00603200
v 0.00158100 -0.03721800 -0.00603200
v 0.00158100 -0.03721800 -0.00603200
v 0.00158100 -0.03721800 -0.00603200
v 0.00158100 -0.03721800 -0.00603200
v 0.00159200 -0.03717300 -0.00638900
v 0.00159200 -0.03717300 -0.00638900
v 0.00159200 -0.03717300 -0.00638900
v 0.00159200 -0.03717300 -0.00638900
v 0.00159200 -0.03717300 -0.00638900
v 0.00159200 -0.03717300 -0.00638900
v 0.00154500 -0.03713800 -0.00674500
v 0.00154500 -0.03713800 -0.00674500
v 0.00154500 -0.03713800 -0.00674500
v 0.00154500 -0.03713800 -0.00674500
v 0.00154500 -0.03713800 -0.00674500
v 0.00059300 -0.03729700 -0.00674500
v 0.00059300 -0.03729700 -0.00674500
v 0.00059300 -0.03729700 -0.00674500
v 0.00059300 -0.03729700 -0.00674500
v 0.00059300 -0.03729700 -0.00674500
v 0.00059300 -0.03729700 -0.00674500
v 0.00059300 -0.03729700 -0.00674500
v 0.00059300 -0.03729700 -0.00674500
v 0.00251900 -0.03592500 -0.00793900
v 0.00251900 -0.03592500 -0.00793900
v 0.00251900 -0.03592500 -0.00793900
v 0.00251900 -0.03592500 -0.00793900
v 0.00251900 -0.03592500 -0.00793900
v 0.00251900 -0.03592500 -0.00793900
v 0.00251900 -0.03592500 -0.00793900
v 0.00250200 -0.03623000 -0.00761400
v 0.00250200 -0.03623000 -0.00761400
v 0.00250200 -0.03623000 -0.00761400
v 0.00250200 -0.03623000 -0.00761400
v 0.00250200 -0.03623000 -0.00761400
v 0.00250200 -0.03623000 -0.00761400
v 0.00156300 -0.03704500 -0.00713800
v 0.00156300 -0.03704500 -0.00713800
v 0.00156300 -0.03704500 -0.00713800
v 0.00156300 -0.03704500 -0.00713800
v 0.00156300 -0.03704500 -0.00713800
v 0.00156300 -0.03704500 -0.00713800
v 0.00217300 -0.03681000 -0.00703000
v 0.00217300 -0.03681000 -0.00703000
v 0.00217300 -0.03681000 -0.00703000
v 0.00217300 -0.03681000 -0.00703000
v 0.00217300 -0.03681000 -0.00703000
v 0.00217300 -0.03681000 -0.00703000
v 0.00217300 -0.03681000 -0.00703000
v 0.00217300 -0.03681000 -0.00703000
v 0.00252000 -0.03655300 -0.00700000
v 0.00252000 -0.03655300 -0.00700000
v 0.00252000 -0.03655300 -0.00700000
v 0.00252000 -0.03655300 -0.00700000
v 0.00252000 -0.03655300 -0.00700000
v 0.00252000 -0.03655300 -0.00700000
v 0.00250200 -0.03644300 -0.00729300
v 0.00250200 -0.03644300 -0.00729300
v 0.00250200 -0.03644300 -0.00729300
v 0.00250200 -0.03644300 -0.00729300
v 0.00250200 -0.03644300 -0.00729300
v 0.00250200 -0.03644300 -0.00729300
v 0.00293200 -0.03492400 -0.00825800
v 0.00293200 -0.03492400 -0.00825800
v 0.00293200 -0.03492400 -0.00825800
v 0.00293200 -0.03492400 -0.00825800
v 0.00298100 -0.03454700 -0.00838900
v 0.00298100 -0.03454700 -0.00838900
v 0.00298100 -0.03454700 -0.00838900
v 0.00298100 -0.03454700 -0.00838900
v 0.00298100 -0.03454700 -0.00838900
v 0.00298100 -0.03454700 -0.00838900
v 0.00288700 -0.03530000 -0.00805500
v 0.00288700 -0.03530000 -0.00805500
v 0.00288700 -0.03530000 -0.00805500
v 0.00288700 -0.03530000 -0.00805500
v 0.00288700 -0.03530000 -0.00805500
v 0.00288700 -0.03530000 -0.00805500
v 0.00303300 -0.03419700 -0.00846500
v 0.00303300 -0.03419700 -0.00846500
v 0.00303300 -0.03419700 -0.00846500
v 0.00303300 -0.03419700 -0.00846500
v 0.00303300 -0.03419700 -0.00846500
v 0.00303300 -0.03419700 -0.00846500
v 0.00318700 -0.03415800 -0.00832600
v 0.00318700 -0.03415800 -0.00832600
v 0.00318700 -0.03415800 -0.00832600
v 0.00318700 -0.03415800 -0.00832600
v 0.00318700 -0.03415800 -0.00832600
v 0.00318700 -0.03415800 -0.00832600
v 0.00763100 -0.02035400 -0.00863100
v 0.00763100 -0.02035400 -0.00863100
v 0.00763100 -0.02035400 -0.00863100
v 0.00763100 -0.02035400 -0.00863100
v 0.00763100 -0.02035400 -0.00863100
v 0.00763100 -0.02035400 -0.00863100
v 0.00763100 -0.02035400 -0.00863100
v 0.00756400 -0.01955700 -0.00895700
v 0.00756400 -0.01955700 -0.00895700
v 0.00756400 -0.01955700 -0.00895700
v 0.00756400 -0.01955700 -0.00895700
v 0.00756400 -0.01955700 -0.00895700
v 0.00756400 -0.01955700 -0.00895700
v 0.00748100 -0.01957000 -0.00903400
v 0.00748100 -0.01957000 -0.00903400
v 0.00748100 -0.01957000 -0.00903400
v 0.00748100 -0.01957000 -0.00903400
v 0.00776400 -0.01841400 -0.00897500
v 0.00776400 -0.01841400 -0.00897500
v 0.00776400 -0.01841400 -0.00897500
v 0.00776400 -0.01841400 -0.00897500
v 0.00776400 -0.01841400 -0.00897500
v 0.00776400 -0.01841400 -0.00897500
v 0.00776400 -0.01841400 -0.00897500
v 0.00735100 -0.01838300 -0.00931100
v 0.00735100 -0.01838300 -0.00931100
v 0.00735100 -0.01838300 -0.00931100
v 0.00735100 -0.01838300 -0.00931100
v 0.00735100 -0.01838300 -0.00931100
v 0.00735100 -0.01838300 -0.00931100
v 0.00735100 -0.01838300 -0.00931100
v 0.00837200 -0.00166100 -0.01029300
v 0.00837200 -0.00166100 -0.01029300
v 0.00837200 -0.00166100 -0.01029300
v 0.00837200 -0.00166100 -0.01029300
v 0.00837200 -0.00166100 -0.01029300
v 0.00837200 -0.00166100 -0.01029300
v 0.00660700 0.00642500 -0.00785500
v 0.00660700 0.00642500 -0.00785500
v 0.00660700 0.00642500 -0.00785500
v 0.00660700 0.00642500 -0.00785500
v 0.00660700 0.00642500 -0.00785500
v 0.00660700 0.00642500 -0.00785500
v 0.00660700 0.00642500 -0.00785500
v 0.00848300 -0.00175400 -0.01022100
v 0.00848300 -0.00175400 -0.01022100
v 0.00848300 -0.00175400 -0.01022100
v 0.00848300 -0.00175400 -0.01022100
v 0.00848300 -0.00175400 -0.01022100
v 0.00848300 -0.00175400 -0.01022100
v 0.00839200 -0.00162600 -0.01027200
v 0.00839200 -0.00162600 -0.01027200
v 0.00839200 -0.00162600 -0.01027200
v 0.00839200 -0.00162600 -0.01027200
v 0.00839200 -0.00162600 -0.01027200
v 0.00839200 -0.00162600 -0.01027200
v 0.00684700 0.00597400 -0.00785500
v 0.00684700 0.00597400 -0.00785500
v 0.00684700 0.00597400 -0.00785500
v 0.00684700 0.00597400 -0.00785500
v 0.00684700 0.00597400 -0.00785500
v 0.00684700 0.00597400 -0.00785500
v 0.00684700 0.00597400 -0.00785500
v 0.00684700 0.00597400 -0.00785500
v 0.00684700 0.00597400 -0.00785500
v 0.00684700 0.00597400 -0.00785500
v 0.00901200 -0.00213900 -0.00982400
v 0.00901200 -0.00213900 -0.00982400
v 0.00901200 -0.00213900 -0.00982400
v 0.00901200 -0.00213900 -0.00982400
v 0.00901200 -0.00213900 -0.00982400
v 0.00958600 -0.00267500 -0.00928900
v 0.00958600 -0.00267500 -0.00928900
v 0.00958600 -0.00267500 -0.00928900
v 0.00958600 -0.00267500 -0.00928900
v 0.00958600 -0.00267500 -0.00928900
v 0.00983700 -0.00292800 -0.00897500
v 0.00983700 -0.00292800 -0.00897500
v 0.00983700 -0.00292800 -0.00897500
v 0.00983700 -0.00292800 -0.00897500
v 0.00983700 -0.00292800 -0.00897500
v 0.00983700 -0.00292800 -0.00897500
v 0.00983700 -0.00292800 -0.00897500
v 0.01006400 -0.00313100 -0.00860900
v 0.01006400 -0.00313100 -0.00860900
v 0.01006400 -0.00313100 -0.00860900
v 0.01006400 -0.00313100 -0.00860900
v 0.01006400 -0.00313100 -0.00860900
v 0.00631800 0.00685000 -0.00654900
v 0.00631800 0.00685000 -0.00654900
v 0.00631800 0.00685000 -0.00654900
v 0.00631800 0.00685000 -0.00654900
v 0.00549500 0.00747000 -0.00654900
v 0.00549500 0.00747000 -0.00654900
v 0.00549500 0.00747000 -0.00654900
v 0.00549500 0.00747000 -0.00654900
v 0.00837200 -0.00166100 0.00029300
v 0.00837200 -0.00166100 0.00029300
v 0.00837200 -0.00166100 0.00029300
v 0.00837200 -0.00166100 0.00029300
v 0.00837200 -0.00166100 0.00029300
v 0.00837200 -0.00166100 0.00029300
v 0.00837200 -0.00166100 0.00029300
v 0.00631800 0.00685000 -0.00345100
v 0.00631800 0.00685000 -0.00345100
v 0.00631800 0.00685000 -0.00345100
v 0.00631800 0.00685000 -0.00345100
v 0.00660700 0.00642500 -0.00214500
v 0.00660700 0.00642500 -0.00214500
v 0.00660700 0.00642500 -0.00214500
v 0.00660700 0.00642500 -0.00214500
v 0.00660700 0.00642500 -0.00214500
v 0.00660700 0.00642500 -0.00214500
v 0.00660700 0.00642500 -0.00214500
v 0.00839000 -0.00162600 0.00027600
v 0.00839000 -0.00162600 0.00027600
v 0.00839000 -0.00162600 0.00027600
v 0.00839000 -0.00162600 0.00027600
v 0.00839000 -0.00162600 0.00027600
v 0.00839000 -0.00162600 0.00027600
v 0.00839000 -0.00162600 0.00027600
v 0.00839000 -0.00162600 0.00027600
v 0.00684700 0.00597400 -0.00214500
v 0.00684700 0.00597400 -0.00214500
v 0.00684700 0.00597400 -0.00214500
v 0.00684700 0.00597400 -0.00214500
v 0.00684700 0.00597400 -0.00214500
v 0.00684700 0.00597400 -0.00214500
v 0.00684700 0.00597400 -0.00214500
v 0.00684700 0.00597400 -0.00214500
v 0.00684700 0.00597400 -0.00214500
v 0.00684700 0.00597400 -0.00214500
v 0.01006400 -0.00313100 -0.00139200
v 0.01006400 -0.00313100 -0.00139200
v 0.01006400 -0.00313100 -0.00139200
v 0.01006400 -0.00313100 -0.00139200
v 0.01006400 -0.00313100 -0.00139200
v 0.00983700 -0.00292800 -0.00102500
v 0.00983700 -0.00292800 -0.00102500
v 0.00983700 -0.00292800 -0.00102500
v 0.00983700 -0.00292800 -0.00102500
v 0.00983700 -0.00292800 -0.00102500
v 0.00983700 -0.00292800 -0.00102500
v 0.00983700 -0.00292800 -0.00102500
v 0.00958600 -0.00267500 -0.00071300
v 0.00958600 -0.00267500 -0.00071300
v 0.00958600 -0.00267500 -0.00071300
v 0.00958600 -0.00267500 -0.00071300
v 0.00958600 -0.00267500 -0.00071300
v 0.00901200 -0.00213900 -0.00017600
v 0.00901200 -0.00213900 -0.00017600
v 0.00901200 -0.00213900 -0.00017600
v 0.00901200 -0.00213900 -0.00017600
v 0.00901200 -0.00213900 -0.00017600
v 0.00736100 -0.01838300 -0.00069700
v 0.00736100 -0.01838300 -0.00069700
v 0.00736100 -0.01838300 -0.00069700
v 0.00736100 -0.01838300 -0.00069700
v 0.00736100 -0.01838300 -0.00069700
v 0.00736100 -0.01838300 -0.00069700
v 0.00736100 -0.01838300 -0.00069700
v 0.00736100 -0.01838300 -0.00069700
v 0.00748900 -0.01957000 -0.00097200
v 0.00748900 -0.01957000 -0.00097200
v 0.00748900 -0.01957000 -0.00097200
v 0.00748900 -0.01957000 -0.00097200
v 0.00748900 -0.01957000 -0.00097200
v 0.00756400 -0.01955700 -0.00104300
v 0.00756400 -0.01955700 -0.00104300
v 0.00756400 -0.01955700 -0.00104300
v 0.00756400 -0.01955700 -0.00104300
v 0.00756400 -0.01955700 -0.00104300
v 0.00763100 -0.02035400 -0.00136900
v 0.00763100 -0.02035400 -0.00136900
v 0.00763100 -0.02035400 -0.00136900
v 0.00763100 -0.02035400 -0.00136900
v 0.00763100 -0.02035400 -0.00136900
v 0.00763100 -0.02035400 -0.00136900
v 0.00763100 -0.02035400 -0.00136900
v 0.00355700 -0.03406900 -0.00214100
v 0.00355700 -0.03406900 -0.00214100
v 0.00355700 -0.03406900 -0.00214100
v 0.00355700 -0.03406900 -0.00214100
v 0.00345800 -0.03451600 -0.00223400
v 0.00345800 -0.03451600 -0.00223400
v 0.00345800 -0.03451600 -0.00223400
v 0.00345800 -0.03451600 -0.00223400
v 0.00345800 -0.03451600 -0.00223400
v 0.00342600 -0.03475100 -0.00236500
v 0.00342600 -0.03475100 -0.00236500
v 0.00342600 -0.03475100 -0.00236500
v 0.00342600 -0.03475100 -0.00236500
v 0.00342600 -0.03475100 -0.00236500
v 0.00341100 -0.03496800 -0.00253900
v 0.00341100 -0.03496800 -0.00253900
v 0.00341100 -0.03496800 -0.00253900
v 0.00341100 -0.03496800 -0.00253900
v 0.00341100 -0.03496800 -0.00253900
v 0.00341100 -0.03496800 -0.00253900
v 0.00341100 -0.03496800 -0.00253900
v 0.00341100 -0.03496800 -0.00253900
v 0.00341100 -0.03514100 -0.00273900
v 0.00341100 -0.03514100 -0.00273900
v 0.00341100 -0.03514100 -0.00273900
v 0.00341100 -0.03514100 -0.00273900
v 0.00341100 -0.03514100 -0.00273900
v 0.00341100 -0.03514100 -0.00273900
v 0.00342500 -0.03525600 -0.00293500
v 0.00342500 -0.03525600 -0.00293500
v 0.00342500 -0.03525600 -0.00293500
v 0.00342500 -0.03525600 -0.00293500
v 0.00348800 -0.03528700 -0.00325400
v 0.00348800 -0.03528700 -0.00325400
v 0.00348800 -0.03528700 -0.00325400
v 0.00348800 -0.03528700 -0.00325400
v 0.00348800 -0.03528700 -0.00325400
v 0.00348800 -0.03528700 -0.00325400
v 0.00303600 -0.03605700 -0.00325400
v 0.00303600 -0.03605700 -0.00325400
v 0.00303600 -0.03605700 -0.00325400
v 0.00303600 -0.03605700 -0.00325400
v 0.00303600 -0.03605700 -0.00325400
v 0.00303600 -0.03605700 -0.00325400
v 0.00290300 -0.03622600 -0.00325400
v 0.00290300 -0.03622600 -0.00325400
v 0.00290300 -0.03622600 -0.00325400
v 0.00290300 -0.03622600 -0.00325400
v 0.00252200 -0.03671300 -0.00387500
v 0.00252200 -0.03671300 -0.00387500
v 0.00252200 -0.03671300 -0.00387500
v 0.00252200 -0.03671300 -0.00387500
v 0.00252200 -0.03671300 -0.00387500
v 0.00252200 -0.03671300 -0.00387500
v 0.00252200 -0.03671300 -0.00387500
v 0.00252200 -0.03671300 -0.00387500
v 0.00220200 -0.03694800 -0.00390600
v 0.00220200 -0.03694800 -0.00390600
v 0.00220200 -0.03694800 -0.00390600
v 0.00220200 -0.03694800 -0.00390600
v 0.00220200 -0.03694800 -0.00390600
v 0.00208700 -0.03701800 -0.00400900
v 0.00208700 -0.03701800 -0.00400900
v 0.00208700 -0.03701800 -0.00400900
v 0.00208700 -0.03701800 -0.00400900
v 0.00208700 -0.03701800 -0.00400900
v 0.00208700 -0.03701800 -0.00400900
v 0.00208700 -0.03701800 -0.00400900
v 0.00208700 -0.03701800 -0.00400900
v 0.00292100 -0.03631900 -0.00385900
v 0.00292100 -0.03631900 -0.00385900
v 0.00292100 -0.03631900 -0.00385900
v 0.00292100 -0.03631900 -0.00385900
v 0.00292100 -0.03631900 -0.00385900
v 0.00292100 -0.03631900 -0.00385900
v 0.00292100 -0.03631900 -0.00385900
v 0.00222700 -0.03693900 -0.00399200
v 0.00222700 -0.03693900 -0.00399200
v 0.00222700 -0.03693900 -0.00399200
v 0.00222700 -0.03693900 -0.00399200
v 0.00222700 -0.03693900 -0.00399200
v 0.00254900 -0.03675700 -0.00499000
v 0.00254900 -0.03675700 -0.00499000
v 0.00254900 -0.03675700 -0.00499000
v 0.00254900 -0.03675700 -0.00499000
v 0.00254900 -0.03675700 -0.00499000
v 0.00254900 -0.03675700 -0.00499000
v 0.00254900 -0.03675700 -0.00501000
v 0.00254900 -0.03675700 -0.00501000
v 0.00254900 -0.03675700 -0.00501000
v 0.00254900 -0.03675700 -0.00501000
v 0.00254900 -0.03675700 -0.00501000
v 0.00254900 -0.03675700 -0.00501000
v 0.00254900 -0.03675700 -0.00501000
v 0.00222400 -0.03693900 -0.00600700
v 0.00222400 -0.03693900 -0.00600700
v 0.00222400 -0.03693900 -0.00600700
v 0.00222400 -0.03693900 -0.00600700
v 0.00222400 -0.03693900 -0.00600700
v 0.00208700 -0.03701800 -0.00599100
v 0.00208700 -0.03701800 -0.00599100
v 0.00208700 -0.03701800 -0.00599100
v 0.00208700 -0.03701800 -0.00599100
v 0.00208700 -0.03701800 -0.00599100
v 0.00158100 -0.03712500 -0.00674500
v 0.00158100 -0.03712500 -0.00674500
v 0.00158100 -0.03712500 -0.00674500
v 0.00158100 -0.03712500 -0.00674500
v 0.00158100 -0.03712500 -0.00674500
v 0.00158100 -0.03712500 -0.00674500
v 0.00221200 -0.03685000 -0.00674500
v 0.00221200 -0.03685000 -0.00674500
v 0.00221200 -0.03685000 -0.00674500
v 0.00221200 -0.03685000 -0.00674500
v 0.00221200 -0.03685000 -0.00674500
v 0.00221200 -0.03685000 -0.00674500
v 0.00221200 -0.03685000 -0.00674500
v 0.00219400 -0.03685900 -0.00674500
v 0.00219400 -0.03685900 -0.00674500
v 0.00219400 -0.03685900 -0.00674500
v 0.00219400 -0.03685900 -0.00674500
v 0.00283900 -0.03592500 -0.00750500
v 0.00283900 -0.03592500 -0.00750500
v 0.00283900 -0.03592500 -0.00750500
v 0.00283900 -0.03592500 -0.00750500
v 0.00283900 -0.03592500 -0.00750500
v 0.00283900 -0.03592500 -0.00750500
v 0.00285500 -0.03564600 -0.00779400
v 0.00285500 -0.03564600 -0.00779400
v 0.00285500 -0.03564600 -0.00779400
v 0.00285500 -0.03564600 -0.00779400
v 0.00285500 -0.03564600 -0.00779400
v 0.00284300 -0.03611500 -0.00722000
v 0.00284300 -0.03611500 -0.00722000
v 0.00284300 -0.03611500 -0.00722000
v 0.00284300 -0.03611500 -0.00722000
v 0.00284300 -0.03611500 -0.00722000
v 0.00230100 -0.03678800 -0.00674500
v 0.00230100 -0.03678800 -0.00674500
v 0.00230100 -0.03678800 -0.00674500
v 0.00230100 -0.03678800 -0.00674500
v 0.00230100 -0.03678800 -0.00674500
v 0.00230100 -0.03678800 -0.00674500
v 0.00286600 -0.03620800 -0.00696400
v 0.00286600 -0.03620800 -0.00696400
v 0.00286600 -0.03620800 -0.00696400
v 0.00286600 -0.03620800 -0.00696400
v 0.00286600 -0.03620800 -0.00696400
v 0.00286600 -0.03620800 -0.00696400
v 0.00286600 -0.03620800 -0.00696400
v 0.00256700 -0.03657600 -0.00674600
v 0.00256700 -0.03657600 -0.00674600
v 0.00256700 -0.03657600 -0.00674600
v 0.00256700 -0.03657600 -0.00674600
v 0.00256700 -0.03657600 -0.00674600
v 0.00256700 -0.03657600 -0.00674600
v 0.00322200 -0.03472000 -0.00802200
v 0.00322200 -0.03472000 -0.00802200
v 0.00322200 -0.03472000 -0.00802200
v 0.00322200 -0.03472000 -0.00802200
v 0.00322200 -0.03472000 -0.00802200
v 0.00322200 -0.03472000 -0.00802200
v 0.00322200 -0.03472000 -0.00802200
v 0.00322200 -0.03472000 -0.00802200
v 0.00322200 -0.03472000 -0.00802200
v 0.00315400 -0.03532200 -0.00763300
v 0.00315400 -0.03532200 -0.00763300
v 0.00315400 -0.03532200 -0.00763300
v 0.00315400 -0.03532200 -0.00763300
v 0.00315400 -0.03532200 -0.00763300
v 0.00315400 -0.03532200 -0.00763300
v 0.00786900 -0.02032700 -0.00821500
v 0.00786900 -0.02032700 -0.00821500
v 0.00786900 -0.02032700 -0.00821500
v 0.00786900 -0.02032700 -0.00821500
v 0.00786900 -0.02032700 -0.00821500
v 0.00786900 -0.02032700 -0.00821500
v 0.00786900 -0.02032700 -0.00821500
v 0.00786900 -0.02032700 -0.00821500
v 0.00784300 -0.01950800 -0.00863100
v 0.00784300 -0.01950800 -0.00863100
v 0.00784300 -0.01950800 -0.00863100
v 0.00784300 -0.01950800 -0.00863100
v 0.00784300 -0.01950800 -0.00863100
v 0.00355100 -0.03406900 -0.00787000
v 0.00355100 -0.03406900 -0.00787000
v 0.00355100 -0.03406900 -0.00787000
v 0.00355100 -0.03406900 -0.00787000
v 0.00806400 -0.01845000 -0.00860500
v 0.00806400 -0.01845000 -0.00860500
v 0.00806400 -0.01845000 -0.00860500
v 0.00806400 -0.01845000 -0.00860500
v 0.00806400 -0.01845000 -0.00860500
v 0.00806400 -0.01845000 -0.00860500
v 0.00806400 -0.01845000 -0.00860500
v 0.00804200 -0.01682900 -0.00895100
v 0.00804200 -0.01682900 -0.00895100
v 0.00804200 -0.01682900 -0.00895100
v 0.00804200 -0.01682900 -0.00895100
v 0.00804200 -0.01682900 -0.00895100
v 0.00804200 -0.01682900 -0.00895100
v 0.00763900 -0.01674500 -0.00928700
v 0.00763900 -0.01674500 -0.00928700
v 0.00763900 -0.01674500 -0.00928700
v 0.00763900 -0.01674500 -0.00928700
v 0.00763900 -0.01674500 -0.00928700
v 0.00763900 -0.01674500 -0.00928700
v 0.00866100 -0.00406100 -0.00989500
v 0.00866100 -0.00406100 -0.00989500
v 0.00866100 -0.00406100 -0.00989500
v 0.00866100 -0.00406100 -0.00989500
v 0.00866100 -0.00406100 -0.00989500
v 0.00866100 -0.00406100 -0.00989500
v 0.00687900 0.00598700 -0.00654900
v 0.00687900 0.00598700 -0.00654900
v 0.00687900 0.00598700 -0.00654900
v 0.00687900 0.00598700 -0.00654900
v 0.00878800 -0.00201100 -0.01001200
v 0.00878800 -0.00201100 -0.01001200
v 0.00878800 -0.00201100 -0.01001200
v 0.00878800 -0.00201100 -0.01001200
v 0.01024900 -0.00328600 -0.00820100
v 0.01024900 -0.00328600 -0.00820100
v 0.01024900 -0.00328600 -0.00820100
v 0.01024900 -0.00328600 -0.00820100
v 0.01024900 -0.00328600 -0.00820100
v 0.01024900 -0.00328600 -0.00820100
v 0.01024900 -0.00328600 -0.00820100
v 0.01039600 -0.00340200 -0.00776600
v 0.01039600 -0.00340200 -0.00776600
v 0.01039600 -0.00340200 -0.00776600
v 0.01039600 -0.00340200 -0.00776600
v 0.01060200 -0.00355200 -0.00692200
v 0.01060200 -0.00355200 -0.00692200
v 0.01060200 -0.00355200 -0.00692200
v 0.01060200 -0.00355200 -0.00692200
v 0.01060200 -0.00355200 -0.00692200
v 0.01060200 -0.00355200 -0.00692200
v 0.01072900 -0.00363200 -0.00605300
v 0.01072900 -0.00363200 -0.00605300
v 0.01072900 -0.00363200 -0.00605300
v 0.01072900 -0.00363200 -0.00605300
v 0.01072900 -0.00363200 -0.00605300
v 0.01073400 -0.00363600 -0.00600000
v 0.01073400 -0.00363600 -0.00600000
v 0.01073400 -0.00363600 -0.00600000
v 0.01073400 -0.00363600 -0.00600000
v 0.01073400 -0.00363600 -0.00600000
v 0.01073400 -0.00363600 -0.00600000
v 0.01073400 -0.00363600 -0.00600000
v 0.01078200 -0.00363600 -0.00500000
v 0.01078200 -0.00363600 -0.00500000
v 0.01078200 -0.00363600 -0.00500000
v 0.01078200 -0.00363600 -0.00500000
v 0.01078200 -0.00363600 -0.00500000
v 0.01078200 -0.00363600 -0.00500000
v 0.01078200 -0.00363600 -0.00500000
v 0.01078200 -0.00363600 -0.00500000
v 0.01078200 -0.00363600 -0.00500000
v 0.01078200 -0.00363600 -0.00500000
v 0.00900600 -0.00216600 -0.00984300
v 0.00900600 -0.00216600 -0.00984300
v 0.00900600 -0.00216600 -0.00984300
v 0.00900600 -0.00216600 -0.00984300
v 0.00900600 -0.00216600 -0.00984300
v 0.00946900 -0.00261800 -0.00942700
v 0.00946900 -0.00261800 -0.00942700
v 0.00946900 -0.00261800 -0.00942700
v 0.00946900 -0.00261800 -0.00942700
v 0.00946900 -0.00261800 -0.00942700
v 0.00946900 -0.00261800 -0.00942700
v 0.00946900 -0.00261800 -0.00942700
v 0.00958300 -0.00269700 -0.00930500
v 0.00958300 -0.00269700 -0.00930500
v 0.00958300 -0.00269700 -0.00930500
v 0.00958300 -0.00269700 -0.00930500
v 0.00958300 -0.00269700 -0.00930500
v 0.00983000 -0.00297200 -0.00900000
v 0.00983000 -0.00297200 -0.00900000
v 0.00983000 -0.00297200 -0.00900000
v 0.00983000 -0.00297200 -0.00900000
v 0.00983000 -0.00297200 -0.00900000
v 0.00983000 -0.00297200 -0.00900000
v 0.00983000 -0.00297200 -0.00900000
v 0.01001100 -0.00313100 -0.00871900
v 0.01001100 -0.00313100 -0.00871900
v 0.01001100 -0.00313100 -0.00871900
v 0.01001100 -0.00313100 -0.00871900
v 0.01001100 -0.00313100 -0.00871900
v 0.01006500 -0.00315400 -0.00862000
v 0.01006500 -0.00315400 -0.00862000
v 0.01006500 -0.00315400 -0.00862000
v 0.01006500 -0.00315400 -0.00862000
v 0.01006500 -0.00315400 -0.00862000
v 0.01006500 -0.00315400 -0.00862000
v 0.00848300 -0.00175400 0.00022100
v 0.00848300 -0.00175400 0.00022100
v 0.00848300 -0.00175400 0.00022100
v 0.00848300 -0.00175400 0.00022100
v 0.00848300 -0.00175400 0.00022100
v 0.00687900 0.00598700 -0.00345100
v 0.00687900 0.00598700 -0.00345100
v 0.00687900 0.00598700 -0.00345100
v 0.00687900 0.00598700 -0.00345100
v 0.00900600 -0.00216600 -0.00015700
v 0.00900600 -0.00216600 -0.00015700
v 0.00900600 -0.00216600 -0.00015700
v 0.00900600 -0.00216600 -0.00015700
v 0.00900600 -0.00216600 -0.00015700
v 0.00878800 -0.00201100 0.00001200
v 0.00878800 -0.00201100 0.00001200
v 0.00878800 -0.00201100 0.00001200
v 0.00878800 -0.00201100 0.00001200
v 0.00878800 -0.00201100 0.00001200
v 0.01073400 -0.00363600 -0.00400000
v 0.01073400 -0.00363600 -0.00400000
v 0.01073400 -0.00363600 -0.00400000
v 0.01073400 -0.00363600 -0.00400000
v 0.01073400 -0.00363600 -0.00400000
v 0.01073400 -0.00363600 -0.00400000
v 0.01073400 -0.00363600 -0.00400000
v 0.01072900 -0.00363200 -0.00394700
v 0.01072900 -0.00363200 -0.00394700
v 0.01072900 -0.00363200 -0.00394700
v 0.01072900 -0.00363200 -0.00394700
v 0.01072900 -0.00363200 -0.00394700
v 0.01060200 -0.00355200 -0.00307800
v 0.01060200 -0.00355200 -0.00307800
v 0.01060200 -0.00355200 -0.00307800
v 0.01060200 -0.00355200 -0.00307800
v 0.01060200 -0.00355200 -0.00307800
v 0.01060200 -0.00355200 -0.00307800
v 0.01039600 -0.00340200 -0.00223400
v 0.01039600 -0.00340200 -0.00223400
v 0.01039600 -0.00340200 -0.00223400
v 0.01039600 -0.00340200 -0.00223400
v 0.01024900 -0.00328600 -0.00179900
v 0.01024900 -0.00328600 -0.00179900
v 0.01024900 -0.00328600 -0.00179900
v 0.01024900 -0.00328600 -0.00179900
v 0.01024900 -0.00328600 -0.00179900
v 0.01024900 -0.00328600 -0.00179900
v 0.01006500 -0.00315400 -0.00138000
v 0.01006500 -0.00315400 -0.00138000
v 0.01006500 -0.00315400 -0.00138000
v 0.01006500 -0.00315400 -0.00138000
v 0.01006500 -0.00315400 -0.00138000
v 0.01006500 -0.00315400 -0.00138000
v 0.01001100 -0.00313100 -0.00128100
v 0.01001100 -0.00313100 -0.00128100
v 0.01001100 -0.00313100 -0.00128100
v 0.01001100 -0.00313100 -0.00128100
v 0.01001100 -0.00313100 -0.00128100
v 0.00983000 -0.00297200 -0.00100000
v 0.00983000 -0.00297200 -0.00100000
v 0.00983000 -0.00297200 -0.00100000
v 0.00983000 -0.00297200 -0.00100000
v 0.00983000 -0.00297200 -0.00100000
v 0.00983000 -0.00297200 -0.00100000
v 0.00983000 -0.00297200 -0.00100000
v 0.00958300 -0.00269700 -0.00069500
v 0.00958300 -0.00269700 -0.00069500
v 0.00958300 -0.00269700 -0.00069500
v 0.00958300 -0.00269700 -0.00069500
v 0.00958300 -0.00269700 -0.00069500
v 0.00946900 -0.00261800 -0.00057300
v 0.00946900 -0.00261800 -0.00057300
v 0.00946900 -0.00261800 -0.00057300
v 0.00946900 -0.00261800 -0.00057300
v 0.00946900 -0.00261800 -0.00057300
v 0.00946900 -0.00261800 -0.00057300
v 0.00946900 -0.00261800 -0.00057300
v 0.00946900 -0.00261800 -0.00057300
v 0.00765100 -0.01674900 -0.00072000
v 0.00765100 -0.01674900 -0.00072000
v 0.00765100 -0.01674900 -0.00072000
v 0.00765100 -0.01674900 -0.00072000
v 0.00765100 -0.01674900 -0.00072000
v 0.00765100 -0.01674900 -0.00072000
v 0.00765100 -0.01674900 -0.00072000
v 0.00777000 -0.01841900 -0.00103100
v 0.00777000 -0.01841900 -0.00103100
v 0.00777000 -0.01841900 -0.00103100
v 0.00777000 -0.01841900 -0.00103100
v 0.00777000 -0.01841900 -0.00103100
v 0.00777000 -0.01841900 -0.00103100
v 0.00777000 -0.01841900 -0.00103100
v 0.00866100 -0.00406100 -0.00010500
v 0.00866100 -0.00406100 -0.00010500
v 0.00866100 -0.00406100 -0.00010500
v 0.00866100 -0.00406100 -0.00010500
v 0.00866100 -0.00406100 -0.00010500
v 0.00784300 -0.01950800 -0.00136900
v 0.00784300 -0.01950800 -0.00136900
v 0.00784300 -0.01950800 -0.00136900
v 0.00784300 -0.01950800 -0.00136900
v 0.00784300 -0.01950800 -0.00136900
v 0.00784300 -0.01950800 -0.00136900
v 0.00786900 -0.02032700 -0.00178500
v 0.00786900 -0.02032700 -0.00178500
v 0.00786900 -0.02032700 -0.00178500
v 0.00786900 -0.02032700 -0.00178500
v 0.00786900 -0.02032700 -0.00178500
v 0.00786900 -0.02032700 -0.00178500
v 0.00786900 -0.02032700 -0.00178500
v 0.00786900 -0.02032700 -0.00178500
v 0.00786900 -0.02032700 -0.00178500
v 0.00365800 -0.03404200 -0.00234000
v 0.00365800 -0.03404200 -0.00234000
v 0.00365800 -0.03404200 -0.00234000
v 0.00365800 -0.03404200 -0.00234000
v 0.00365800 -0.03404200 -0.00234000
v 0.00365800 -0.03404200 -0.00234000
v 0.00377500 -0.03414000 -0.00279700
v 0.00377500 -0.03414000 -0.00279700
v 0.00377500 -0.03414000 -0.00279700
v 0.00377500 -0.03414000 -0.00279700
v 0.00377500 -0.03414000 -0.00279700
v 0.00376600 -0.03420600 -0.00284100
v 0.00376600 -0.03420600 -0.00284100
v 0.00376600 -0.03420600 -0.00284100
v 0.00376400 -0.03427700 -0.00291500
v 0.00376400 -0.03427700 -0.00291500
v 0.00376400 -0.03427700 -0.00291500
v 0.00376400 -0.03427700 -0.00291500
v 0.00376400 -0.03427700 -0.00291500
v 0.00376400 -0.03427700 -0.00291500
v 0.00376400 -0.03427700 -0.00291500
v 0.00376400 -0.03427700 -0.00291500
v 0.00358700 -0.03505200 -0.00325400
v 0.00358700 -0.03505200 -0.00325400
v 0.00358700 -0.03505200 -0.00325400
v 0.00358700 -0.03505200 -0.00325400
v 0.00358700 -0.03505200 -0.00325400
v 0.00358700 -0.03505200 -0.00325400
v 0.00358700 -0.03505200 -0.00325400
v 0.00358700 -0.03505200 -0.00325400
v 0.00358700 -0.03505200 -0.00325400
v 0.00358700 -0.03505200 -0.00325400
v 0.00359100 -0.03527800 -0.00392600
v 0.00359100 -0.03527800 -0.00392600
v 0.00359100 -0.03527800 -0.00392600
v 0.00359100 -0.03527800 -0.00392600
v 0.00359100 -0.03527800 -0.00392600
v 0.00359100 -0.03527800 -0.00392600
v 0.00359100 -0.03527800 -0.00392600
v 0.00359100 -0.03527800 -0.00392600
v 0.00342500 -0.03560100 -0.00389900
v 0.00342500 -0.03560100 -0.00389900
v 0.00342500 -0.03560100 -0.00389900
v 0.00342500 -0.03560100 -0.00389900
v 0.00342500 -0.03560100 -0.00389900
v 0.00292600 -0.03632300 -0.00394600
v 0.00292600 -0.03632300 -0.00394600
v 0.00292600 -0.03632300 -0.00394600
v 0.00292600 -0.03632300 -0.00394600
v 0.00292600 -0.03632300 -0.00394600
v 0.00292600 -0.03632300 -0.00394600
v 0.00292600 -0.03632300 -0.00394600
v 0.00292600 -0.03632300 -0.00394600
v 0.00253400 -0.03670800 -0.00396100
v 0.00253400 -0.03670800 -0.00396100
v 0.00253400 -0.03670800 -0.00396100
v 0.00253400 -0.03670800 -0.00396100
v 0.00253400 -0.03670800 -0.00396100
v 0.00342800 -0.03561000 -0.00398400
v 0.00342800 -0.03561000 -0.00398400
v 0.00342800 -0.03561000 -0.00398400
v 0.00342800 -0.03561000 -0.00398400
v 0.00342800 -0.03561000 -0.00398400
v 0.00342800 -0.03561000 -0.00398400
v 0.00257700 -0.03673100 -0.00500000
v 0.00257700 -0.03673100 -0.00500000
v 0.00257700 -0.03673100 -0.00500000
v 0.00257700 -0.03673100 -0.00500000
v 0.00257700 -0.03673100 -0.00500000
v 0.00257700 -0.03673100 -0.00500000
v 0.00275000 -0.03650500 -0.00613700
v 0.00275000 -0.03650500 -0.00613700
v 0.00275000 -0.03650500 -0.00613700
v 0.00275000 -0.03650500 -0.00613700
v 0.00275000 -0.03650500 -0.00613700
v 0.00275000 -0.03650500 -0.00613700
v 0.00275000 -0.03650500 -0.00613700
v 0.00275000 -0.03650500 -0.00613700
v 0.00253100 -0.03671300 -0.00603900
v 0.00253100 -0.03671300 -0.00603900
v 0.00253100 -0.03671300 -0.00603900
v 0.00253100 -0.03671300 -0.00603900
v 0.00253100 -0.03671300 -0.00603900
v 0.00231900 -0.03686800 -0.00610600
v 0.00231900 -0.03686800 -0.00610600
v 0.00231900 -0.03686800 -0.00610600
v 0.00231900 -0.03686800 -0.00610600
v 0.00231900 -0.03686800 -0.00610600
v 0.00231900 -0.03686800 -0.00610600
v 0.00225100 -0.03691200 -0.00609900
v 0.00225100 -0.03691200 -0.00609900
v 0.00225100 -0.03691200 -0.00609900
v 0.00225100 -0.03691200 -0.00609900
v 0.00315600 -0.03571200 -0.00714300
v 0.00315600 -0.03571200 -0.00714300
v 0.00315600 -0.03571200 -0.00714300
v 0.00315600 -0.03571200 -0.00714300
v 0.00315600 -0.03571200 -0.00714300
v 0.00315600 -0.03571200 -0.00714300
v 0.00315600 -0.03571200 -0.00714300
v 0.00314700 -0.03555700 -0.00738500
v 0.00314700 -0.03555700 -0.00738500
v 0.00314700 -0.03555700 -0.00738500
v 0.00314700 -0.03555700 -0.00738500
v 0.00314700 -0.03555700 -0.00738500
v 0.00314700 -0.03555700 -0.00738500
v 0.00314700 -0.03555700 -0.00738500
v 0.00289600 -0.03623500 -0.00674600
v 0.00289600 -0.03623500 -0.00674600
v 0.00289600 -0.03623500 -0.00674600
v 0.00289600 -0.03623500 -0.00674600
v 0.00289600 -0.03623500 -0.00674600
v 0.00303600 -0.03605700 -0.00674600
v 0.00303600 -0.03605700 -0.00674600
v 0.00303600 -0.03605700 -0.00674600
v 0.00303600 -0.03605700 -0.00674600
v 0.00303600 -0.03605700 -0.00674600
v 0.00303600 -0.03605700 -0.00674600
v 0.00303600 -0.03605700 -0.00674600
v 0.00342500 -0.03475100 -0.00763900
v 0.00342500 -0.03475100 -0.00763900
v 0.00342500 -0.03475100 -0.00763900
v 0.00342500 -0.03475100 -0.00763900
v 0.00342500 -0.03475100 -0.00763900
v 0.00345500 -0.03451600 -0.00776800
v 0.00345500 -0.03451600 -0.00776800
v 0.00345500 -0.03451600 -0.00776800
v 0.00345500 -0.03451600 -0.00776800
v 0.00345500 -0.03451600 -0.00776800
v 0.00340800 -0.03497200 -0.00746200
v 0.00340800 -0.03497200 -0.00746200
v 0.00340800 -0.03497200 -0.00746200
v 0.00340800 -0.03497200 -0.00746200
v 0.00340800 -0.03497200 -0.00746200
v 0.00340800 -0.03497200 -0.00746200
v 0.00340800 -0.03497200 -0.00746200
v 0.00340800 -0.03497200 -0.00746200
v 0.00794800 -0.02060600 -0.00777400
v 0.00794800 -0.02060600 -0.00777400
v 0.00794800 -0.02060600 -0.00777400
v 0.00794800 -0.02060600 -0.00777400
v 0.00794800 -0.02060600 -0.00777400
v 0.00794800 -0.02060600 -0.00777400
v 0.00804000 -0.02030500 -0.00777700
v 0.00804000 -0.02030500 -0.00777700
v 0.00804000 -0.02030500 -0.00777700
v 0.00804000 -0.02030500 -0.00777700
v 0.00804000 -0.02030500 -0.00777700
v 0.00804000 -0.02030500 -0.00777700
v 0.00809700 -0.01944600 -0.00819500
v 0.00809700 -0.01944600 -0.00819500
v 0.00809700 -0.01944600 -0.00819500
v 0.00809700 -0.01944600 -0.00819500
v 0.00809700 -0.01944600 -0.00819500
v 0.00809700 -0.01944600 -0.00819500
v 0.00365800 -0.03404200 -0.00766000
v 0.00365800 -0.03404200 -0.00766000
v 0.00365800 -0.03404200 -0.00766000
v 0.00365800 -0.03404200 -0.00766000
v 0.00365800 -0.03404200 -0.00766000
v 0.00365800 -0.03404200 -0.00766000
v 0.00827500 -0.01849000 -0.00820500
v 0.00827500 -0.01849000 -0.00820500
v 0.00827500 -0.01849000 -0.00820500
v 0.00827500 -0.01849000 -0.00820500
v 0.00827500 -0.01849000 -0.00820500
v 0.00827500 -0.01849000 -0.00820500
v 0.00833300 -0.01691300 -0.00857900
v 0.00833300 -0.01691300 -0.00857900
v 0.00833300 -0.01691300 -0.00857900
v 0.00833300 -0.01691300 -0.00857900
v 0.00833300 -0.01691300 -0.00857900
v 0.00833300 -0.01691300 -0.00857900
v 0.00833300 -0.01691300 -0.00857900
v 0.00833300 -0.01691300 -0.00857900
v 0.00833300 -0.01691300 -0.00857900
v 0.00930800 -0.00683800 -0.00905400
v 0.00930800 -0.00683800 -0.00905400
v 0.00930800 -0.00683800 -0.00905400
v 0.00930800 -0.00683800 -0.00905400
v 0.00930800 -0.00683800 -0.00905400
v 0.00930800 -0.00683800 -0.00905400
v 0.00930800 -0.00683800 -0.00905400
v 0.00930800 -0.00683800 -0.00905400
v 0.00930800 -0.00683800 -0.00905400
v 0.00888400 -0.00691800 -0.00943100
v 0.00888400 -0.00691800 -0.00943100
v 0.00888400 -0.00691800 -0.00943100
v 0.00888400 -0.00691800 -0.00943100
v 0.00917300 -0.00396800 -0.00953800
v 0.00917300 -0.00396800 -0.00953800
v 0.00917300 -0.00396800 -0.00953800
v 0.00917300 -0.00396800 -0.00953800
v 0.00917300 -0.00396800 -0.00953800
v 0.00917300 -0.00396800 -0.00953800
v 0.01022600 -0.00331300 -0.00827500
v 0.01022600 -0.00331300 -0.00827500
v 0.01022600 -0.00331300 -0.00827500
v 0.01022600 -0.00331300 -0.00827500
v 0.01022600 -0.00331300 -0.00827500
v 0.01025000 -0.00333100 -0.00821600
v 0.01025000 -0.00333100 -0.00821600
v 0.01025000 -0.00333100 -0.00821600
v 0.01025000 -0.00333100 -0.00821600
v 0.01025000 -0.00333100 -0.00821600
v 0.01039900 -0.00344600 -0.00777800
v 0.01039900 -0.00344600 -0.00777800
v 0.01039900 -0.00344600 -0.00777800
v 0.01039900 -0.00344600 -0.00777800
v 0.01039900 -0.00344600 -0.00777800
v 0.01039900 -0.00344600 -0.00777800
v 0.01060600 -0.00360100 -0.00693000
v 0.01060600 -0.00360100 -0.00693000
v 0.01060600 -0.00360100 -0.00693000
v 0.01060600 -0.00360100 -0.00693000
v 0.01060600 -0.00360100 -0.00693000
v 0.01073500 -0.00368100 -0.00605700
v 0.01073500 -0.00368100 -0.00605700
v 0.01073500 -0.00368100 -0.00605700
v 0.01073500 -0.00368100 -0.00605700
v 0.01073500 -0.00368100 -0.00605700
v 0.01073500 -0.00368100 -0.00605700
v 0.01073900 -0.00368100 -0.00602900
v 0.01073900 -0.00368100 -0.00602900
v 0.01073900 -0.00368100 -0.00602900
v 0.01073900 -0.00368100 -0.00602900
v 0.01073900 -0.00368100 -0.00602900
v 0.01073900 -0.00368100 -0.00602900
v 0.01073900 -0.00368100 -0.00602900
v 0.01078800 -0.00365400 -0.00500400
v 0.01078800 -0.00365400 -0.00500400
v 0.01078800 -0.00365400 -0.00500400
v 0.01078800 -0.00365400 -0.00500400
v 0.01078800 -0.00365400 -0.00500400
v 0.01078800 -0.00365400 -0.00500400
v 0.01078500 -0.00364500 -0.00500400
v 0.01078500 -0.00364500 -0.00500400
v 0.01078500 -0.00364500 -0.00500400
v 0.01079100 -0.00366700 -0.00500500
v 0.01079100 -0.00366700 -0.00500500
v 0.01079100 -0.00366700 -0.00500500
v 0.01079100 -0.00366700 -0.00500500
v 0.01079100 -0.00366700 -0.00500500
v 0.01078500 -0.00364500 -0.00499600
v 0.01078500 -0.00364500 -0.00499600
v 0.01078500 -0.00364500 -0.00499600
v 0.00960600 -0.00388000 -0.00914000
v 0.00960600 -0.00388000 -0.00914000
v 0.00960600 -0.00388000 -0.00914000
v 0.00960600 -0.00388000 -0.00914000
v 0.00963600 -0.00676300 -0.00864700
v 0.00963600 -0.00676300 -0.00864700
v 0.00963600 -0.00676300 -0.00864700
v 0.00963600 -0.00676300 -0.00864700
v 0.00963600 -0.00676300 -0.00864700
v 0.00963600 -0.00676300 -0.00864700
v 0.00963600 -0.00676300 -0.00864700
v 0.00994200 -0.00380000 -0.00871200
v 0.00994200 -0.00380000 -0.00871200
v 0.00994200 -0.00380000 -0.00871200
v 0.00994200 -0.00380000 -0.00871200
v 0.01006200 -0.00317600 -0.00862900
v 0.01006200 -0.00317600 -0.00862900
v 0.01006200 -0.00317600 -0.00862900
v 0.01006200 -0.00317600 -0.00862900
v 0.01006200 -0.00317600 -0.00862900
v 0.01006200 -0.00317600 -0.00862900
v 0.00899400 -0.00218800 -0.00014500
v 0.00899400 -0.00218800 -0.00014500
v 0.00899400 -0.00218800 -0.00014500
v 0.00899400 -0.00218800 -0.00014500
v 0.00899400 -0.00218800 -0.00014500
v 0.00899400 -0.00218800 -0.00014500
v 0.01078800 -0.00365400 -0.00499600
v 0.01078800 -0.00365400 -0.00499600
v 0.01078800 -0.00365400 -0.00499600
v 0.01078800 -0.00365400 -0.00499600
v 0.01078800 -0.00365400 -0.00499600
v 0.01079100 -0.00366700 -0.00499500
v 0.01079100 -0.00366700 -0.00499500
v 0.01079100 -0.00366700 -0.00499500
v 0.01079100 -0.00366700 -0.00499500
v 0.01079100 -0.00366700 -0.00499500
v 0.01079100 -0.00366700 -0.00499500
v 0.01073900 -0.00368100 -0.00397100
v 0.01073900 -0.00368100 -0.00397100
v 0.01073900 -0.00368100 -0.00397100
v 0.01073900 -0.00368100 -0.00397100
v 0.01073900 -0.00368100 -0.00397100
v 0.01073900 -0.00368100 -0.00397100
v 0.01073900 -0.00368100 -0.00397100
v 0.01073500 -0.00368100 -0.00394300
v 0.01073500 -0.00368100 -0.00394300
v 0.01073500 -0.00368100 -0.00394300
v 0.01073500 -0.00368100 -0.00394300
v 0.01073500 -0.00368100 -0.00394300
v 0.01073500 -0.00368100 -0.00394300
v 0.01060600 -0.00360100 -0.00307000
v 0.01060600 -0.00360100 -0.00307000
v 0.01060600 -0.00360100 -0.00307000
v 0.01060600 -0.00360100 -0.00307000
v 0.01060600 -0.00360100 -0.00307000
v 0.01039900 -0.00344600 -0.00222200
v 0.01039900 -0.00344600 -0.00222200
v 0.01039900 -0.00344600 -0.00222200
v 0.01039900 -0.00344600 -0.00222200
v 0.01039900 -0.00344600 -0.00222200
v 0.01039900 -0.00344600 -0.00222200
v 0.01025000 -0.00333100 -0.00178400
v 0.01025000 -0.00333100 -0.00178400
v 0.01025000 -0.00333100 -0.00178400
v 0.01025000 -0.00333100 -0.00178400
v 0.01025000 -0.00333100 -0.00178400
v 0.01025000 -0.00333100 -0.00178400
v 0.01006200 -0.00317600 -0.00137100
v 0.01006200 -0.00317600 -0.00137100
v 0.01006200 -0.00317600 -0.00137100
v 0.01006200 -0.00317600 -0.00137100
v 0.01006200 -0.00317600 -0.00137100
v 0.01006200 -0.00317600 -0.00137100
v 0.00994200 -0.00380000 -0.00128800
v 0.00994200 -0.00380000 -0.00128800
v 0.00994200 -0.00380000 -0.00128800
v 0.00994200 -0.00380000 -0.00128800
v 0.00963600 -0.00676300 -0.00135300
v 0.00963600 -0.00676300 -0.00135300
v 0.00963600 -0.00676300 -0.00135300
v 0.00963600 -0.00676300 -0.00135300
v 0.00963600 -0.00676300 -0.00135300
v 0.00963600 -0.00676300 -0.00135300
v 0.00963600 -0.00676300 -0.00135300
v 0.00930800 -0.00683800 -0.00094600
v 0.00930800 -0.00683800 -0.00094600
v 0.00930800 -0.00683800 -0.00094600
v 0.00930800 -0.00683800 -0.00094600
v 0.00930800 -0.00683800 -0.00094600
v 0.00930800 -0.00683800 -0.00094600
v 0.00930800 -0.00683800 -0.00094600
v 0.00930800 -0.00683800 -0.00094600
v 0.00930800 -0.00683800 -0.00094600
v 0.00960600 -0.00388000 -0.00086000
v 0.00960600 -0.00388000 -0.00086000
v 0.00960600 -0.00388000 -0.00086000
v 0.00960600 -0.00388000 -0.00086000
v 0.00917300 -0.00396800 -0.00046200
v 0.00917300 -0.00396800 -0.00046200
v 0.00917300 -0.00396800 -0.00046200
v 0.00917300 -0.00396800 -0.00046200
v 0.00917300 -0.00396800 -0.00046200
v 0.00804900 -0.01682900 -0.00105600
v 0.00804900 -0.01682900 -0.00105600
v 0.00804900 -0.01682900 -0.00105600
v 0.00804900 -0.01682900 -0.00105600
v 0.00804900 -0.01682900 -0.00105600
v 0.00804900 -0.01682900 -0.00105600
v 0.00888400 -0.00691800 -0.00056900
v 0.00888400 -0.00691800 -0.00056900
v 0.00888400 -0.00691800 -0.00056900
v 0.00888400 -0.00691800 -0.00056900
v 0.00806700 -0.01845000 -0.00139900
v 0.00806700 -0.01845000 -0.00139900
v 0.00806700 -0.01845000 -0.00139900
v 0.00806700 -0.01845000 -0.00139900
v 0.00806700 -0.01845000 -0.00139900
v 0.00806700 -0.01845000 -0.00139900
v 0.00808400 -0.01945100 -0.00177800
v 0.00808400 -0.01945100 -0.00177800
v 0.00808400 -0.01945100 -0.00177800
v 0.00808400 -0.01945100 -0.00177800
v 0.00808400 -0.01945100 -0.00177800
v 0.00809700 -0.01944600 -0.00180500
v 0.00809700 -0.01944600 -0.00180500
v 0.00809700 -0.01944600 -0.00180500
v 0.00809700 -0.01944600 -0.00180500
v 0.00809700 -0.01944600 -0.00180500
v 0.00804000 -0.02030500 -0.00222300
v 0.00804000 -0.02030500 -0.00222300
v 0.00804000 -0.02030500 -0.00222300
v 0.00804000 -0.02030500 -0.00222300
v 0.00804000 -0.02030500 -0.00222300
v 0.00804000 -0.02030500 -0.00222300
v 0.00796100 -0.02057100 -0.00222400
v 0.00796100 -0.02057100 -0.00222400
v 0.00796100 -0.02057100 -0.00222400
v 0.00796100 -0.02057100 -0.00222400
v 0.00796100 -0.02057100 -0.00222400
v 0.00796100 -0.02057100 -0.00222400
v 0.00376900 -0.03432600 -0.00299600
v 0.00376900 -0.03432600 -0.00299600
v 0.00376900 -0.03432600 -0.00299600
v 0.00376900 -0.03432600 -0.00299600
v 0.00821100 -0.02051300 -0.00310100
v 0.00821100 -0.02051300 -0.00310100
v 0.00821100 -0.02051300 -0.00310100
v 0.00821100 -0.02051300 -0.00310100
v 0.00821100 -0.02051300 -0.00310100
v 0.00821100 -0.02051300 -0.00310100
v 0.00821100 -0.02051300 -0.00310100
v 0.00821100 -0.02051300 -0.00310100
v 0.00821100 -0.02051300 -0.00310100
v 0.00821100 -0.02051300 -0.00310100
v 0.00377900 -0.03436100 -0.00308900
v 0.00377900 -0.03436100 -0.00308900
v 0.00377900 -0.03436100 -0.00308900
v 0.00377900 -0.03436100 -0.00308900
v 0.00381100 -0.03437000 -0.00325500
v 0.00381100 -0.03437000 -0.00325500
v 0.00381100 -0.03437000 -0.00325500
v 0.00381100 -0.03437000 -0.00325500
v 0.00388000 -0.03435200 -0.00362100
v 0.00388000 -0.03435200 -0.00362100
v 0.00388000 -0.03435200 -0.00362100
v 0.00388000 -0.03435200 -0.00362100
v 0.00388000 -0.03435200 -0.00362100
v 0.00374200 -0.03491900 -0.00395700
v 0.00374200 -0.03491900 -0.00395700
v 0.00374200 -0.03491900 -0.00395700
v 0.00374200 -0.03491900 -0.00395700
v 0.00374200 -0.03491900 -0.00395700
v 0.00374200 -0.03491900 -0.00395700
v 0.00374200 -0.03491900 -0.00395700
v 0.00364200 -0.03518100 -0.00402300
v 0.00364200 -0.03518100 -0.00402300
v 0.00364200 -0.03518100 -0.00402300
v 0.00364200 -0.03518100 -0.00402300
v 0.00370000 -0.03517200 -0.00500000
v 0.00370000 -0.03517200 -0.00500000
v 0.00370000 -0.03517200 -0.00500000
v 0.00370000 -0.03517200 -0.00500000
v 0.00370000 -0.03517200 -0.00500000
v 0.00370000 -0.03517200 -0.00500000
v 0.00370000 -0.03517200 -0.00500000
v 0.00370000 -0.03517200 -0.00500000
v 0.00370000 -0.03517200 -0.00500000
v 0.00370000 -0.03517200 -0.00500000
v 0.00369100 -0.03518900 -0.00499000
v 0.00369100 -0.03518900 -0.00499000
v 0.00369100 -0.03518900 -0.00499000
v 0.00369100 -0.03518900 -0.00499000
v 0.00369100 -0.03518900 -0.00499000
v 0.00294400 -0.03637600 -0.00500000
v 0.00294400 -0.03637600 -0.00500000
v 0.00294400 -0.03637600 -0.00500000
v 0.00294400 -0.03637600 -0.00500000
v 0.00294400 -0.03637600 -0.00500000
v 0.00294400 -0.03637600 -0.00500000
v 0.00291800 -0.03640300 -0.00499000
v 0.00291800 -0.03640300 -0.00499000
v 0.00291800 -0.03640300 -0.00499000
v 0.00291800 -0.03640300 -0.00499000
v 0.00291800 -0.03640300 -0.00499000
v 0.00324600 -0.03599100 -0.00500000
v 0.00324600 -0.03599100 -0.00500000
v 0.00324600 -0.03599100 -0.00500000
v 0.00324600 -0.03599100 -0.00500000
v 0.00324600 -0.03599100 -0.00500000
v 0.00324600 -0.03599100 -0.00500000
v 0.00324600 -0.03599100 -0.00500000
v 0.00324600 -0.03599100 -0.00500000
v 0.00322900 -0.03601300 -0.00499000
v 0.00322900 -0.03601300 -0.00499000
v 0.00322900 -0.03601300 -0.00499000
v 0.00322900 -0.03601300 -0.00499000
v 0.00291800 -0.03640300 -0.00501000
v 0.00291800 -0.03640300 -0.00501000
v 0.00291800 -0.03640300 -0.00501000
v 0.00291800 -0.03640300 -0.00501000
v 0.00291800 -0.03640300 -0.00501000
v 0.00292300 -0.03632800 -0.00605400
v 0.00292300 -0.03632800 -0.00605400
v 0.00292300 -0.03632800 -0.00605400
v 0.00292300 -0.03632800 -0.00605400
v 0.00292300 -0.03632800 -0.00605400
v 0.00292300 -0.03632800 -0.00605400
v 0.00291700 -0.03632300 -0.00614100
v 0.00291700 -0.03632300 -0.00614100
v 0.00291700 -0.03632300 -0.00614100
v 0.00291700 -0.03632300 -0.00614100
v 0.00291700 -0.03632300 -0.00614100
v 0.00347300 -0.03531800 -0.00674600
v 0.00347300 -0.03531800 -0.00674600
v 0.00347300 -0.03531800 -0.00674600
v 0.00347300 -0.03531800 -0.00674600
v 0.00347300 -0.03531800 -0.00674600
v 0.00347300 -0.03531800 -0.00674600
v 0.00342200 -0.03526000 -0.00706600
v 0.00342200 -0.03526000 -0.00706600
v 0.00342200 -0.03526000 -0.00706600
v 0.00342200 -0.03526000 -0.00706600
v 0.00342200 -0.03526000 -0.00706600
v 0.00342200 -0.03526000 -0.00706600
v 0.00340800 -0.03514500 -0.00726200
v 0.00340800 -0.03514500 -0.00726200
v 0.00340800 -0.03514500 -0.00726200
v 0.00340800 -0.03514500 -0.00726200
v 0.00340800 -0.03514500 -0.00726200
v 0.00314800 -0.03603100 -0.00613400
v 0.00314800 -0.03603100 -0.00613400
v 0.00314800 -0.03603100 -0.00613400
v 0.00314800 -0.03603100 -0.00613400
v 0.00314800 -0.03603100 -0.00613400
v 0.00314800 -0.03603100 -0.00613400
v 0.00314800 -0.03603100 -0.00613400
v 0.00342000 -0.03561000 -0.00610300
v 0.00342000 -0.03561000 -0.00610300
v 0.00342000 -0.03561000 -0.00610300
v 0.00342000 -0.03561000 -0.00610300
v 0.00342000 -0.03561000 -0.00610300
v 0.00376400 -0.03427700 -0.00708500
v 0.00376400 -0.03427700 -0.00708500
v 0.00376400 -0.03427700 -0.00708500
v 0.00376400 -0.03427700 -0.00708500
v 0.00376400 -0.03427700 -0.00708500
v 0.00376400 -0.03427700 -0.00708500
v 0.00376400 -0.03427700 -0.00708500
v 0.00376400 -0.03427700 -0.00708500
v 0.00376600 -0.03420600 -0.00715900
v 0.00376600 -0.03420600 -0.00715900
v 0.00376600 -0.03420600 -0.00715900
v 0.00377500 -0.03414000 -0.00720300
v 0.00377500 -0.03414000 -0.00720300
v 0.00377500 -0.03414000 -0.00720300
v 0.00377500 -0.03414000 -0.00720300
v 0.00377500 -0.03414000 -0.00720300
v 0.00819600 -0.02055300 -0.00691500
v 0.00819600 -0.02055300 -0.00691500
v 0.00819600 -0.02055300 -0.00691500
v 0.00819600 -0.02055300 -0.00691500
v 0.00819600 -0.02055300 -0.00691500
v 0.00819600 -0.02055300 -0.00691500
v 0.00819600 -0.02055300 -0.00691500
v 0.00819600 -0.02055300 -0.00691500
v 0.00819600 -0.02055300 -0.00691500
v 0.00819600 -0.02055300 -0.00691500
v 0.00850100 -0.01932700 -0.00692200
v 0.00850100 -0.01932700 -0.00692200
v 0.00850100 -0.01932700 -0.00692200
v 0.00850100 -0.01932700 -0.00692200
v 0.00850100 -0.01932700 -0.00692200
v 0.00850100 -0.01932700 -0.00692200
v 0.00850100 -0.01932700 -0.00692200
v 0.00826100 -0.01940200 -0.00777800
v 0.00826100 -0.01940200 -0.00777800
v 0.00826100 -0.01940200 -0.00777800
v 0.00826100 -0.01940200 -0.00777800
v 0.00826100 -0.01940200 -0.00777800
v 0.00826100 -0.01940200 -0.00777800
v 0.00866400 -0.01707700 -0.00777900
v 0.00866400 -0.01707700 -0.00777900
v 0.00866400 -0.01707700 -0.00777900
v 0.00866400 -0.01707700 -0.00777900
v 0.00866400 -0.01707700 -0.00777900
v 0.00866400 -0.01707700 -0.00777900
v 0.00852800 -0.01700200 -0.00818200
v 0.00852800 -0.01700200 -0.00818200
v 0.00852800 -0.01700200 -0.00818200
v 0.00852800 -0.01700200 -0.00818200
v 0.00852800 -0.01700200 -0.00818200
v 0.00915000 -0.01267900 -0.00815300
v 0.00915000 -0.01267900 -0.00815300
v 0.00915000 -0.01267900 -0.00815300
v 0.00915000 -0.01267900 -0.00815300
v 0.00915000 -0.01267900 -0.00815300
v 0.00914100 -0.01267900 -0.00816900
v 0.00914100 -0.01267900 -0.00816900
v 0.00914100 -0.01267900 -0.00816900
v 0.00914100 -0.01267900 -0.00816900
v 0.00914100 -0.01267900 -0.00816900
v 0.00895100 -0.01269300 -0.00850200
v 0.00895100 -0.01269300 -0.00850200
v 0.00895100 -0.01269300 -0.00850200
v 0.00927400 -0.00983200 -0.00859300
v 0.00927400 -0.00983200 -0.00859300
v 0.00927400 -0.00983200 -0.00859300
v 0.00927400 -0.00983200 -0.00859300
v 0.00927400 -0.00983200 -0.00859300
v 0.00927400 -0.00983200 -0.00859300
v 0.00986900 -0.00669600 -0.00822100
v 0.00986900 -0.00669600 -0.00822100
v 0.00986900 -0.00669600 -0.00822100
v 0.00986900 -0.00669600 -0.00822100
v 0.00986900 -0.00669600 -0.00822100
v 0.00986900 -0.00669600 -0.00822100
v 0.00986900 -0.00669600 -0.00822100
v 0.01004700 -0.00656400 -0.00777800
v 0.01004700 -0.00656400 -0.00777800
v 0.01004700 -0.00656400 -0.00777800
v 0.01004700 -0.00656400 -0.00777800
v 0.01004700 -0.00656400 -0.00777800
v 0.01004700 -0.00656400 -0.00777800
v 0.01028500 -0.00647900 -0.00691200
v 0.01028500 -0.00647900 -0.00691200
v 0.01028500 -0.00647900 -0.00691200
v 0.01028500 -0.00647900 -0.00691200
v 0.01028500 -0.00647900 -0.00691200
v 0.01028500 -0.00647900 -0.00691200
v 0.01028500 -0.00647900 -0.00691200
v 0.01029500 -0.00754700 -0.00600700
v 0.01029500 -0.00754700 -0.00600700
v 0.01029500 -0.00754700 -0.00600700
v 0.01029500 -0.00754700 -0.00600700
v 0.01029500 -0.00754700 -0.00600700
v 0.01029500 -0.00754700 -0.00600700
v 0.01029500 -0.00754700 -0.00600700
v 0.01029500 -0.00754700 -0.00600700
v 0.01074000 -0.00368500 -0.00600100
v 0.01074000 -0.00368500 -0.00600100
v 0.01074000 -0.00368500 -0.00600100
v 0.01074000 -0.00368500 -0.00600100
v 0.01079300 -0.00368100 -0.00500000
v 0.01079300 -0.00368100 -0.00500000
v 0.01079300 -0.00368100 -0.00500000
v 0.01079300 -0.00368100 -0.00500000
v 0.01079300 -0.00368100 -0.00500000
v 0.01079300 -0.00368100 -0.00500000
v 0.01079300 -0.00368100 -0.00500000
v 0.01079300 -0.00368100 -0.00500000
v 0.00951000 -0.00977400 -0.00818700
v 0.00951000 -0.00977400 -0.00818700
v 0.00951000 -0.00977400 -0.00818700
v 0.00951000 -0.00977400 -0.00818700
v 0.00951000 -0.00977400 -0.00818700
v 0.00951000 -0.00977400 -0.00818700
v 0.00951000 -0.00977400 -0.00818700
v 0.01074000 -0.00368500 -0.00399900
v 0.01074000 -0.00368500 -0.00399900
v 0.01074000 -0.00368500 -0.00399900
v 0.01074000 -0.00368500 -0.00399900
v 0.01056100 -0.00527500 -0.00399700
v 0.01056100 -0.00527500 -0.00399700
v 0.01056100 -0.00527500 -0.00399700
v 0.01056100 -0.00527500 -0.00399700
v 0.01056100 -0.00527500 -0.00399700
v 0.01056100 -0.00527500 -0.00399700
v 0.01056100 -0.00527500 -0.00399700
v 0.01028500 -0.00647900 -0.00308800
v 0.01028500 -0.00647900 -0.00308800
v 0.01028500 -0.00647900 -0.00308800
v 0.01028500 -0.00647900 -0.00308800
v 0.01028500 -0.00647900 -0.00308800
v 0.01028500 -0.00647900 -0.00308800
v 0.01028500 -0.00647900 -0.00308800
v 0.01028500 -0.00647900 -0.00308800
v 0.01004700 -0.00656400 -0.00222200
v 0.01004700 -0.00656400 -0.00222200
v 0.01004700 -0.00656400 -0.00222200
v 0.01004700 -0.00656400 -0.00222200
v 0.01004700 -0.00656400 -0.00222200
v 0.01004700 -0.00656400 -0.00222200
v 0.00986900 -0.00669600 -0.00177900
v 0.00986900 -0.00669600 -0.00177900
v 0.00986900 -0.00669600 -0.00177900
v 0.00986900 -0.00669600 -0.00177900
v 0.00986900 -0.00669600 -0.00177900
v 0.00986900 -0.00669600 -0.00177900
v 0.00951000 -0.00977400 -0.00181300
v 0.00951000 -0.00977400 -0.00181300
v 0.00951000 -0.00977400 -0.00181300
v 0.00951000 -0.00977400 -0.00181300
v 0.00951000 -0.00977400 -0.00181300
v 0.00951000 -0.00977400 -0.00181300
v 0.00927400 -0.00983200 -0.00140700
v 0.00927400 -0.00983200 -0.00140700
v 0.00927400 -0.00983200 -0.00140700
v 0.00927400 -0.00983200 -0.00140700
v 0.00927400 -0.00983200 -0.00140700
v 0.00927400 -0.00983200 -0.00140700
v 0.00833600 -0.01691300 -0.00142500
v 0.00833600 -0.01691300 -0.00142500
v 0.00833600 -0.01691300 -0.00142500
v 0.00833600 -0.01691300 -0.00142500
v 0.00833600 -0.01691300 -0.00142500
v 0.00833600 -0.01691300 -0.00142500
v 0.00833600 -0.01691300 -0.00142500
v 0.00833600 -0.01691300 -0.00142500
v 0.00827600 -0.01849000 -0.00179800
v 0.00827600 -0.01849000 -0.00179800
v 0.00827600 -0.01849000 -0.00179800
v 0.00827600 -0.01849000 -0.00179800
v 0.00827600 -0.01849000 -0.00179800
v 0.00827600 -0.01849000 -0.00179800
v 0.00827600 -0.01849000 -0.00179800
v 0.00826100 -0.01940200 -0.00222200
v 0.00826100 -0.01940200 -0.00222200
v 0.00826100 -0.01940200 -0.00222200
v 0.00826100 -0.01940200 -0.00222200
v 0.00826100 -0.01940200 -0.00222200
v 0.00850100 -0.01932700 -0.00307800
v 0.00850100 -0.01932700 -0.00307800
v 0.00850100 -0.01932700 -0.00307800
v 0.00850100 -0.01932700 -0.00307800
v 0.00850100 -0.01932700 -0.00307800
v 0.00850100 -0.01932700 -0.00307800
v 0.00850100 -0.01932700 -0.00307800
v 0.00850100 -0.01932700 -0.00307800
v 0.00838900 -0.02036300 -0.00393200
v 0.00838900 -0.02036300 -0.00393200
v 0.00838900 -0.02036300 -0.00393200
v 0.00838900 -0.02036300 -0.00393200
v 0.00838900 -0.02036300 -0.00393200
v 0.00838900 -0.02036300 -0.00393200
v 0.00838900 -0.02036300 -0.00393200
v 0.00822500 -0.02089000 -0.00394000
v 0.00822500 -0.02089000 -0.00394000
v 0.00822500 -0.02089000 -0.00394000
v 0.00822500 -0.02089000 -0.00394000
v 0.00822500 -0.02089000 -0.00394000
v 0.00822500 -0.02089000 -0.00394000
v 0.00374600 -0.03492800 -0.00404400
v 0.00374600 -0.03492800 -0.00404400
v 0.00374600 -0.03492800 -0.00404400
v 0.00374600 -0.03492800 -0.00404400
v 0.00374600 -0.03492800 -0.00404400
v 0.00374600 -0.03492800 -0.00404400
v 0.00394000 -0.03432600 -0.00403100
v 0.00394000 -0.03432600 -0.00403100
v 0.00394000 -0.03432600 -0.00403100
v 0.00394000 -0.03432600 -0.00403100
v 0.00394000 -0.03432600 -0.00403100
v 0.00398800 -0.03433000 -0.00499000
v 0.00398800 -0.03433000 -0.00499000
v 0.00398800 -0.03433000 -0.00499000
v 0.00398800 -0.03433000 -0.00499000
v 0.00398800 -0.03433000 -0.00499000
v 0.00398800 -0.03433000 -0.00501000
v 0.00398800 -0.03433000 -0.00501000
v 0.00398800 -0.03433000 -0.00501000
v 0.00398800 -0.03433000 -0.00501000
v 0.00398800 -0.03433000 -0.00501000
v 0.00374200 -0.03494100 -0.00595700
v 0.00374200 -0.03494100 -0.00595700
v 0.00374200 -0.03494100 -0.00595700
v 0.00374200 -0.03494100 -0.00595700
v 0.00374200 -0.03494100 -0.00595700
v 0.00374200 -0.03494100 -0.00595700
v 0.00364200 -0.03518100 -0.00597700
v 0.00364200 -0.03518100 -0.00597700
v 0.00364200 -0.03518100 -0.00597700
v 0.00359100 -0.03527800 -0.00607300
v 0.00359100 -0.03527800 -0.00607300
v 0.00359100 -0.03527800 -0.00607300
v 0.00359100 -0.03527800 -0.00607300
v 0.00359100 -0.03527800 -0.00607300
v 0.00359100 -0.03527800 -0.00607300
v 0.00359100 -0.03527800 -0.00607300
v 0.00369100 -0.03518900 -0.00501000
v 0.00369100 -0.03518900 -0.00501000
v 0.00369100 -0.03518900 -0.00501000
v 0.00369100 -0.03518900 -0.00501000
v 0.00369100 -0.03518900 -0.00501000
v 0.00369100 -0.03518900 -0.00501000
v 0.00322900 -0.03601300 -0.00501000
v 0.00322900 -0.03601300 -0.00501000
v 0.00322900 -0.03601300 -0.00501000
v 0.00322900 -0.03601300 -0.00501000
v 0.00322900 -0.03601300 -0.00501000
v 0.00342300 -0.03561900 -0.00601600
v 0.00342300 -0.03561900 -0.00601600
v 0.00342300 -0.03561900 -0.00601600
v 0.00342300 -0.03561900 -0.00601600
v 0.00342300 -0.03561900 -0.00601600
v 0.00348800 -0.03528700 -0.00674600
v 0.00348800 -0.03528700 -0.00674600
v 0.00348800 -0.03528700 -0.00674600
v 0.00348800 -0.03528700 -0.00674600
v 0.00348800 -0.03528700 -0.00674600
v 0.00349500 -0.03547300 -0.00609000
v 0.00349500 -0.03547300 -0.00609000
v 0.00349500 -0.03547300 -0.00609000
v 0.00349500 -0.03547300 -0.00609000
v 0.00349500 -0.03547300 -0.00609000
v 0.00349500 -0.03547300 -0.00609000
v 0.00358700 -0.03505200 -0.00674600
v 0.00358700 -0.03505200 -0.00674600
v 0.00358700 -0.03505200 -0.00674600
v 0.00358700 -0.03505200 -0.00674600
v 0.00358700 -0.03505200 -0.00674600
v 0.00358700 -0.03505200 -0.00674600
v 0.00358700 -0.03505200 -0.00674600
v 0.00358700 -0.03505200 -0.00674600
v 0.00358700 -0.03505200 -0.00674600
v 0.00358700 -0.03505200 -0.00674600
v 0.00358700 -0.03505200 -0.00674600
v 0.00376900 -0.03432600 -0.00700400
v 0.00376900 -0.03432600 -0.00700400
v 0.00376900 -0.03432600 -0.00700400
v 0.00376900 -0.03432600 -0.00700400
v 0.00832900 -0.02056700 -0.00606500
v 0.00832900 -0.02056700 -0.00606500
v 0.00832900 -0.02056700 -0.00606500
v 0.00832900 -0.02056700 -0.00606500
v 0.00832900 -0.02056700 -0.00606500
v 0.00832900 -0.02056700 -0.00606500
v 0.00832900 -0.02056700 -0.00606500
v 0.00832900 -0.02056700 -0.00606500
v 0.00861900 -0.01941500 -0.00606900
v 0.00861900 -0.01941500 -0.00606900
v 0.00861900 -0.01941500 -0.00606900
v 0.00861900 -0.01941500 -0.00606900
v 0.00861900 -0.01941500 -0.00606900
v 0.00861900 -0.01941500 -0.00606900
v 0.00377900 -0.03436100 -0.00691100
v 0.00377900 -0.03436100 -0.00691100
v 0.00377900 -0.03436100 -0.00691100
v 0.00377900 -0.03436100 -0.00691100
v 0.00381100 -0.03437000 -0.00674500
v 0.00381100 -0.03437000 -0.00674500
v 0.00381100 -0.03437000 -0.00674500
v 0.00381100 -0.03437000 -0.00674500
v 0.00388000 -0.03435200 -0.00637900
v 0.00388000 -0.03435200 -0.00637900
v 0.00388000 -0.03435200 -0.00637900
v 0.00388000 -0.03435200 -0.00637900
v 0.00388000 -0.03435200 -0.00637900
v 0.00864600 -0.01928700 -0.00606800
v 0.00864600 -0.01928700 -0.00606800
v 0.00864600 -0.01928700 -0.00606800
v 0.00864600 -0.01928700 -0.00606800
v 0.00865200 -0.01925600 -0.00606800
v 0.00865200 -0.01925600 -0.00606800
v 0.00865200 -0.01925600 -0.00606800
v 0.00865200 -0.01925600 -0.00606800
v 0.00865200 -0.01925600 -0.00606800
v 0.00877900 -0.01775900 -0.00691200
v 0.00877900 -0.01775900 -0.00691200
v 0.00877900 -0.01775900 -0.00691200
v 0.00877900 -0.01775900 -0.00691200
v 0.00877900 -0.01775900 -0.00691200
v 0.00877900 -0.01775900 -0.00691200
v 0.00877900 -0.01775900 -0.00691200
v 0.00920300 -0.01494200 -0.00691200
v 0.00920300 -0.01494200 -0.00691200
v 0.00920300 -0.01494200 -0.00691200
v 0.00920300 -0.01494200 -0.00691200
v 0.00920300 -0.01494200 -0.00691200
v 0.00920300 -0.01494200 -0.00691200
v 0.00920300 -0.01494200 -0.00691200
v 0.00920300 -0.01494200 -0.00691200
v 0.00929000 -0.01267500 -0.00778000
v 0.00929000 -0.01267500 -0.00778000
v 0.00929000 -0.01267500 -0.00778000
v 0.00929000 -0.01267500 -0.00778000
v 0.00929000 -0.01267500 -0.00778000
v 0.00929000 -0.01267500 -0.00778000
v 0.00966900 -0.00972100 -0.00777900
v 0.00966900 -0.00972100 -0.00777900
v 0.00966900 -0.00972100 -0.00777900
v 0.00966900 -0.00972100 -0.00777900
v 0.00966900 -0.00972100 -0.00777900
v 0.00966900 -0.00972100 -0.00777900
v 0.00980900 -0.01141700 -0.00607800
v 0.00980900 -0.01141700 -0.00607800
v 0.00980900 -0.01141700 -0.00607800
v 0.00980900 -0.01141700 -0.00607800
v 0.00980900 -0.01141700 -0.00607800
v 0.00980400 -0.01148800 -0.00602200
v 0.00980400 -0.01148800 -0.00602200
v 0.00980400 -0.01148800 -0.00602200
v 0.00980400 -0.01148800 -0.00602200
v 0.00980400 -0.01148800 -0.00602200
v 0.00980400 -0.01148800 -0.00602200
v 0.01019000 -0.00884900 -0.00500500
v 0.01019000 -0.00884900 -0.00500500
v 0.01019000 -0.00884900 -0.00500500
v 0.01019000 -0.00884900 -0.00500500
v 0.01019000 -0.00884900 -0.00500500
v 0.01079100 -0.00369400 -0.00500500
v 0.01079100 -0.00369400 -0.00500500
v 0.01079100 -0.00369400 -0.00500500
v 0.01079100 -0.00369400 -0.00500500
v 0.01079100 -0.00369400 -0.00500500
v 0.01079100 -0.00369400 -0.00499500
v 0.01079100 -0.00369400 -0.00499500
v 0.01079100 -0.00369400 -0.00499500
v 0.01079100 -0.00369400 -0.00499500
v 0.01079100 -0.00369400 -0.00499500
v 0.01019000 -0.00884900 -0.00499500
v 0.01019000 -0.00884900 -0.00499500
v 0.01019000 -0.00884900 -0.00499500
v 0.01019000 -0.00884900 -0.00499500
v 0.01019000 -0.00884900 -0.00499500
v 0.00993300 -0.01047800 -0.00398200
v 0.00993300 -0.01047800 -0.00398200
v 0.00993300 -0.01047800 -0.00398200
v 0.00993300 -0.01047800 -0.00398200
v 0.00993300 -0.01047800 -0.00398200
v 0.00993300 -0.01047800 -0.00398200
v 0.00980900 -0.01141700 -0.00392200
v 0.00980900 -0.01141700 -0.00392200
v 0.00980900 -0.01141700 -0.00392200
v 0.00980900 -0.01141700 -0.00392200
v 0.00980900 -0.01141700 -0.00392200
v 0.00980900 -0.01141700 -0.00392200
v 0.00920300 -0.01494200 -0.00308800
v 0.00920300 -0.01494200 -0.00308800
v 0.00920300 -0.01494200 -0.00308800
v 0.00920300 -0.01494200 -0.00308800
v 0.00920300 -0.01494200 -0.00308800
v 0.00920300 -0.01494200 -0.00308800
v 0.00920300 -0.01494200 -0.00308800
v 0.00920300 -0.01494200 -0.00308800
v 0.00966900 -0.00972100 -0.00222100
v 0.00966900 -0.00972100 -0.00222100
v 0.00966900 -0.00972100 -0.00222100
v 0.00966900 -0.00972100 -0.00222100
v 0.00966900 -0.00972100 -0.00222100
v 0.00966900 -0.00972100 -0.00222100
v 0.00929000 -0.01267500 -0.00222000
v 0.00929000 -0.01267500 -0.00222000
v 0.00929000 -0.01267500 -0.00222000
v 0.00929000 -0.01267500 -0.00222000
v 0.00929000 -0.01267500 -0.00222000
v 0.00929000 -0.01267500 -0.00222000
v 0.00914100 -0.01267900 -0.00183100
v 0.00914100 -0.01267900 -0.00183100
v 0.00914100 -0.01267900 -0.00183100
v 0.00914100 -0.01267900 -0.00183100
v 0.00914100 -0.01267900 -0.00183100
v 0.00914100 -0.01267900 -0.00183100
v 0.00895100 -0.01269300 -0.00149800
v 0.00895100 -0.01269300 -0.00149800
v 0.00895100 -0.01269300 -0.00149800
v 0.00853000 -0.01700600 -0.00182000
v 0.00853000 -0.01700600 -0.00182000
v 0.00853000 -0.01700600 -0.00182000
v 0.00853000 -0.01700600 -0.00182000
v 0.00853000 -0.01700600 -0.00182000
v 0.00853000 -0.01700600 -0.00182000
v 0.00842500 -0.01853400 -0.00222200
v 0.00842500 -0.01853400 -0.00222200
v 0.00842500 -0.01853400 -0.00222200
v 0.00842500 -0.01853400 -0.00222200
v 0.00842500 -0.01853400 -0.00222200
v 0.00842500 -0.01853400 -0.00222200
v 0.00865200 -0.01925600 -0.00393200
v 0.00865200 -0.01925600 -0.00393200
v 0.00865200 -0.01925600 -0.00393200
v 0.00865200 -0.01925600 -0.00393200
v 0.00865200 -0.01925600 -0.00393200
v 0.00864600 -0.01928700 -0.00393200
v 0.00864600 -0.01928700 -0.00393200
v 0.00864600 -0.01928700 -0.00393200
v 0.00864600 -0.01928700 -0.00393200
v 0.00877900 -0.01775900 -0.00308800
v 0.00877900 -0.01775900 -0.00308800
v 0.00877900 -0.01775900 -0.00308800
v 0.00877900 -0.01775900 -0.00308800
v 0.00877900 -0.01775900 -0.00308800
v 0.00877900 -0.01775900 -0.00308800
v 0.00877900 -0.01775900 -0.00308800
v 0.00836200 -0.02047400 -0.00399000
v 0.00836200 -0.02047400 -0.00399000
v 0.00836200 -0.02047400 -0.00399000
v 0.00836200 -0.02047400 -0.00399000
v 0.00836200 -0.02047400 -0.00399000
v 0.00836200 -0.02047400 -0.00399000
v 0.00865000 -0.01928700 -0.00398800
v 0.00865000 -0.01928700 -0.00398800
v 0.00865000 -0.01928700 -0.00398800
v 0.00865000 -0.01928700 -0.00398800
v 0.00865000 -0.01928700 -0.00398800
v 0.00858100 -0.01984900 -0.00500200
v 0.00858100 -0.01984900 -0.00500200
v 0.00858100 -0.01984900 -0.00500200
v 0.00858100 -0.01984900 -0.00500200
v 0.00858100 -0.01984900 -0.00500200
v 0.00858100 -0.01984900 -0.00500200
v 0.00858100 -0.01984900 -0.00500200
v 0.00858100 -0.01984900 -0.00500200
v 0.00858100 -0.01984900 -0.00500200
v 0.00393700 -0.03434400 -0.00407500
v 0.00393700 -0.03434400 -0.00407500
v 0.00393700 -0.03434400 -0.00407500
v 0.00393700 -0.03434400 -0.00407500
v 0.00393700 -0.03434400 -0.00407500
v 0.00825200 -0.02099200 -0.00499100
v 0.00825200 -0.02099200 -0.00499100
v 0.00825200 -0.02099200 -0.00499100
v 0.00825200 -0.02099200 -0.00499100
v 0.00825200 -0.02099200 -0.00499100
v 0.00825200 -0.02099200 -0.00499100
v 0.00825200 -0.02099200 -0.00499100
v 0.00825200 -0.02099200 -0.00499100
v 0.00379000 -0.03479100 -0.00603400
v 0.00379000 -0.03479100 -0.00603400
v 0.00379000 -0.03479100 -0.00603400
v 0.00379000 -0.03479100 -0.00603400
v 0.00379000 -0.03479100 -0.00603400
v 0.00379000 -0.03479100 -0.00603400
v 0.00379000 -0.03479100 -0.00603400
v 0.00379000 -0.03479100 -0.00603400
v 0.00823500 -0.02087200 -0.00603300
v 0.00823500 -0.02087200 -0.00603300
v 0.00823500 -0.02087200 -0.00603300
v 0.00823700 -0.02087200 -0.00600600
v 0.00823700 -0.02087200 -0.00600600
v 0.00823700 -0.02087200 -0.00600600
v 0.00823700 -0.02087200 -0.00600600
v 0.00864900 -0.01928700 -0.00604100
v 0.00864900 -0.01928700 -0.00604100
v 0.00864900 -0.01928700 -0.00604100
v 0.00864900 -0.01928700 -0.00604100
v 0.00864900 -0.01928700 -0.00604100
v 0.00864900 -0.01928700 -0.00604100
v 0.00864900 -0.01928700 -0.00604100
v 0.00875700 -0.01871100 -0.00600900
v 0.00875700 -0.01871100 -0.00600900
v 0.00875700 -0.01871100 -0.00600900
v 0.00875700 -0.01871100 -0.00600900
v 0.00875700 -0.01871100 -0.00600900
v 0.00875700 -0.01871100 -0.00600900
v 0.00875700 -0.01871100 -0.00600900
v 0.00898700 -0.01727600 -0.00607800
v 0.00898700 -0.01727600 -0.00607800
v 0.00898700 -0.01727600 -0.00607800
v 0.00898700 -0.01727600 -0.00607800
v 0.00898700 -0.01727600 -0.00607800
v 0.00898700 -0.01727600 -0.00607800
v 0.00898700 -0.01727600 -0.00607800
v 0.00927700 -0.01531900 -0.00608300
v 0.00927700 -0.01531900 -0.00608300
v 0.00927700 -0.01531900 -0.00608300
v 0.00927700 -0.01531900 -0.00608300
v 0.00927700 -0.01531900 -0.00608300
v 0.00927700 -0.01531900 -0.00608300
v 0.00986300 -0.01144800 -0.00500500
v 0.00986300 -0.01144800 -0.00500500
v 0.00986300 -0.01144800 -0.00500500
v 0.00986300 -0.01144800 -0.00500500
v 0.00932900 -0.01536300 -0.00500500
v 0.00932900 -0.01536300 -0.00500500
v 0.00932900 -0.01536300 -0.00500500
v 0.00932900 -0.01536300 -0.00500500
v 0.00932900 -0.01536300 -0.00500500
v 0.00932900 -0.01536300 -0.00500500
v 0.00986300 -0.01144800 -0.00499500
v 0.00986300 -0.01144800 -0.00499500
v 0.00986300 -0.01144800 -0.00499500
v 0.00986300 -0.01144800 -0.00499500
v 0.00986300 -0.01144800 -0.00499500
v 0.00986300 -0.01144800 -0.00499500
v 0.00980500 -0.01147900 -0.00397800
v 0.00980500 -0.01147900 -0.00397800
v 0.00980500 -0.01147900 -0.00397800
v 0.00980500 -0.01147900 -0.00397800
v 0.00974800 -0.01190900 -0.00397700
v 0.00974800 -0.01190900 -0.00397700
v 0.00974800 -0.01190900 -0.00397700
v 0.00974800 -0.01190900 -0.00397700
v 0.00974800 -0.01190900 -0.00397700
v 0.00974800 -0.01190900 -0.00397700
v 0.00927700 -0.01531900 -0.00391700
v 0.00927700 -0.01531900 -0.00391700
v 0.00927700 -0.01531900 -0.00391700
v 0.00927700 -0.01531900 -0.00391700
v 0.00927700 -0.01531900 -0.00391700
v 0.00927700 -0.01531900 -0.00391700
v 0.00898700 -0.01727600 -0.00392200
v 0.00898700 -0.01727600 -0.00392200
v 0.00898700 -0.01727600 -0.00392200
v 0.00898700 -0.01727600 -0.00392200
v 0.00898700 -0.01727600 -0.00392200
v 0.00898700 -0.01727600 -0.00392200
v 0.00898700 -0.01727600 -0.00392200
v 0.00866400 -0.01707700 -0.00222100
v 0.00866400 -0.01707700 -0.00222100
v 0.00866400 -0.01707700 -0.00222100
v 0.00866400 -0.01707700 -0.00222100
v 0.00866400 -0.01707700 -0.00222100
v 0.00865600 -0.01925600 -0.00398800
v 0.00865600 -0.01925600 -0.00398800
v 0.00865600 -0.01925600 -0.00398800
v 0.00865600 -0.01925600 -0.00398800
v 0.00884700 -0.01818000 -0.00398400
v 0.00884700 -0.01818000 -0.00398400
v 0.00884700 -0.01818000 -0.00398400
v 0.00884700 -0.01818000 -0.00398400
v 0.00884700 -0.01818000 -0.00398400
v 0.00884700 -0.01818000 -0.00398400
v 0.00870700 -0.01926500 -0.00500000
v 0.00870700 -0.01926500 -0.00500000
v 0.00870700 -0.01926500 -0.00500000
v 0.00870700 -0.01926500 -0.00500000
v 0.00870700 -0.01926500 -0.00500000
v 0.00870700 -0.01926500 -0.00500000
v 0.00870700 -0.01926500 -0.00500000
v 0.00870700 -0.01926500 -0.00500000
v 0.00870700 -0.01926500 -0.00500000
v 0.00865000 -0.01928700 -0.00601200
v 0.00865000 -0.01928700 -0.00601200
v 0.00865000 -0.01928700 -0.00601200
v 0.00865000 -0.01928700 -0.00601200
v 0.00865600 -0.01925600 -0.00601200
v 0.00865600 -0.01925600 -0.00601200
v 0.00865600 -0.01925600 -0.00601200
v 0.00865600 -0.01925600 -0.00601200
v 0.00903900 -0.01731600 -0.00500500
v 0.00903900 -0.01731600 -0.00500500
v 0.00903900 -0.01731600 -0.00500500
v 0.00903900 -0.01731600 -0.00500500
v 0.00903900 -0.01731600 -0.00500500
v 0.00915000 -0.01659000 -0.00500500
v 0.00915000 -0.01659000 -0.00500500
v 0.00915000 -0.01659000 -0.00500500
v 0.00915000 -0.01659000 -0.00500500
v 0.00915000 -0.01659000 -0.00500500
v 0.00913800 -0.01630200 -0.00602400
v 0.00913800 -0.01630200 -0.00602400
v 0.00913800 -0.01630200 -0.00602400
v 0.00913800 -0.01630200 -0.00602400
v 0.00932900 -0.01536300 -0.00499500
v 0.00932900 -0.01536300 -0.00499500
v 0.00932900 -0.01536300 -0.00499500
v 0.00932900 -0.01536300 -0.00499500
v 0.00932900 -0.01536300 -0.00499500
v 0.00932900 -0.01536300 -0.00499500
v 0.00928000 -0.01533600 -0.00397300
v 0.00928000 -0.01533600 -0.00397300
v 0.00928000 -0.01533600 -0.00397300
v 0.00928000 -0.01533600 -0.00397300
v 0.00924400 -0.01558900 -0.00397300
v 0.00924400 -0.01558900 -0.00397300
v 0.00924400 -0.01558900 -0.00397300
v 0.00924400 -0.01558900 -0.00397300
v 0.00924400 -0.01558900 -0.00397300
v 0.00903900 -0.01731600 -0.00499500
v 0.00903900 -0.01731600 -0.00499500
v 0.00903900 -0.01731600 -0.00499500
v 0.00903900 -0.01731600 -0.00499500
v 0.00903900 -0.01731600 -0.00499500
v 0.00915000 -0.01659000 -0.00499500
v 0.00915000 -0.01659000 -0.00499500
v 0.00915000 -0.01659000 -0.00499500
v 0.00915000 -0.01659000 -0.00499500
v 0.00915000 -0.01659000 -0.00499500
f 1 17 14
f 2 23 15
f 4 34 29
f 7 40 35
f 9 43 39
f 8 46 44
f 6 59 47
f 5 63 58
f 3 12 65
f 13 19 68
f 11 75 64
f 10 66 71
f 20 87 77
f 22 92 88
f 16 27 93
f 18 98 67
f 21 82 100
f 25 106 95
f 24 109 105
f 30 116 108
f 28 122 118
f 26 32 119
f 31 36 127
f 33 125 120
f 37 136 123
f 38 42 133
f 45 141 132
f 41 51 138
f 48 297 139
f 50 143 295
f 49 54 144
f 55 153 145
f 56 162 154
f 52 165 161
f 53 170 164
f 57 60 172
f 61 184 173
f 62 73 182
f 70 101 174
f 69 175 72
f 74 191 181
f 76 176 186
f 78 91 193
f 79 202 96
f 83 207 203
f 80 213 205
f 81 221 214
f 84 198 215
f 90 94 102
f 89 223 194
f 85 228 227
f 86 104 230
f 97 239 179
f 99 200 237
f 103 241 229
f 103 107 241
f 110 114 246
f 117 250 247
f 115 255 252
f 112 259 253
f 111 124 260
f 113 121 126
f 128 131 272
f 129 271 261
f 134 274 270
f 135 285 273
f 137 292 284
f 130 142 291
f 140 296 289
f 146 149 294
f 147 290 298
f 152 300 293
f 155 307 301
f 148 315 305
f 150 320 316
f 151 163 317
f 159 304 318
f 156 323 303
f 158 328 321
f 157 336 326
f 160 167 335
f 169 341 332
f 166 183 340
f 168 171 185
f 178 352 187
f 177 235 353
f 180 188 339
f 189 357 342
f 190 354 356
f 197 364 361
f 196 224 366
f 195 372 217
f 192 360 373
f 201 374 240
f 199 208 376
f 204 380 377
f 206 212 381
f 211 395 388
f 210 222 397
f 209 386 382
f 219 402 396
f 218 409 401
f 220 414 410
f 216 369 413
f 225 359 365
f 226 232 362
f 233 367 363
f 234 427 368
f 231 243 428
f 236 375 433
f 238 432 351
f 248 438 429
f 245 442 437
f 244 448 441
f 242 249 447
f 251 256 446
f 257 443 449
f 258 452 440
f 254 265 456
f 264 267 460
f 263 464 454
f 262 458 467
f 266 473 459
f 269 476 472
f 268 276 474
f 275 287 475
f 280 489 484
f 278 309 491
f 286 299 306
f 282 288 302
f 283 495 478
f 281 501 497
f 279 503 502
f 277 485 505
f 313 759 490
f 313 512 759
f 311 515 513
f 310 520 518
f 308 324 522
f 312 314 319
f 322 527 523
f 322 327 527
f 325 337 526
f 338 532 528
f 333 538 531
f 329 811 537
f 329 542 811
f 330 350 544
f 331 355 344
f 334 343 358
f 346 550 539
f 347 552 547
f 345 558 553
f 348 565 559
f 349 431 564
f 370 571 415
f 371 425 568
f 378 575 430
f 379 383 576
f 384 389 581
f 385 582 577
f 387 588 583
f 390 591 589
f 392 600 590
f 391 394 602
f 393 403 603
f 398 608 601
f 399 612 604
f 400 408 610
f 407 412 613
f 405 623 609
f 404 632 622
f 406 614 634
f 411 569 617
f 416 618 570
f 423 637 615
f 422 640 638
f 421 649 641
f 420 653 650
f 424 663 651
f 426 666 661
f 417 671 667
f 418 678 673
f 419 439 676
f 434 578 563
f 435 679 675
f 436 445 681
f 444 453 682
f 457 690 685
f 451 694 686
f 455 699 695
f 450 466 701
f 461 707 468
f 462 471 705
f 463 715 703
f 465 708 716
f 469 477 720
f 470 723 709
f 479 496 717
f 486 732 727
f 482 488 731
f 481 739 504
f 483 744 740
f 480 726 745
f 492 755 733
f 487 757 753
f 493 766 722
f 494 498 767
f 499 769 765
f 500 506 772
f 507 777 774
f 508 738 775
f 511 782 758
f 514 786 781
f 509 792 789
f 510 516 794
f 517 519 791
f 521 797 795
f 521 524 797
f 525 529 799
f 530 534 800
f 536 807 803
f 535 812 808
f 533 804 798
f 541 824 814
f 540 829 823
f 543 549 830
f 548 835 831
f 551 836 832
f 546 849 843
f 545 555 848
f 556 851 845
f 554 859 855
f 557 561 858
f 560 865 856
f 562 567 862
f 566 573 866
f 574 870 867
f 572 579 869
f 580 584 868
f 585 593 878
f 586 880 872
f 587 875 884
f 595 888 877
f 594 891 886
f 592 897 892
f 596 597 898
f 598 905 901
f 599 605 907
f 606 619 908
f 607 611 620
f 616 636 628
f 626 912 902
f 621 919 913
f 624 921 920
f 625 929 924
f 627 631 926
f 630 935 930
f 633 639 934
f 629 635 643
f 642 648 932
f 644 944 936
f 645 953 946
f 646 963 952
f 646 658 963
f 647 938 931
f 657 966 962
f 656 972 965
f 655 980 973
f 654 983 979
f 652 662 982
f 664 990 981
f 660 992 989
f 659 669 994
f 665 674 997
f 668 1001 995
f 670 684 1000
f 672 677 683
f 680 689 999
f 688 996 998
f 691 1008 991
f 687 1014 1006
f 692 696 1012
f 697 1016 1011
f 698 1020 1015
f 693 702 1023
f 700 713 1025
f 706 1030 712
f 704 719 1029
f 711 1028 1035
f 710 1041 1021
f 714 1033 1040
f 721 1046 1027
f 718 768 1045
f 724 728 1052
f 725 1050 747
f 734 1054 1051
f 729 1063 1055
f 730 751 1058
f 737 1065 778
f 735 1073 1064
f 736 746 1074
f 748 1076 1075
f 741 1062 1085
f 742 1056 1059
f 743 1053 1057
f 752 1097 1086
f 750 1102 1098
f 756 761 1103
f 749 1108 1061
f 754 1090 1104
f 762 1117 1101
f 760 783 1114
f 764 1121 1048
f 763 770 1122
f 771 1128 1123
f 773 779 1127
f 776 1130 1126
f 780 1069 1131
f 785 1137 1111
f 784 788 1138
f 787 796 801
f 787 793 796
f 790 1146 1136
f 790 802 1146
f 805 810 1142
f 809 1152 1147
f 806 815 1153
f 813 1159 1151
f 816 817 1157
f 818 1165 1156
f 819 1170 1163
f 820 1178 1172
f 821 1182 1177
f 822 825 1183
f 826 1188 1180
f 827 1190 1186
f 828 834 1191
f 833 842 1193
f 841 1210 1197
f 840 844 1208
f 839 1187 1192
f 838 1181 1189
f 837 1195 1184
f 846 1213 1205
f 847 853 1214
f 852 1221 1215
f 854 1226 1218
f 850 861 1228
f 860 879 1227
f 857 863 882
f 864 871 883
f 876 887 1234
f 874 1225 881
f 873 1233 1224
f 889 1236 1229
f 885 894 1240
f 893 1249 1246
f 895 896 1250
f 890 1245 1235
f 899 1255 1248
f 900 903 1259
f 904 1269 1257
f 906 909 1268
f 910 1271 1267
f 911 1280 1272
f 914 916 1279
f 917 1284 1278
f 918 947 1283
f 915 925 942
f 922 939 941
f 923 927 940
f 928 933 937
f 943 1287 1281
f 945 951 1288
f 954 1296 1290
f 955 1299 1295
f 948 1303 1301
f 950 1310 1302
f 949 964 1309
f 960 1330 1324
f 959 1331 1326
f 961 1340 1333
f 958 1341 1337
f 957 967 1342
f 956 1321 1311
f 971 975 1349
f 970 1354 1344
f 969 1359 1355
f 968 1348 1357
f 974 976 1347
f 978 1367 1346
f 977 984 1366
f 985 986 1365
f 988 1003 1368
f 987 993 1004
f 1005 1362 1363
f 1002 1371 1361
f 1007 1381 1372
f 1009 1017 1380
f 1010 1013 1018
f 1019 1022 1375
f 1024 1384 1379
f 1026 1039 1386
f 1031 1047 1037
f 1036 1388 1043
f 1034 1118 1389
f 1032 1049 1120
f 1038 1391 1394
f 1044 1404 1387
f 1042 1397 1401
f 1060 1106 1077
f 1066 1070 1407
f 1067 1413 1132
f 1068 1405 1415
f 1071 1079 1422
f 1072 1421 1410
f 1080 1427 1420
f 1081 1428 1426
f 1082 1442 1429
f 1084 1448 1443
f 1083 1453 1449
f 1078 1105 1451
f 1087 1457 1107
f 1088 1462 1455
f 1089 1091 1458
f 1092 1476 1466
f 1096 1100 1470
f 1093 1450 1461
f 1094 1445 1454
f 1095 1465 1447
f 1099 1115 1471
f 1109 1459 1452
f 1110 1456 1460
f 1112 1479 1473
f 1113 1485 1478
f 1116 1141 1486
f 1119 1129 1390
f 1124 1488 1393
f 1125 1135 1487
f 1133 1498 1489
f 1134 1411 1495
f 1139 1501 1483
f 1140 1503 1500
f 1140 1145 1503
f 1144 1509 1506
f 1143 1150 1508
f 1149 1513 1507
f 1148 1522 1516
f 1154 1158 1518
f 1155 1162 1519
f 1164 1529 1517
f 1160 1532 1527
f 1161 1541 1534
f 1167 1542 1538
f 1166 1173 1544
f 1168 1551 1545
f 1169 1554 1550
f 1171 1179 1553
f 1176 1549 1552
f 1175 1196 1548
f 1174 1185 1198
f 1199 1569 1556
f 1202 1571 1568
f 1201 1206 1572
f 1194 1537 1546
f 1200 1531 1539
f 1204 1578 1533
f 1203 1555 1577
f 1209 1585 1574
f 1207 1212 1583
f 1211 1592 1582
f 1216 1217 1591
f 1219 1596 1589
f 1220 1230 1595
f 1222 1223 1231
f 1232 1239 1594
f 1238 1605 1597
f 1237 1243 1600
f 1242 1615 1610
f 1241 1623 1617
f 1247 1251 1618
f 1244 1609 1602
f 1252 1627 1619
f 1253 1258 1628
f 1256 1634 1629
f 1254 1637 1633
f 1260 1265 1636
f 1263 1644 1635
f 1261 1651 1645
f 1262 1654 1650
f 1270 1662 1653
f 1264 1666 1663
f 1266 1276 1668
f 1275 1291 1669
f 1273 1282 1292
f 1274 1277 1285
f 1286 1289 1293
f 1294 1297 1667
f 1298 1306 1656
f 1300 1652 1665
f 1305 1671 1655
f 1304 1678 1670
f 1307 1320 1676
f 1319 1688 1681
f 1318 1696 1689
f 1316 1698 1695
f 1315 1706 1697
f 1314 1711 1703
f 1317 1718 1710
f 1313 1325 1719
f 1308 1724 1677
f 1312 1680 1727
f 1322 1732 1717
f 1323 1327 1731
f 1328 1332 1734
f 1329 1737 1730
f 1334 1744 1738
f 1335 1338 1743
f 1339 1352 1741
f 1336 1343 1353
f 1345 1364 1358
f 1351 1748 1742
f 1350 1356 1749
f 1360 1374 1750
f 1369 1740 1747
f 1370 1755 1746
f 1373 1376 1754
f 1377 1758 1753
f 1378 1383 1761
f 1385 1769 1763
f 1382 1402 1768
f 1392 1491 1395
f 1396 1492 1772
f 1398 1770 1399
f 1400 1781 1766
f 1403 1771 1780
f 1408 1419 1783
f 1406 1793 1412
f 1409 1784 1792
f 1416 1796 1496
f 1414 1789 1795
f 1417 1423 1803
f 1418 1805 1786
f 1424 1813 1806
f 1425 1438 1810
f 1436 1815 1814
f 1430 1822 1821
f 1431 1829 1824
f 1434 1831 1828
f 1435 1836 1830
f 1437 1838 1834
f 1432 1842 1839
f 1433 1441 1843
f 1440 1848 1847
f 1439 1446 1849
f 1444 1463 1850
f 1464 1469 1856
f 1468 1863 1851
f 1467 1858 1869
f 1475 1871 1859
f 1474 1878 1870
f 1472 1481 1876
f 1480 1887 1875
f 1477 1484 1885
f 1482 1502 1884
f 1490 1494 1773
f 1493 1889 1774
f 1497 1800 1890
f 1499 1898 1883
f 1499 1505 1898
f 1504 1511 1897
f 1510 1512 1896
f 1515 1906 1895
f 1514 1524 1904
f 1523 1911 1903
f 1521 1917 1910
f 1520 1530 1918
f 1525 1925 1919
f 1528 1931 1922
f 1526 1535 1930
f 1536 1579 1929
f 1540 1543 1547
f 1565 1567 1936
f 1558 1949 1580
f 1559 1951 1948
f 1560 1957 1952
f 1561 1961 1956
f 1562 1965 1960
f 1557 1969 1963
f 1563 1971 1970
f 1564 1938 1972
f 1566 1978 1937
f 1570 1576 1977
f 1575 1988 1979
f 1573 1584 1983
f 1581 1942 1928
f 1586 1588 1985
f 1590 1996 1994
f 1587 1598 1999
f 1593 1990 1987
f 1599 1601 1995
f 1603 2002 2001
f 1604 1606 2004
f 1607 1611 2009
f 1608 2008 2003
f 1616 2024 2018
f 1612 2026 2025
f 1613 1622 2029
f 1614 2015 2010
f 1621 2032 2028
f 1620 1625 2036
f 1624 2040 2037
f 1626 1632 2039
f 1631 2046 2038
f 1630 1638 2047
f 1639 1643 2049
f 1642 2055 2048
f 1641 2057 2054
f 1640 1649 2056
f 1646 2060 2058
f 1647 2070 2061
f 1648 1659 2071
f 1660 2075 2072
f 1658 1674 2077
f 1657 1661 1664
f 1672 2081 2078
f 1673 1725 2080
f 1675 1679 1721
f 1682 1690 2086
f 1683 2087 1723
f 1686 2095 2089
f 1685 2099 2092
f 1687 2105 2101
f 1684 1691 2106
f 1692 2113 2107
f 1693 2119 2112
f 1694 2136 2120
f 1694 1702 2136
f 1701 2132 2121
f 1700 1704 2129
f 1699 2122 2134
f 1708 2145 2139
f 1709 1713 2146
f 1707 2154 2131
f 1705 2137 2155
f 1712 1714 2149
f 1720 1729 2158
f 1715 2169 2148
f 1716 2164 2167
f 1722 2170 2079
f 1726 2091 2173
f 1728 1739 2161
f 1733 2176 2162
f 1735 1756 2175
f 1736 1745 1752
f 1751 2182 2180
f 1757 1762 2185
f 1759 2192 2186
f 1760 1767 2188
f 1765 2197 2187
f 1764 1782 2195
f 1775 1892 1777
f 1779 2199 2196
f 1776 2204 2203
f 1778 1893 2206
f 1787 1802 2212
f 1785 2210 1794
f 1788 2217 1799
f 1790 2225 2220
f 1791 2216 2222
f 1801 2229 1891
f 1797 2238 2231
f 1798 2219 2239
f 1807 1808 2246
f 1804 2245 2211
f 1809 2248 2242
f 1811 2251 2250
f 1812 1817 2255
f 1820 1867 2254
f 1819 2259 1865
f 1818 1826 2256
f 1816 1823 1827
f 1825 1832 2257
f 1833 1837 2258
f 1835 1841 2260
f 1840 1844 2261
f 1845 2267 2262
f 1846 1854 2266
f 1852 2264 2265
f 1853 1862 2263
f 1855 2273 2269
f 1860 1872 2274
f 1861 2285 1868
f 1857 2270 2284
f 1866 2287 2252
f 1864 2283 2286
f 1873 1880 2275
f 1881 1888 2293
f 1879 2299 2272
f 1877 2302 2301
f 1874 2295 2306
f 1882 2308 2296
f 1886 2316 2309
f 1886 1899 2316
f 1894 2228 2209
f 1900 2319 2317
f 1901 1905 2321
f 1907 2322 2318
f 1908 2330 2323
f 1902 2336 2332
f 1909 1913 2334
f 1912 1915 2335
f 1916 2344 2333
f 1920 2350 2341
f 1914 1924 2347
f 1923 2352 2349
f 1927 2362 2355
f 1921 2365 2361
f 1926 1932 2367
f 1933 1943 2374
f 1934 2376 2369
f 1940 1980 2383
f 1941 2359 1975
f 1939 2386 2358
f 1935 2381 2387
f 1946 2373 2375
f 1945 2391 2368
f 1947 1955 2389
f 1944 1950 1954
f 1953 2366 2390
f 1958 1959 2370
f 1962 1967 2371
f 1966 1973 2372
f 1964 1968 1974
f 1976 2363 2364
f 1982 2394 2379
f 1981 1986 2393
f 1984 1991 2398
f 1989 2405 2400
f 1993 2000 2409
f 1992 2399 2396
f 1998 2415 2406
f 1997 2007 2414
f 2006 2421 2413
f 2005 2011 2420
f 2014 2424 2419
f 2013 2430 2423
f 2012 2019 2431
f 2016 2022 2437
f 2017 2432 2429
f 2020 2439 2434
f 2023 2444 2440
f 2021 2030 2445
f 2031 2453 2446
f 2027 2033 2451
f 2034 2460 2450
f 2035 2043 2461
f 2041 2464 2456
f 2042 2045 2465
f 2044 2053 2467
f 2051 2468 2466
f 2052 2064 2469
f 2050 2059 2067
f 2069 2171 2477
f 2068 2083 2174
f 2066 2074 2084
f 2063 2479 2470
f 2065 2493 2484
f 2062 2478 2490
f 2073 2076 2082
f 2090 2476 2172
f 2085 2494 2475
f 2088 2094 2498
f 2093 2104 2499
f 2103 2500 2496
f 2102 2507 2501
f 2100 2511 2506
f 2098 2515 2512
f 2096 2114 2516
f 2097 2108 2111
f 2115 2520 2517
f 2110 2528 2521
f 2109 2530 2524
f 2116 2117 2532
f 2118 2541 2533
f 2118 2135 2541
f 2124 2153 2536
f 2127 2130 2151
f 2128 2544 2133
f 2126 2547 2542
f 2125 2553 2546
f 2123 2537 2554
f 2143 2565 2559
f 2140 2571 2566
f 2141 2147 2569
f 2138 2577 2152
f 2142 2564 2574
f 2144 2168 2568
f 2150 2580 2535
f 2156 2575 2579
f 2157 2584 2166
f 2163 2593 2583
f 2160 2598 2591
f 2159 2178 2599
f 2165 2589 2572
f 2177 2600 2596
f 2179 2183 2605
f 2184 2606 2602
f 2181 2189 2607
f 2190 2616 2611
f 2191 2194 2617
f 2193 2620 2615
f 2198 2200 2619
f 2201 2628 2618
f 2202 2207 2627
f 2208 2631 2626
f 2205 2232 2634
f 2213 2651 2642
f 2215 2241 2649
f 2214 2637 2227
f 2221 2654 2234
f 2218 2223 2655
f 2224 2640 2659
f 2226 2660 2656
f 2230 2665 2633
f 2233 2237 2664
f 2236 2670 2669
f 2235 2657 2675
f 2240 2679 2648
f 2244 2292 2680
f 2243 2247 2290
f 2249 2253 2288
f 2268 2278 2683
f 2271 2685 2280
f 2279 2690 2686
f 2277 2698 2691
f 2276 2300 2693
f 2281 2705 2291
f 2282 2687 2702
f 2289 2701 2677
f 2294 2310 2303
f 2298 2708 2694
f 2297 2304 2706
f 2307 2714 2709
f 2305 2311 2712
f 2312 2719 2711
f 2312 2314 2719
f 2313 2327 2716
f 2315 2320 2326
f 2325 2725 2720
f 2324 2331 2724
f 2329 2726 2722
f 2328 2337 2731
f 2340 2734 2732
f 2339 2743 2733
f 2338 2343 2742
f 2342 2348 2741
f 2346 2357 2747
f 2345 2745 2739
f 2354 2751 2749
f 2353 2380 2752
f 2351 2385 2382
f 2356 2360 2388
f 2384 2392 2762
f 2377 2764 2750
f 2378 2759 2766
f 2395 2773 2757
f 2397 2401 2771
f 2402 2775 2772
f 2403 2785 2776
f 2404 2407 2784
f 2408 2410 2786
f 2412 2787 2782
f 2411 2418 2788
f 2417 2796 2791
f 2416 2422 2800
f 2425 2426 2797
f 2428 2806 2795
f 2427 2433 2805
f 2435 2808 2804
f 2436 2441 2807
f 2442 2819 2813
f 2443 2820 2815
f 2438 2447 2821
f 2448 2831 2826
f 2449 2454 2830
f 2452 2833 2832
f 2455 2458 2834
f 2457 2839 2835
f 2459 2462 2841
f 2463 2473 2842
f 2472 2848 2844
f 2471 2480 2849
f 2474 2495 2489
f 2481 2854 2850
f 2482 2860 2851
f 2483 2485 2861
f 2486 2865 2857
f 2487 2510 2869
f 2488 2505 2508
f 2491 2503 2504
f 2492 2497 2502
f 2509 2514 2868
f 2513 2518 2867
f 2519 2523 2866
f 2522 2875 2870
f 2525 2884 2877
f 2526 2534 2880
f 2527 2874 2864
f 2531 2886 2883
f 2529 2906 2887
f 2529 2540 2906
f 2538 2891 2552
f 2539 2578 2892
f 2545 2550 2901
f 2543 2900 2905
f 2549 2913 2899
f 2548 2893 2915
f 2551 2555 2896
f 2557 2570 2588
f 2558 2567 2573
f 2562 2581 2576
f 2561 2894 2582
f 2560 2921 2895
f 2556 2927 2922
f 2563 2587 2924
f 2586 2930 2923
f 2590 2940 2933
f 2585 2592 2937
f 2594 2595 2936
f 2597 2601 2938
f 2603 2944 2939
f 2604 2608 2941
f 2609 2949 2946
f 2610 2612 2947
f 2613 2957 2952
f 2614 2622 2958
f 2623 2959 2956
f 2624 2965 2960
f 2621 2630 2966
f 2625 2975 2967
f 2629 2636 2974
f 2635 2979 2973
f 2632 2667 2980
f 2641 2989 2662
f 2638 2992 2982
f 2639 2650 2993
f 2647 2999 2991
f 2646 3004 2995
f 2645 3007 3003
f 2644 3012 3009
f 2643 2678 3013
f 2653 2658 3017
f 2652 3019 2671
f 2661 3027 3022
f 2663 2984 3023
f 2668 3029 2978
f 2666 2672 3030
f 2674 3041 3031
f 2673 3021 3039
f 2681 3046 3016
f 2676 2704 3047
f 2684 2692 3054
f 2682 3055 2700
f 2688 3060 3056
f 2689 2699 3059
f 2696 2710 3069
f 2697 3072 3058
f 2695 3070 3073
f 2703 3053 3044
f 2707 2713 3068
f 2715 3080 3067
f 2715 2718 3080
f 2717 2721 3083
f 2723 2727 3084
f 2729 3088 3079
f 2728 3093 3087
f 2730 2736 3092
f 2737 3101 3091
f 2735 2738 3100
f 2740 2744 3099
f 2748 2753 3110
f 2746 3109 3102
f 2754 2765 3107
f 2755 3119 3112
f 2761 2774 3120
f 2760 3125 2763
f 2758 3133 3126
f 2756 3111 3127
f 2768 3137 3105
f 2767 3123 3139
f 2770 2777 3143
f 2769 3141 3117
f 2779 3157 3152
f 2780 2783 3153
f 2778 3150 3146
f 2781 2789 3154
f 2790 3163 3158
f 2792 2798 3164
f 2799 3170 3165
f 2794 2803 3173
f 2793 3166 3162
f 2802 2810 3178
f 2801 3176 3175
f 2811 3187 3185
f 2812 2814 3191
f 2809 3183 3182
f 2818 3203 3197
f 2817 2825 3198
f 2816 3194 3192
f 2824 3207 3202
f 2823 3214 3204
f 2822 2829 3212
f 2827 3220 3211
f 2828 2838 3218
f 2837 3226 3219
f 2836 2843 3224
f 2840 2845 3221
f 2847 3233 3222
f 2846 2852 3228
f 2853 3238 3231
f 2855 3247 3241
f 2856 2862 3248
f 2858 2872 3249
f 2859 2863 2871
f 2873 2879 3246
f 2876 3254 3245
f 2878 2881 3253
f 2882 2890 3252
f 2889 3260 3257
f 2888 3282 3261
f 2888 2904 3282
f 2885 3259 3250
f 2897 2920 2914
f 2902 3273 3272
f 2903 2911 3274
f 2898 3268 2910
f 2909 3285 3281
f 2907 3293 3284
f 2908 3267 3292
f 2916 3298 3276
f 2912 2919 3297
f 2918 3302 3296
f 2917 2926 3301
f 2928 2934 3310
f 2925 3308 3306
f 2929 2942 3318
f 2931 2935 2943
f 2932 3317 3309
f 2945 2951 3316
f 2950 3321 3314
f 2948 2953 3320
f 2955 3329 3319
f 2954 2963 3325
f 2964 2968 3335
f 2962 3340 3327
f 2961 3333 3339
f 2969 2976 3348
f 2970 3346 3332
f 2971 2981 3035
f 2977 3350 3347
f 2972 3032 3351
f 2987 3356 3024
f 2986 3361 3358
f 2985 3371 3359
f 2988 3377 3370
f 2983 2990 3376
f 2994 2998 3374
f 2997 3381 3378
f 2996 3000 3382
f 3005 3396 3386
f 3002 3401 3395
f 3001 3010 3398
f 3006 3389 3383
f 3011 3406 3397
f 3008 3014 3408
f 3015 3043 3409
f 3018 3410 3038
f 3020 3026 3415
f 3025 3419 3412
f 3028 3355 3417
f 3033 3423 3349
f 3034 3431 3424
f 3036 3042 3432
f 3037 3411 3434
f 3040 3439 3433
f 3048 3446 3407
f 3045 3448 3442
f 3049 3052 3450
f 3051 3456 3449
f 3050 3063 3455
f 3061 3461 3453
f 3057 3462 3457
f 3062 3075 3463
f 3064 3468 3071
f 3065 3474 3470
f 3066 3484 3475
f 3066 3082 3484
f 3077 3480 3466
f 3076 3901 3479
f 3074 3467 3900
f 3078 3488 3483
f 3081 3089 3485
f 3086 3493 3486
f 3085 3496 3495
f 3090 3095 3498
f 3097 3505 3499
f 3096 3506 3501
f 3094 3103 3507
f 3098 3106 3508
f 3108 3516 3509
f 3104 3134 3517
f 3113 3524 3518
f 3115 3118 3526
f 3114 3522 3129
f 3121 3529 3523
f 3116 3144 3531
f 3122 3541 3138
f 3124 3131 3542
f 3130 3547 3540
f 3132 3555 3546
f 3128 3519 3553
f 3135 3562 3512
f 3136 3543 3557
f 3140 3148 3565
f 3142 3568 3536
f 3145 3566 3567
f 3149 3586 3578
f 3151 3155 3587
f 3147 3581 3564
f 3156 3159 3585
f 3160 3589 3584
f 3161 3167 3592
f 3168 3174 3599
f 3169 3598 3591
f 3171 3605 3597
f 3172 3180 3603
f 3179 3607 3602
f 3177 3612 3606
f 3181 3184 3613
f 3186 3188 3617
f 3189 3624 3616
f 3190 3196 3625
f 3195 3201 3632
f 3193 3628 3623
f 3200 3637 3627
f 3199 3208 3635
f 3209 3210 3641
f 3206 3649 3638
f 3205 3640 3644
f 3213 3215 3642
f 3216 3652 3643
f 3217 3227 3653
f 3225 3657 3655
f 3223 3229 3659
f 3230 3664 3656
f 3232 3239 3665
f 3237 3668 3663
f 3240 3675 3667
f 3236 3682 3674
f 3235 3684 3683
f 3234 3242 3685
f 3243 3258 3686
f 3244 3251 3256
f 3255 3262 3688
f 3263 3695 3692
f 3264 3709 3696
f 3264 3280 3709
f 3265 3706 3687
f 3266 3690 3704
f 3269 3275 3299
f 3270 3290 3291
f 3271 3294 3288
f 3277 3714 3710
f 3279 3719 3716
f 3278 3287 3720
f 3289 3726 3721
f 3283 3735 3724
f 3286 3295 3733
f 3300 3303 3732
f 3304 3743 3731
f 3305 3311 3739
f 3307 3315 3747
f 3312 3745 3740
f 3313 3322 3748
f 3323 3755 3751
f 3324 3328 3756
f 3330 3760 3757
f 3326 3342 3762
f 3334 3345 3765
f 3336 3769 3341
f 3331 3764 3774
f 3343 3776 3759
f 3338 3782 3775
f 3337 3773 3781
f 3344 3354 3767
f 3353 3791 3768
f 3352 3427 3792
f 3357 3360 3422
f 3365 3802 3793
f 3362 3808 3804
f 3363 3366 3809
f 3364 3794 3420
f 3367 3375 3379
f 3368 3815 3811
f 3373 3817 3812
f 3369 3390 3821
f 3372 3380 3388
f 3384 3827 3818
f 3385 3835 3823
f 3387 3394 3834
f 3393 3842 3841
f 3392 3400 3843
f 3391 3838 3831
f 3402 3851 3844
f 3403 3852 3849
f 3399 3404 3854
f 3405 3447 3857
f 3413 3859 3438
f 3414 3418 3860
f 3421 3865 3863
f 3416 3795 3868
f 3426 3877 3875
f 3428 3429 3880
f 3425 3870 3790
f 3430 3435 3878
f 3436 3881 3876
f 3437 3864 3884
f 3445 3889 3853
f 3444 3895 3891
f 3443 3459 3896
f 3441 3454 3458
f 3440 3451 3452
f 3460 3464 3897
f 3465 3476 3893
f 3471 3907 3902
f 3469 3472 3905
f 3473 3919 3908
f 3473 3482 3919
f 3478 3913 3898
f 3477 3899 3911
f 3481 3489 3918
f 3487 3492 3917
f 3490 3925 3920
f 3491 3928 3923
f 3494 3497 3929
f 3500 3504 3930
f 3502 3511 3933
f 3503 3510 3515
f 3514 3935 3927
f 3513 3561 3936
f 3521 3525 3530
f 3520 3528 3556
f 3527 3944 3941
f 3532 3950 3942
f 3535 3570 3947
f 3533 3953 3554
f 3534 3939 3952
f 3538 3962 3558
f 3539 3968 3960
f 3537 3549 3966
f 3545 3971 3964
f 3544 3976 3970
f 3548 3552 3979
f 3551 3981 3977
f 3550 3955 3988
f 3559 3990 3934
f 3560 3961 3996
f 3563 3582 3572
f 3573 3998 3949
f 3569 4005 4002
f 3571 3580 4004
f 3579 4016 4009
f 3576 3583 4014
f 3574 4022 4003
f 3577 4029 4021
f 3575 4008 4030
f 3588 3593 4015
f 3594 4032 4019
f 3590 3595 4031
f 3596 3600 4033
f 3601 4041 4035
f 3604 3611 4038
f 3610 4045 4037
f 3609 4055 4046
f 3608 3618 4054
f 3615 3620 4060
f 3614 4057 4052
f 3622 4063 4059
f 3619 4073 4064
f 3621 3631 4072
f 3629 4076 4070
f 3626 4085 4080
f 3630 3634 4084
f 3636 4094 4082
f 3633 3648 4093
f 3639 3651 3647
f 3646 4098 4091
f 3645 3654 4097
f 3650 3660 4096
f 3658 3661 4101
f 3662 3669 4103
f 3666 4105 4095
f 3670 3676 4102
f 3673 4123 4116
f 3672 3678 4121
f 3671 4115 4104
f 3677 4125 4122
f 3680 3691 4129
f 3679 3703 3693
f 3681 3689 3705
f 3694 3697 4124
f 3698 4131 4127
f 3699 4137 4132
f 3700 4140 4138
f 3701 4152 4141
f 3702 4156 4146
f 3702 3711 4156
f 3713 4163 4157
f 3712 4166 4165
f 3707 4176 4168
f 3708 3717 4177
f 3715 3722 3727
f 3718 3730 4174
f 3729 4179 4175
f 3725 4186 4180
f 3728 4189 4184
f 3723 3734 4188
f 3736 4193 4190
f 3737 4202 4196
f 3738 3742 4199
f 3741 4206 4201
f 3744 3749 4205
f 3746 4210 4204
f 3750 3752 4212
f 3754 3758 4214
f 3753 4215 4213
f 3761 3780 4216
f 3766 4221 3772
f 3763 3789 4222
f 3771 4226 3783
f 3770 4224 4227
f 3777 4232 4217
f 3778 4242 4234
f 3779 3784 4239
f 3785 4248 4241
f 3786 4230 4249
f 3787 3873 4250
f 3788 4251 4223
f 3799 4269 4260
f 3796 4270 4268
f 3797 3800 4275
f 3798 4258 3866
f 3801 4277 4271
f 3803 3810 4279
f 3807 3813 4281
f 3805 4286 4278
f 3806 4282 4289
f 3814 3816 4284
f 3820 3829 4291
f 3819 4288 4283
f 3830 4301 4297
f 3828 4304 4299
f 3826 3833 4305
f 3822 4311 4293
f 3825 4320 4312
f 3824 4296 4321
f 3832 3836 4307
f 3837 4326 4309
f 3839 4329 4327
f 3840 3845 4332
f 3846 4338 4333
f 3847 3850 4337
f 3848 3855 4336
f 3856 3890 4335
f 3862 4344 3886
f 3858 4348 4346
f 3861 3867 4354
f 3869 4261 4353
f 3872 3885 4359
f 3871 3879 3883
f 3874 4356 4252
f 3882 4343 4358
f 3887 3892 4361
f 3888 4365 4339
f 3894 3915 4360
f 3903 3906 3910
f 3904 3924 3909
f 3904 3916 3924
f 3912 4366 4362
f 3914 4370 4367
f 3914 3922 4370
f 3926 4377 4371
f 3921 3931 4376
f 3932 3937 4375
f 3938 3994 4374
f 3940 3945 3956
f 3943 3948 3954
f 3951 4389 3957
f 3946 3997 4381
f 3958 4383 3987
f 3959 3965 3989
f 3967 4390 3995
f 3963 3972 4391
f 3973 4399 4392
f 3969 4406 4401
f 3974 3975 4408
f 3978 3983 4407
f 3982 4409 4404
f 3980 4415 4413
f 3986 4417 4416
f 3984 4426 4420
f 3985 4380 4427
f 3993 4433 4378
f 3992 4436 4434
f 3991 4394 4438
f 3999 4449 4442
f 4000 4006 4444
f 4001 4441 4382
f 4007 4020 4451
f 4011 4018 4456
f 4012 4460 4027
f 4010 4455 4461
f 4013 4467 4454
f 4017 4036 4464
f 4023 4025 4450
f 4026 4471 4452
f 4024 4479 4472
f 4028 4462 4480
f 4034 4039 4463
f 4040 4043 4468
f 4044 4050 4486
f 4047 4494 4466
f 4048 4497 4493
f 4042 4485 4495
f 4053 4501 4483
f 4049 4507 4502
f 4051 4056 4508
f 4058 4512 4509
f 4061 4518 4513
f 4062 4067 4516
f 4068 4069 4523
f 4066 4532 4515
f 4065 4527 4529
f 4071 4077 4522
f 4079 4539 4534
f 4074 4081 4543
f 4078 4546 4524
f 4075 4538 4548
f 4083 4088 4541
f 4087 4554 4540
f 4090 4561 4555
f 4089 4107 4557
f 4092 4564 4106
f 4086 4100 4563
f 4099 4108 4562
f 4109 4112 4560
f 4113 4139 4143
f 4110 4134 4136
f 4117 4119 4133
f 4114 4571 4559
f 4111 4142 4565
f 4118 4573 4135
f 4120 4128 4572
f 4126 4130 4574
f 4145 4577 4566
f 4144 4147 4575
f 4148 4579 4578
f 4149 4587 4580
f 4150 4591 4589
f 4151 4601 4592
f 4151 4159 4601
f 4160 4611 4599
f 4158 4618 4609
f 4154 4622 4615
f 4153 4625 4619
f 4155 4162 4624
f 4161 4630 4623
f 4164 4170 4632
f 4169 4639 4631
f 4167 4187 4633
f 4173 4185 4191
f 4172 4182 4183
f 4171 4178 4181
f 4192 4194 4634
f 4195 4197 4635
f 4198 4644 4636
f 4200 4203 4645
f 4207 4208 4646
f 4209 4236 4641
f 4211 4218 4235
f 4219 4655 4649
f 4220 4253 4658
f 4225 4647 4229
f 4228 4648 4243
f 4233 4664 4643
f 4231 4238 4665
f 4237 4667 4663
f 4240 4244 4669
f 4245 4678 4672
f 4246 4650 4679
f 4247 4675 4671
f 4254 4685 4656
f 4255 4690 4684
f 4256 4355 4692
f 4257 4266 4701
f 4259 4699 4350
f 4265 4703 4697
f 4267 4711 4704
f 4262 4720 4713
f 4263 4722 4715
f 4264 4274 4723
f 4276 4731 4725
f 4273 4287 4730
f 4272 4280 4290
f 4292 4751 4734
f 4294 4310 4749
f 4285 4735 4727
f 4295 4298 4314
f 4302 4306 4741
f 4300 4739 4319
f 4308 4746 4736
f 4303 4328 4744
f 4313 4318 4752
f 4317 4755 4750
f 4316 4767 4758
f 4315 4742 4768
f 4325 4777 4772
f 4324 4331 4778
f 4323 4787 4743
f 4322 4775 4786
f 4330 4341 4780
f 4334 4363 4790
f 4340 4789 4776
f 4347 4691 4357
f 4345 4794 4694
f 4342 4351 4795
f 4352 4802 4796
f 4349 4698 4800
f 4364 4368 4793
f 4369 4431 4792
f 4369 4372 4431
f 4373 4379 4429
f 4384 4844 4428
f 4385 4806 4846
f 4386 4810 4804
f 4387 4446 4809
f 4388 4443 4448
f 4393 4400 4439
f 4397 4821 4814
f 4398 4405 4822
f 4396 4827 4440
f 4395 4815 4824
f 4403 4833 4820
f 4402 4410 4834
f 4412 4419 4835
f 4411 4414 4422
f 4418 4842 4836
f 4424 4425 4843
f 4421 4851 4832
f 4423 4839 4848
f 4430 5207 4788
f 4430 4861 5207
f 4432 4435 4859
f 4437 4823 4857
f 4445 4866 4811
f 4447 4470 4863
f 4453 4465 4490
f 4458 4477 4459
f 4457 4492 4481
f 4469 4879 4873
f 4475 4482 4877
f 4474 4885 4864
f 4473 4874 4883
f 4476 4889 4875
f 4478 4491 4886
f 4488 4504 4898
f 4487 4899 4499
f 4484 4892 4900
f 4489 4496 4888
f 4498 4878 4887
f 4500 4902 4880
f 4503 4506 4897
f 4505 4511 4906
f 4510 4907 4890
f 4514 4517 4908
f 4519 4914 4909
f 4520 4923 4915
f 4521 4531 4922
f 4525 4929 4530
f 4526 4547 4930
f 4528 4931 4920
f 4533 4933 4549
f 4535 4940 4937
f 4536 4944 4938
f 4537 4544 4947
f 4545 4949 4946
f 4542 4553 4951
f 4550 4956 4926
f 4551 4932 4957
f 4556 4558 4570
f 4552 4569 4954
f 4568 4576 4581
f 4567 4582 4952
f 4583 4961 4950
f 4585 4967 4962
f 4584 4588 4972
f 4586 4593 4968
f 4590 4975 4970
f 4594 4977 4973
f 4598 4983 4976
f 4597 4990 4985
f 4596 4997 4986
f 4595 4604 4996
f 4602 5007 4995
f 4600 5008 5005
f 4606 5013 5009
f 4607 5018 5014
f 4603 5025 5017
f 4605 4608 5020
f 4610 4616 5021
f 4617 5027 5022
f 4612 5036 5031
f 4614 5040 5035
f 4613 4620 5039
f 4621 4626 5038
f 4627 4629 5037
f 4628 4637 5044
f 4638 4659 5043
f 4640 4642 4660
f 4653 4657 5050
f 4652 5053 4680
f 4651 5049 5057
f 4654 4688 5048
f 4661 4666 5058
f 4662 5059 5042
f 4668 5070 5061
f 4670 4676 5066
f 4673 5077 5067
f 4674 5078 5072
f 4677 4681 5081
f 4682 5052 5082
f 4689 5089 5084
f 4683 4696 5088
f 4687 5095 5051
f 4686 5087 5094
f 4693 5104 5091
f 4695 4798 5105
f 4700 4707 4799
f 4706 5100 4803
f 4705 5108 5102
f 4702 4708 5110
f 4709 5119 5116
f 4710 5128 5121
f 4712 4717 5126
f 4714 5114 5106
f 4718 5130 5127
f 4716 5139 5129
f 4719 4721 5136
f 4724 5143 5141
f 4726 4728 5144
f 4729 4733 5145
f 4732 4753 5147
f 4737 4785 5150
f 4738 4745 4784
f 4740 5155 4766
f 4754 5158 5148
f 4747 5162 5159
f 4748 4756 5163
f 4757 4763 5167
f 4762 5154 5174
f 4760 5182 5165
f 4759 5186 5181
f 4765 5193 5187
f 4761 5197 5194
f 4764 5177 5196
f 4769 5201 4782
f 4770 5217 5203
f 4770 4825 5217
f 4771 4860 4826
f 4773 5206 4858
f 4774 4781 5205
f 4779 4791 5204
f 4783 5200 5149
f 4797 4801 5101
f 4805 5213 4845
f 4807 4808 5210
f 4812 4865 5209
f 4817 5216 4828
f 4818 5223 5218
f 4813 4831 5224
f 4816 4819 4829
f 4830 4855 5222
f 4838 4840 5228
f 4837 5230 4854
f 4841 5214 5231
f 4853 5240 5225
f 4852 5245 5237
f 4856 5255 5246
f 4850 5256 5254
f 4847 5261 5260
f 4849 5229 5263
f 4862 5272 5208
f 4867 4881 5273
f 4868 5274 4884
f 4872 5282 5277
f 4869 5284 5279
f 4870 4901 5285
f 4871 4876 4904
f 4882 5276 5267
f 4893 5286 4903
f 4894 5293 5287
f 4895 5295 5294
f 4896 5300 5297
f 4891 4911 5304
f 4905 5308 5301
f 4910 4916 5309
f 4913 5318 5305
f 4912 4917 5314
f 4918 5321 5313
f 4921 5325 5322
f 4919 5334 5326
f 4924 4928 5331
f 4925 4955 5338
f 4927 5335 5333
f 4934 5351 5342
f 4935 4939 5349
f 4936 5343 4960
f 4941 5352 5350
f 4942 4943 5358
f 4945 4965 5359
f 4948 4953 4966
f 4958 5366 5336
f 4959 5346 5365
f 4964 4971 4980
f 4963 4979 5355
f 4969 4974 4981
f 4978 4982 5357
f 4984 4987 5353
f 4988 5367 5354
f 4989 5377 5368
f 4991 5379 5374
f 4991 4998 5379
f 4992 5385 5384
f 4993 5392 5386
f 4994 5002 5394
f 5004 5028 5396
f 5006 5011 5029
f 4999 5010 5015
f 5000 5406 5391
f 5003 5408 5405
f 5001 5400 5411
f 5012 5023 5030
f 5016 5019 5024
f 5026 5032 5398
f 5033 5063 5397
f 5034 5041 5062
f 5046 5421 5415
f 5047 5097 5418
f 5045 5414 5054
f 5056 5423 5083
f 5055 5417 5427
f 5060 5064 5395
f 5071 5428 5404
f 5065 5073 5431
f 5069 5410 5399
f 5068 5402 5409
f 5076 5080 5434
f 5074 5441 5432
f 5075 5435 5442
f 5079 5424 5437
f 5085 5092 5451
f 5086 5450 5099
f 5093 5109 5447
f 5090 5103 5111
f 5096 5458 5420
f 5098 5448 5460
f 5107 5117 5449
f 5115 5472 5464
f 5118 5124 5473
f 5113 5475 5455
f 5112 5466 5476
f 5123 5482 5471
f 5122 5131 5483
f 5120 5125 5132
f 5133 5488 5484
f 5134 5492 5491
f 5135 5137 5494
f 5138 5502 5495
f 5140 5157 5501
f 5142 5146 5160
f 5151 5505 5169
f 5152 5594 5506
f 5152 5219 5594
f 5153 5215 5221
f 5153 5202 5215
f 5156 5508 5498
f 5161 5166 5509
f 5164 5180 5511
f 5170 5516 5195
f 5171 5521 5512
f 5172 5526 5519
f 5173 5531 5525
f 5168 5538 5530
f 5175 5543 5536
f 5176 5504 5545
f 5180 5554 5511
f 5178 5556 5555
f 5179 5185 5561
f 5184 5563 5558
f 5183 5189 5567
f 5190 5569 5565
f 5191 5578 5568
f 5192 5583 5575
f 5188 5199 5584
f 5198 5518 5585
f 5212 5587 5226
f 5211 5270 5588
f 5220 5242 5591
f 5227 5596 5262
f 5232 5603 5598
f 5233 5590 5604
f 5241 5541 5593
f 5239 5611 5542
f 5243 5616 5605
f 5238 5622 5612
f 5236 5625 5617
f 5235 5632 5626
f 5234 5247 5627
f 5244 5635 5631
f 5248 5252 5633
f 5251 5643 5634
f 5250 5647 5642
f 5249 5653 5649
f 5253 5257 5652
f 5258 5658 5651
f 5259 5264 5656
f 5265 5597 5657
f 5271 5672 5665
f 5269 5278 5673
f 5266 5681 5589
f 5268 5664 5680
f 5275 5280 5675
f 5281 5687 5671
f 5283 5288 5685
f 5290 5689 5686
f 5289 5292 5695
f 5291 5296 5697
f 5299 5703 5694
f 5298 5303 5702
f 5302 5310 5701
f 5307 5708 5700
f 5306 5709 5707
f 5312 5717 5711
f 5311 5315 5712
f 5316 5726 5718
f 5317 5319 5727
f 5320 5327 5728
f 5324 5740 5737
f 5328 5329 5738
f 5323 5736 5729
f 5332 5362 5742
f 5330 5337 5363
f 5345 5749 5364
f 5344 5755 5750
f 5339 5376 5753
f 5341 5370 5375
f 5340 5348 5371
f 5347 5356 5369
f 5361 5758 5739
f 5360 5748 5760
f 5372 5767 5751
f 5373 5378 5766
f 5380 5772 5765
f 5381 5776 5774
f 5382 5786 5780
f 5383 5389 5782
f 5387 5787 5781
f 5388 5393 5788
f 5390 5403 5789
f 5401 5783 5790
f 5407 5433 5784
f 5413 5795 5426
f 5416 5803 5797
f 5412 5422 5802
f 5419 5457 5798
f 5425 5794 5438
f 5429 5777 5785
f 5430 5445 5778
f 5440 5808 5444
f 5436 5812 5805
f 5439 5792 5810
f 5443 5775 5779
f 5446 5809 5773
f 5452 5824 5819
f 5453 5478 5823
f 5454 5820 5461
f 5456 5833 5804
f 5459 5821 5828
f 5462 5843 5838
f 5468 5850 5846
f 5467 5470 5851
f 5469 5822 5477
f 5465 5857 5826
f 5463 5840 5858
f 5474 5479 5847
f 5485 5861 5852
f 5480 5866 5860
f 5481 5486 5869
f 5487 5880 5871
f 5489 5886 5879
f 5490 5493 5883
f 5497 5889 5884
f 5496 5499 5891
f 5503 5551 5890
f 5500 5510 5552
f 5507 5592 5548
f 5517 5893 5582
f 5513 5898 5894
f 5514 5906 5900
f 5515 5522 5903
f 5520 5528 5904
f 5527 5912 5907
f 5524 5919 5913
f 5523 5532 5915
f 5533 5925 5917
f 5529 5540 5926
f 5539 5934 5927
f 5537 5546 5935
f 5534 5939 5924
f 5535 5932 5940
f 5544 5928 5933
f 5550 5975 5931
f 5547 5943 5971
f 5549 5606 5942
f 5553 5559 5887
f 5562 5882 5888
f 5560 5946 5881
f 5557 5564 5945
f 5566 5570 5944
f 5571 5874 5947
f 5572 5948 5876
f 5573 5958 5950
f 5574 5577 5957
f 5579 5580 5961
f 5576 5963 5955
f 5581 5895 5959
f 5586 5679 5602
f 5595 5965 5663
f 5599 5600 5969
f 5601 5678 5967
f 5610 5974 5941
f 5608 5977 5973
f 5607 5984 5980
f 5609 5613 5983
f 5614 5991 5982
f 5615 5618 5990
f 5619 5998 5989
f 5620 6003 5999
f 5621 5623 6004
f 5624 5629 6000
f 5630 6007 6001
f 5628 5636 6008
f 5637 5641 6012
f 5638 6013 6009
f 5639 6018 6017
f 5640 5646 6019
f 5644 6027 6021
f 5650 6036 6028
f 5648 6039 6034
f 5645 5654 6041
f 5655 5661 6040
f 5660 6033 6038
f 5659 6044 6035
f 5662 5970 6042
f 5667 5676 6050
f 5666 5966 5682
f 5670 6046 5968
f 5668 6055 6045
f 5669 6051 6053
f 5674 5684 6061
f 5677 6058 6048
f 5688 6066 6062
f 5683 5696 6067
f 5690 6072 6065
f 5691 6074 6071
f 5692 6084 6073
f 5693 5699 6081
f 5698 5706 6079
f 5705 5710 5719
f 5704 5713 6080
f 5714 5721 6088
f 5716 6089 6082
f 5715 6086 6094
f 5725 6101 6087
f 5723 6103 6102
f 5722 6110 6106
f 5724 6114 6107
f 5720 5733 6113
f 5732 6121 6112
f 5734 6123 6122
f 5735 6135 6124
f 5730 5757 6134
f 5731 5741 5759
f 5745 6145 6139
f 5747 5754 6146
f 5744 6151 5761
f 5743 6159 6152
f 5746 6138 6160
f 5752 5764 6147
f 5756 6154 6133
f 5762 5768 6163
f 5763 6165 6144
f 5770 6169 6164
f 5771 6174 6167
f 5769 5806 6173
f 5791 6185 6182
f 5796 5800 6183
f 5793 6179 5816
f 5799 6193 6186
f 5801 5830 6190
f 5807 5811 6176
f 5815 6201 6199
f 5814 6181 6204
f 5813 6194 6175
f 5817 5854 5829
f 5818 5825 5853
f 5834 6211 6192
f 5832 6216 6213
f 5827 6217 6214
f 5831 5855 6218
f 5836 5841 6229
f 5835 6220 5856
f 5837 6206 6221
f 5839 6225 6208
f 5842 6236 6224
f 5844 6242 6233
f 5845 5848 6243
f 5849 5863 6244
f 5862 6246 6241
f 5864 6255 6245
f 5859 5867 6253
f 5868 6259 6252
f 5870 6263 6257
f 5872 6267 6264
f 5873 6272 6268
f 5865 5877 6270
f 5875 5885 5892
f 5878 5954 6273
f 5896 6279 5964
f 5897 5902 6281
f 5901 6283 6275
f 5899 5905 6284
f 5908 5911 6285
f 5909 6293 6286
f 5910 5916 6292
f 5918 6301 6294
f 5914 5923 6302
f 5922 6309 6305
f 5921 5936 6310
f 5920 6306 6295
f 5930 5979 5937
f 5929 5972 5978
f 5938 5981 6314
f 5949 5962 6280
f 5951 5956 5960
f 5953 6316 6274
f 5952 6278 6317
f 5976 5985 6313
f 5986 6324 6312
f 5987 6332 6325
f 5988 5994 6328
f 5992 6334 6326
f 5993 5996 6338
f 5995 6344 6335
f 5997 6005 6346
f 6002 6011 6343
f 6006 6351 6341
f 6010 6016 6347
f 6015 6025 6348
f 6014 6020 6022
f 6023 6357 6352
f 6026 6363 6354
f 6024 6037 6362
f 6032 6043 6054
f 6029 6365 6360
f 6030 6049 6371
f 6031 6056 6052
f 6047 6060 6368
f 6059 6064 6376
f 6057 6374 6366
f 6063 6068 6375
f 6069 6382 6373
f 6070 6075 6383
f 6076 6083 6096
f 6077 6390 6384
f 6078 6097 6391
f 6085 6100 6095
f 6098 6398 6392
f 6093 6402 6396
f 6092 6109 6403
f 6091 6104 6108
f 6090 6099 6105
f 6111 6115 6404
f 6117 6120 6411
f 6116 6415 6401
f 6118 6407 6413
f 6119 6130 6410
f 6132 6420 6409
f 6128 6426 6418
f 6125 6428 6424
f 6126 6433 6430
f 6127 6436 6435
f 6129 6447 6438
f 6131 6137 6446
f 6136 6155 6445
f 6141 6168 6453
f 6142 6161 6171
f 6143 6148 6162
f 6140 6449 6158
f 6156 6456 6443
f 6153 6198 6457
f 6150 6452 6195
f 6149 6157 6451
f 6170 6197 6450
f 6166 6172 6196
f 6180 6187 6460
f 6178 6465 6202
f 6177 6461 6467
f 6184 6477 6462
f 6188 6189 6476
f 6191 6212 6474
f 6200 6203 6458
f 6205 6469 6455
f 6207 6215 6219
f 6209 6482 6480
f 6210 6222 6484
f 6223 6495 6489
f 6227 6235 6496
f 6231 6501 6483
f 6230 6506 6500
f 6228 6509 6503
f 6226 6492 6510
f 6232 6515 6498
f 6238 6520 6513
f 6234 6526 6519
f 6237 6240 6524
f 6239 6250 6523
f 6249 6531 6521
f 6248 6540 6530
f 6247 6251 6539
f 6254 6258 6538
f 6260 6320 6536
f 6256 6262 6319
f 6261 6269 6321
f 6265 6266 6271
f 6277 6543 6315
f 6276 6287 6542
f 6282 6289 6547
f 6290 6529 6546
f 6291 6550 6528
f 6288 6296 6551
f 6297 6555 6552
f 6298 6560 6554
f 6299 6564 6559
f 6300 6304 6565
f 6303 6307 6566
f 6308 6570 6567
f 6311 6323 6573
f 6318 6544 6537
f 6322 6331 6571
f 6329 6574 6572
f 6330 6582 6578
f 6327 6337 6583
f 6339 6587 6584
f 6340 6591 6588
f 6336 6599 6594
f 6333 6345 6600
f 6342 6349 6604
f 6350 6355 6603
f 6356 6610 6602
f 6358 6616 6606
f 6353 6364 6611
f 6361 6618 6615
f 6359 6372 6619
f 6369 6614 6617
f 6370 6622 6613
f 6367 6378 6624
f 6377 6381 6629
f 6379 6628 6625
f 6380 6385 6627
f 6387 6637 6636
f 6389 6393 6639
f 6388 6642 6626
f 6386 6634 6641
f 6399 6400 6650
f 6395 6655 6640
f 6394 6662 6658
f 6397 6651 6660
f 6405 6412 6653
f 6408 6669 6414
f 6406 6419 6668
f 6416 6671 6652
f 6421 6673 6670
f 6417 6425 6679
f 6423 6681 6675
f 6422 6431 6688
f 6432 6439 6475
f 6429 6434 6442
f 6427 6478 6683
f 6441 6463 6470
f 6437 6464 6459
f 6440 6444 6466
f 6448 6454 6468
f 6479 6508 6682
f 6473 6505 6507
f 6472 6499 6504
f 6471 6481 6502
f 6488 6685 6511
f 6491 6691 6687
f 6490 6694 6690
f 6487 6674 6695
f 6486 6667 6676
f 6485 6493 6663
f 6497 6702 6664
f 6494 6514 6701
f 6512 6518 6698
f 6517 6706 6697
f 6516 6527 6705
f 6525 6534 6710
f 6522 6714 6704
f 6533 6719 6715
f 6532 6548 6720
f 6535 6541 6545
f 6549 6556 6721
f 6558 6563 6723
f 6553 6728 6722
f 6557 6724 6729
f 6562 6569 6575
f 6562 6568 6569
f 6561 6734 6726
f 6561 6576 6734
f 6577 6581 6735
f 6579 6742 6736
f 6580 6589 6739
f 6590 6745 6740
f 6585 6754 6744
f 6586 6592 6753
f 6596 6756 6751
f 6598 6646 6757
f 6597 6765 6645
f 6595 6605 6762
f 6593 6601 6609
f 6607 6620 6766
f 6608 6612 6621
f 6623 6631 6764
f 6630 6644 6763
f 6632 6654 6768
f 6632 6638 6654
f 6633 6775 6643
f 6635 6769 6776
f 6647 6771 6755
f 6648 6678 6666
f 6649 6672 6677
f 6656 6783 6770
f 6657 6659 6782
f 6661 6787 6781
f 6665 6696 6789
f 6680 6684 6692
f 6686 6689 6693
f 6699 6790 6788
f 6700 6708 6791
f 6707 6785 6792
f 6709 6794 6777
f 6703 6711 6795
f 6712 6803 6798
f 6713 6806 6801
f 6716 6717 6807
f 6718 6727 6804
f 6725 6809 6730
f 6725 6733 6809
f 6732 6800 6805
f 6731 6829 6799
f 6731 6812 6829
f 6738 6746 6810
f 6737 6741 6747
f 6748 6816 6811
f 6743 6752 6814
f 6750 6821 6815
f 6749 6759 6820
f 6758 6772 6824
f 6760 6830 6819
f 6761 6823 6832
f 6767 6778 6773
f 6774 6779 6827
f 6780 6786 6793
f 6784 6796 6825
f 6797 6831 6826
f 6797 6802 6831
f 6813 6822 6828
f 6808 6817 6818
