# https://github.com/mikedh/trimesh
mtllib left_thumb_intermediate_visual001.mtl
usemtl left_thumb_intermediate_visual001_material_0
v 0.00912927 0.01540359 -0.00242064
v 0.00620890 0.01679467 -0.00189586
v 0.00304837 0.01761210 -0.00114355
v -0.00018025 0.01781138 -0.00020465
v 0.00124287 0.01743315 0.00016473
v 0.00088728 0.01762949 0.00007174
v 0.00050264 0.01774917 -0.00002772
v 0.00016383 0.01780179 -0.00011527
v 0.00170427 0.01705015 0.00021293
v 0.00147514 0.01725260 0.00020758
v 0.00421167 0.01669015 -0.00050337
v 0.00664578 0.01593294 -0.00108263
v 0.00891493 0.01480706 -0.00150306
v 0.00913119 0.01530207 -0.00201829
v 0.00910188 0.01521025 -0.00185343
v 0.00905482 0.01509420 -0.00170926
v 0.00899174 0.01495815 -0.00159103
v 0.00914008 0.01538581 -0.00228298
v 0.00914073 0.01535175 -0.00214799
v 0.00470778 0.01707290 -0.00097626
v 0.00795297 0.01585327 -0.00167567
v 0.00794199 0.01580879 -0.00161578
v 0.00650669 0.01649216 -0.00139063
v 0.00370474 0.01730204 -0.00071886
v 0.00240505 0.01750440 -0.00035901
v 0.00227410 0.01757908 -0.00041369
v 0.01459156 0.01016763 -0.01074715
v 0.01447076 0.01034861 -0.00730472
v 0.01459156 0.01016762 -0.00386216
v 0.00912927 0.01540359 -0.01218866
v 0.01123529 0.01391346 -0.01062820
v 0.01206258 0.01318170 -0.00967822
v 0.01239866 0.01285549 -0.00936601
v 0.01269780 0.01254942 -0.00919753
v 0.01295648 0.01227185 -0.00914186
v 0.01316813 0.01203522 -0.00916310
v 0.01343714 0.01172110 -0.00928410
v 0.01375440 0.01132976 -0.00957434
v 0.01417435 0.01077260 -0.01018467
v -0.00018025 0.01781138 -0.01440465
v 0.00304837 0.01761210 -0.01346575
v 0.00620890 0.01679468 -0.01271344
v -0.01170940 0.01276115 -0.01440465
v -0.00924208 0.01482790 -0.01440465
v -0.00642944 0.01639258 -0.01440465
v -0.00337230 0.01739910 -0.01440465
v -0.01170940 0.01276115 -0.01390465
v 0.00089453 0.01781356 -0.01390465
v -0.00258216 0.01755890 -0.01390465
v -0.00593380 0.01660042 -0.01390465
v -0.00901946 0.01497844 -0.01390465
v 0.00272369 0.01766027 -0.01309824
v 0.00218747 0.01772587 -0.01351310
v 0.00163536 0.01777543 -0.01378014
v 0.00127179 0.01779819 -0.01387264
v 0.00332767 0.01756553 -0.01190465
v 0.00329328 0.01757152 -0.01220459
v 0.00319447 0.01758834 -0.01248995
v 0.00304219 0.01761308 -0.01275015
v 0.00289354 0.01763586 -0.01293307
v 0.00332767 0.01756552 -0.00270465
v 0.00272369 0.01766027 -0.00151106
v 0.00303388 0.01761439 -0.00184792
v 0.00321759 0.01758445 -0.00217143
v 0.00329943 0.01757045 -0.00243275
v 0.00089453 0.01781355 -0.00070465
v 0.00144557 0.01778829 -0.00077310
v 0.00196313 0.01774820 -0.00096807
v 0.00236084 0.01770655 -0.00121458
v -0.00258216 0.01755889 -0.00070465
v -0.00593380 0.01660042 -0.00070465
v -0.00901946 0.01497843 -0.00070465
v -0.01170940 0.01276114 -0.00070465
v -0.01170940 0.01276114 -0.00020465
v -0.00018025 0.01781138 -0.00020465
v -0.00337230 0.01739910 -0.00020465
v -0.00642944 0.01639258 -0.00020465
v -0.00924208 0.01482790 -0.00020465
v 0.00912927 0.01540359 -0.00242064
v 0.00620890 0.01679467 -0.00189586
v 0.00304837 0.01761210 -0.00114355
v 0.01376708 0.01131361 -0.00501980
v 0.01357266 0.01155683 -0.00522173
v 0.01337353 0.01179676 -0.00536359
v 0.01317327 0.01202936 -0.00544490
v 0.01291605 0.01231607 -0.00546460
v 0.01267690 0.01257129 -0.00540343
v 0.01236523 0.01288875 -0.00521787
v 0.01190053 0.01333274 -0.00473914
v 0.01063443 0.01438871 -0.00344832
v 0.00293455 0.01732601 -0.00270465
v 0.00291039 0.01736429 -0.00228154
v 0.00283903 0.01747742 -0.00187758
v 0.00272369 0.01766027 -0.00151106
v 0.00089453 0.01781355 -0.00070465
v 0.00144557 0.01778829 -0.00077310
v 0.00196313 0.01774820 -0.00096807
v 0.00236084 0.01770655 -0.00121458
v 0.00179550 0.01500506 -0.00070465
v 0.00139449 0.01534900 -0.00070465
v 0.00107844 0.01577234 -0.00070465
v 0.00086267 0.01625457 -0.00070465
v 0.00075764 0.01677233 -0.00070465
v 0.00076843 0.01730052 -0.00070465
v 0.00292255 0.01665726 -0.00270465
v 0.00289429 0.01661583 -0.00225961
v 0.00281093 0.01649364 -0.00183688
v 0.00267666 0.01629680 -0.00145767
v 0.00249820 0.01603519 -0.00114099
v 0.00228450 0.01572192 -0.00090271
v 0.00204629 0.01537271 -0.00075479
v 0.00285816 0.01726341 -0.00270465
v 0.00279945 0.01718401 -0.00270465
v 0.00276197 0.01709264 -0.00270465
v 0.00274802 0.01699487 -0.00270465
v 0.00275845 0.01689667 -0.00270465
v 0.00279263 0.01680401 -0.00270465
v 0.00284846 0.01672255 -0.00270465
v 0.00282264 0.01668367 -0.00228154
v 0.00276400 0.01676221 -0.00228154
v 0.00272492 0.01659234 -0.00187758
v 0.00272397 0.01685168 -0.00228154
v 0.00264867 0.01669448 -0.00187758
v 0.00270449 0.01694774 -0.00228154
v 0.00256697 0.01644473 -0.00151106
v 0.00270276 0.01699568 -0.00228154
v 0.00259661 0.01681082 -0.00187758
v 0.00270649 0.01704573 -0.00228154
v 0.00246225 0.01658500 -0.00151106
v 0.00236915 0.01625986 -0.00121456
v 0.00257127 0.01693573 -0.00187758
v 0.00271829 0.01710451 -0.00228154
v 0.00256903 0.01699808 -0.00187758
v 0.00239076 0.01674478 -0.00151106
v 0.00274502 0.01717719 -0.00228154
v 0.00222878 0.01644789 -0.00121456
v 0.00257387 0.01706317 -0.00187758
v 0.00277324 0.01722821 -0.00228154
v 0.00211933 0.01602639 -0.00096806
v 0.00235596 0.01691634 -0.00151106
v 0.00258922 0.01713960 -0.00187758
v 0.00213294 0.01666207 -0.00121456
v 0.00235288 0.01700196 -0.00151106
v 0.00281917 0.01728797 -0.00228154
v 0.00262398 0.01723411 -0.00187758
v 0.00193393 0.01627474 -0.00096806
v 0.00235953 0.01709135 -0.00151106
v 0.00208629 0.01689204 -0.00121456
v 0.00266068 0.01730046 -0.00187758
v 0.00238060 0.01719632 -0.00151106
v 0.00177350 0.01570320 -0.00077310
v 0.00208216 0.01700682 -0.00121456
v 0.00180735 0.01655763 -0.00096806
v 0.00272041 0.01737816 -0.00187758
v 0.00242835 0.01732611 -0.00151106
v 0.00209108 0.01712664 -0.00121456
v 0.00152576 0.01603504 -0.00077310
v 0.00174574 0.01686135 -0.00096806
v 0.00247875 0.01741724 -0.00151106
v 0.00211933 0.01726736 -0.00121456
v 0.00174029 0.01701295 -0.00096806
v 0.00256077 0.01752395 -0.00151106
v 0.00135664 0.01641304 -0.00077310
v 0.00218334 0.01744133 -0.00121456
v 0.00175207 0.01717121 -0.00096806
v 0.00225089 0.01756349 -0.00121456
v 0.00178937 0.01735706 -0.00096806
v 0.00127431 0.01681888 -0.00077310
v 0.00126702 0.01702144 -0.00077310
v 0.00187391 0.01758685 -0.00096806
v 0.00128277 0.01723290 -0.00077310
v 0.00133262 0.01748124 -0.00077310
v 0.00272369 0.01766027 -0.01309824
v 0.00218747 0.01772587 -0.01351310
v 0.00163536 0.01777543 -0.01378014
v 0.00127179 0.01779819 -0.01387264
v 0.00089453 0.01781356 -0.01390465
v 0.00293455 0.01732601 -0.01190465
v 0.00291039 0.01736430 -0.01232776
v 0.00283903 0.01747742 -0.01273172
v 0.00292255 0.01665726 -0.01190465
v 0.00284846 0.01672256 -0.01190465
v 0.00279263 0.01680401 -0.01190465
v 0.00275845 0.01689667 -0.01190465
v 0.00274802 0.01699487 -0.01190465
v 0.00276197 0.01709264 -0.01190465
v 0.00279945 0.01718401 -0.01190465
v 0.00285817 0.01726341 -0.01190465
v 0.00179550 0.01500506 -0.01390465
v 0.00204629 0.01537271 -0.01385451
v 0.00228450 0.01572192 -0.01370659
v 0.00249820 0.01603519 -0.01346831
v 0.00267666 0.01629680 -0.01315163
v 0.00281093 0.01649364 -0.01277242
v 0.00289429 0.01661583 -0.01234969
v 0.00076843 0.01730052 -0.01390465
v 0.00075764 0.01677233 -0.01390465
v 0.00086267 0.01625457 -0.01390465
v 0.00107844 0.01577234 -0.01390465
v 0.00139449 0.01534900 -0.01390465
v 0.00165477 0.01559225 -0.01387266
v 0.00138564 0.01595275 -0.01387266
v 0.00190196 0.01582325 -0.01378016
v 0.00120190 0.01636340 -0.01387266
v 0.00167738 0.01612408 -0.01378016
v 0.00111246 0.01680430 -0.01387266
v 0.00152406 0.01646675 -0.01378016
v 0.00226291 0.01616058 -0.01351312
v 0.00110454 0.01702436 -0.01387266
v 0.00112165 0.01725409 -0.01387266
v 0.00144942 0.01683466 -0.01378016
v 0.00210339 0.01637426 -0.01351312
v 0.00117580 0.01752388 -0.01387266
v 0.00144281 0.01701829 -0.01378016
v 0.00253692 0.01641665 -0.01315163
v 0.00145709 0.01720999 -0.01378016
v 0.00199449 0.01661766 -0.01351312
v 0.00150228 0.01743512 -0.01378016
v 0.00242679 0.01656418 -0.01315163
v 0.00194147 0.01687899 -0.01351312
v 0.00158238 0.01766402 -0.01378016
v 0.00193678 0.01700943 -0.01351312
v 0.00271101 0.01657935 -0.01277242
v 0.00235160 0.01673222 -0.01315163
v 0.00194692 0.01714559 -0.01351312
v 0.00263225 0.01668484 -0.01277242
v 0.00197902 0.01730551 -0.01351312
v 0.00231500 0.01691265 -0.01315163
v 0.00281908 0.01668034 -0.01234969
v 0.00203591 0.01746809 -0.01351312
v 0.00231176 0.01700270 -0.01315163
v 0.00257848 0.01680501 -0.01277242
v 0.00209251 0.01758221 -0.01351312
v 0.00231876 0.01709671 -0.01315163
v 0.00275980 0.01675975 -0.01234969
v 0.00234092 0.01720712 -0.01315163
v 0.00255231 0.01693403 -0.01277242
v 0.00254999 0.01699843 -0.01277242
v 0.00271933 0.01685019 -0.01234969
v 0.00238020 0.01731936 -0.01315163
v 0.00255500 0.01706565 -0.01277242
v 0.00241927 0.01739815 -0.01315163
v 0.00257085 0.01714460 -0.01277242
v 0.00269963 0.01694730 -0.01234969
v 0.00248484 0.01749733 -0.01315163
v 0.00269789 0.01699577 -0.01234969
v 0.00254204 0.01756417 -0.01315163
v 0.00259894 0.01722487 -0.01277242
v 0.00270165 0.01704637 -0.01234969
v 0.00262688 0.01728121 -0.01277242
v 0.00271358 0.01710579 -0.01234969
v 0.00267376 0.01735214 -0.01277242
v 0.00271467 0.01739993 -0.01277242
v 0.00273472 0.01716621 -0.01234969
v 0.00275576 0.01720862 -0.01234969
v 0.00279104 0.01726200 -0.01234969
v 0.00282183 0.01729798 -0.01234969
v -0.00018025 0.01781138 -0.00020465
v -0.00337230 0.01739910 -0.00020465
v -0.00642944 0.01639258 -0.00020465
v -0.00924208 0.01482790 -0.00020465
v -0.01170940 0.01276114 -0.00020465
v -0.01170861 0.01275375 -0.00012945
v -0.01170633 0.01273257 -0.00005740
v -0.01170269 0.01269912 0.00000974
v -0.01169785 0.01265525 0.00007043
v -0.01169197 0.01260291 0.00012407
v -0.01168276 0.01252286 0.00018420
v -0.01167096 0.01242368 0.00023595
v -0.01165794 0.01231779 0.00027131
v -0.01164551 0.01221994 0.00028940
v -0.01163245 0.01212027 0.00029535
v -0.00920569 0.01424274 0.00029535
v -0.00641252 0.01585279 0.00029535
v -0.00335958 0.01688895 0.00029535
v -0.00016343 0.01731166 0.00029535
v -0.00017983 0.01779885 -0.00009339
v -0.00017858 0.01776189 0.00001229
v -0.00017658 0.01770235 0.00010710
v -0.00017392 0.01762323 0.00018627
v -0.00017073 0.01752848 0.00024584
v -0.00016717 0.01742286 0.00028282
v -0.01144518 0.01247544 0.00028281
v -0.01152049 0.01254958 0.00024583
v -0.01158804 0.01261610 0.00018627
v -0.01163436 0.01266170 0.00012407
v -0.01168690 0.01271344 0.00001229
v -0.00927040 0.01433324 0.00028281
v -0.00933187 0.01441921 0.00024583
v -0.00938702 0.01449632 0.00018627
v -0.00942483 0.01454920 0.00012407
v -0.00946771 0.01460918 0.00001229
v -0.00948922 0.01463926 -0.00009339
v -0.00645840 0.01595415 0.00028281
v -0.00650198 0.01605042 0.00024584
v -0.00654107 0.01613679 0.00018627
v -0.00656788 0.01619601 0.00012408
v -0.00659828 0.01626319 0.00001229
v -0.00661353 0.01629688 -0.00009339
v -0.00338487 0.01699729 0.00028281
v -0.00340890 0.01710021 0.00024584
v -0.00343045 0.01719253 0.00018627
v -0.00344523 0.01725583 0.00012408
v -0.00346200 0.01732764 0.00001229
v -0.00347040 0.01736365 -0.00009339
v 0.00145883 0.01672672 0.00029535
v -0.00087816 0.01437468 0.00029535
v -0.00264796 0.01159538 0.00029535
v -0.00424504 0.00769422 0.00029535
v -0.00506524 0.00394101 0.00029535
v -0.00518612 0.00013599 0.00029535
v -0.00777846 0.00175253 0.00029535
v -0.00957512 0.00500349 0.00029535
v -0.01086934 0.00848511 0.00029535
v -0.01163245 0.01212027 0.00029535
v -0.00920569 0.01424274 0.00029535
v -0.00641252 0.01585279 0.00029535
v -0.00335958 0.01688895 0.00029535
v -0.00016343 0.01731166 0.00029535
v 0.00041251 0.01728898 0.00029535
v 0.00076842 0.01722939 0.00029535
v 0.00111457 0.01712154 0.00029535
v -0.01163245 0.01212027 -0.01490465
v -0.01086934 0.00848512 -0.01490465
v -0.00957512 0.00500350 -0.01490465
v -0.00777846 0.00175254 -0.01490465
v -0.00777846 0.00175254 -0.01390465
v -0.01170940 0.01276115 -0.01390465
v -0.01098528 0.00889953 -0.01390465
v -0.00966405 0.00519942 -0.01390465
v -0.01170940 0.01276115 -0.01440465
v -0.01165180 0.01226908 -0.01489124
v -0.01166952 0.01241181 -0.01485015
v -0.01168511 0.01254313 -0.01478015
v -0.01169670 0.01264493 -0.01469156
v -0.01170178 0.01269085 -0.01463213
v -0.01170570 0.01272673 -0.01456597
v -0.01170810 0.01274897 -0.01450113
v -0.01170907 0.01275804 -0.01445340
v -0.00777846 0.00175254 -0.01490465
v -0.00777846 0.00175254 -0.01390465
v -0.00482856 -0.00008697 -0.01390465
v -0.00482856 -0.00008697 -0.01496478
v -0.00500521 0.00002380 -0.01491981
v -0.00518612 0.00013600 -0.01490465
v 0.00293455 0.01732601 -0.00270465
v 0.00293455 0.01732601 -0.01190465
v 0.00332767 0.01756552 -0.00270465
v 0.00332767 0.01756553 -0.01190465
v -0.00422507 -0.00131523 -0.01518573
v -0.00422507 -0.00131523 -0.01518573
v -0.00465613 -0.00043780 -0.01502964
v -0.00465613 -0.00043780 -0.01502964
v -0.00482856 -0.00008697 -0.01496478
v -0.00482856 -0.00008697 -0.01390465
v -0.00482856 -0.00008697 -0.01390465
v -0.00482856 -0.00008697 -0.01390465
v -0.00322198 -0.00335681 -0.01390466
v -0.00334010 -0.00311640 -0.01408169
v -0.00238809 -0.00150941 -0.01540466
v 0.00046663 -0.00228131 -0.01540466
v 0.00229439 -0.00247568 -0.01540466
v 0.00325316 -0.00241944 -0.01540466
v 0.00412167 -0.00223060 -0.01540452
v 0.00311791 -0.00398414 -0.01473976
v 0.00246303 -0.00530496 -0.01382724
v 0.00208740 -0.00615613 -0.01289368
v 0.00195055 -0.00648722 -0.01238281
v 0.00185754 -0.00672100 -0.01192284
v 0.00167637 -0.00698703 -0.01110088
v 0.00159367 -0.00714643 -0.01025444
v 0.00157198 -0.00723083 -0.00940016
v 0.00072798 -0.00688952 -0.00940016
v 0.00195579 -0.00508962 -0.01390466
v 0.00139573 -0.00591064 -0.01292840
v 0.00102672 -0.00645159 -0.01185635
v 0.00081467 -0.00676245 -0.01065652
v -0.00322198 -0.00335681 -0.01390466
v -0.00334010 -0.00311640 -0.01408169
v -0.00289890 -0.00236374 -0.01479195
v -0.00309401 -0.00127851 -0.01540466
v -0.00238809 -0.00150941 -0.01540466
v -0.00289890 -0.00236374 -0.01479195
v -0.00334010 -0.00311640 -0.01408169
v -0.00422507 -0.00131523 -0.01518573
v -0.00343932 -0.00120456 -0.01538627
v -0.00378892 -0.00120427 -0.01532706
v -0.00401264 -0.00124534 -0.01526483
v 0.00185754 -0.00672100 -0.00268647
v 0.00205611 -0.00622965 -0.00181954
v 0.00234255 -0.00556968 -0.00103167
v 0.00268079 -0.00484567 -0.00041030
v 0.00311791 -0.00398415 0.00013045
v 0.00359653 -0.00311340 0.00052206
v 0.00412167 -0.00223059 0.00079532
v 0.00165260 -0.00726362 -0.00520915
v 0.00170916 -0.00710975 -0.00391830
v 0.00165260 -0.00726362 -0.00940016
v 0.00185754 -0.00672100 -0.01192284
v 0.00174656 -0.00700926 -0.01111800
v 0.00168322 -0.00717983 -0.01027240
v 0.00412167 -0.00223060 -0.01540452
v 0.00311791 -0.00398414 -0.01473976
v 0.00246303 -0.00530496 -0.01382724
v 0.00208740 -0.00615613 -0.01289368
v 0.00195055 -0.00648722 -0.01238281
v 0.00337401 -0.00350944 -0.01540466
v 0.00284964 -0.00450425 -0.01493178
v 0.00239842 -0.00544556 -0.01429581
v 0.00196069 -0.00646206 -0.01328137
v 0.00169044 -0.00716028 -0.01215167
v 0.00155197 -0.00754610 -0.01100982
v 0.00150820 -0.00767271 -0.01026817
v 0.00148504 -0.00774089 -0.00951775
v 0.00148504 -0.00774089 -0.00509157
v 0.00158212 -0.00746020 -0.00326489
v 0.00174910 -0.00700305 -0.00214454
v 0.00202463 -0.00630571 -0.00113890
v 0.00219964 -0.00589236 -0.00070395
v 0.00239842 -0.00544556 -0.00031351
v 0.00284972 -0.00450416 0.00032324
v 0.00337401 -0.00350945 0.00079534
v 0.00185831 0.01451255 0.00079535
v 0.00874359 0.00661597 0.00079535
v 0.00895987 0.00447700 0.00079535
v 0.00888544 0.00345019 0.00079534
v 0.01013048 0.00439132 0.00079535
v 0.01009493 0.00381594 0.00079535
v 0.01008959 0.00375534 0.00079535
v 0.00568449 -0.00287115 0.00079534
v 0.00704065 -0.00204729 0.00079535
v 0.00817918 -0.00093198 0.00079535
v 0.00906868 0.00038597 0.00079535
v 0.00970417 0.00185015 0.00079535
v 0.00994977 0.00278870 0.00079535
v 0.00423472 -0.00336303 0.00079534
v 0.00337401 -0.00350945 0.00079534
v 0.00412167 -0.00223059 0.00079532
v -0.00238809 -0.00150942 0.00079535
v 0.00046663 -0.00228131 0.00079534
v 0.00229439 -0.00247568 0.00079534
v 0.00325319 -0.00241944 0.00079534
v -0.00309401 -0.00127852 0.00079535
v -0.00326922 0.00224730 0.00079535
v -0.00277144 0.00574751 0.00079535
v -0.00146385 0.00959384 0.00079535
v -0.00005119 0.01220974 0.00079535
v 0.00123683 0.00206014 0.00079535
v 0.00150881 0.00182184 0.00079535
v 0.00171587 0.00152538 0.00079535
v 0.00184595 0.00118798 0.00079535
v 0.00189152 0.00082925 0.00079535
v 0.00184991 0.00047004 0.00079535
v 0.00172354 0.00013123 0.00079535
v 0.00151976 -0.00016749 0.00079535
v 0.00125042 -0.00040877 0.00079535
v 0.00093116 -0.00057858 0.00079535
v 0.00058054 -0.00066705 0.00079535
v 0.00021893 -0.00066904 0.00079535
v -0.00013264 -0.00058444 0.00079535
v -0.00045375 -0.00041815 0.00079535
v -0.00072573 -0.00017986 0.00079535
v -0.00093279 0.00011661 0.00079535
v -0.00106288 0.00045401 0.00079535
v -0.00110844 0.00081274 0.00079535
v -0.00106683 0.00117195 0.00079535
v -0.00094046 0.00151076 0.00079535
v -0.00073669 0.00180948 0.00079535
v -0.00046734 0.00205076 0.00079535
v -0.00014808 0.00222057 0.00079535
v 0.00020254 0.00230904 0.00079535
v 0.00056415 0.00231103 0.00079535
v 0.00091572 0.00222642 0.00079535
v -0.00045375 -0.00041815 0.00079535
v -0.00045375 -0.00041815 -0.00070465
v 0.00123683 0.00206014 -0.00070465
v 0.00150881 0.00182184 -0.00070465
v 0.00171587 0.00152538 -0.00070465
v 0.00184595 0.00118798 -0.00070465
v 0.00189152 0.00082925 -0.00070465
v 0.00184991 0.00047004 -0.00070465
v 0.00172354 0.00013123 -0.00070465
v 0.00151976 -0.00016749 -0.00070465
v 0.00125042 -0.00040877 -0.00070465
v 0.00093116 -0.00057858 -0.00070465
v 0.00058054 -0.00066705 -0.00070465
v 0.00021893 -0.00066904 -0.00070465
v -0.00013264 -0.00058444 -0.00070465
v 0.00123683 0.00206014 0.00079535
v 0.00150881 0.00182184 0.00079535
v 0.00171587 0.00152538 0.00079535
v 0.00184595 0.00118798 0.00079535
v 0.00189152 0.00082925 0.00079535
v 0.00184991 0.00047004 0.00079535
v 0.00172354 0.00013123 0.00079535
v 0.00151976 -0.00016749 0.00079535
v 0.00125042 -0.00040877 0.00079535
v 0.00093116 -0.00057858 0.00079535
v 0.00058054 -0.00066705 0.00079535
v 0.00021893 -0.00066904 0.00079535
v -0.00013264 -0.00058444 0.00079535
v -0.00334010 -0.00311640 -0.00052762
v -0.00422507 -0.00131524 0.00057642
v -0.00289984 -0.00236532 0.00018134
v -0.00238809 -0.00150942 0.00079535
v -0.00309401 -0.00127852 0.00079535
v -0.00386547 -0.00121459 0.00069876
v -0.00355315 -0.00119609 0.00076242
v -0.00332214 -0.00122180 0.00078737
v -0.00465613 -0.00043777 0.00042033
v -0.00465613 -0.00043777 0.00042033
v -0.00422507 -0.00131524 0.00057642
v -0.00422507 -0.00131524 0.00057642
v -0.00334010 -0.00311640 -0.00052762
v -0.00322198 -0.00335682 -0.00070466
v -0.00482856 -0.00008698 -0.00070465
v -0.00482856 -0.00008698 -0.00070465
v -0.00482856 -0.00008698 -0.00070465
v -0.00482856 -0.00008698 0.00035547
v 0.00337401 -0.00350944 -0.01540466
v 0.00423472 -0.00336302 -0.01540466
v 0.00239842 -0.00544556 -0.01429581
v 0.00297304 -0.00478524 -0.01477941
v 0.00359597 -0.00407967 -0.01514821
v 0.00284964 -0.00450425 -0.01493178
v 0.01038919 0.00455823 -0.01532504
v 0.01042355 0.00458818 -0.01531446
v 0.01079978 0.00482863 -0.01519752
v 0.01009493 0.00381595 -0.01540465
v 0.01013048 0.00439132 -0.01540465
v 0.01037883 0.00455870 -0.01532829
v 0.01037883 0.00455870 -0.01532829
v 0.01013048 0.00439132 -0.01540465
v 0.00888543 0.00345020 -0.01540465
v 0.00957262 0.00399166 -0.01521561
v 0.01156883 0.00528063 -0.01457726
v 0.01720327 0.00745687 -0.01023659
v 0.01711132 0.00743265 -0.01079528
v 0.01697798 0.00739725 -0.01125017
v 0.01667653 0.00731419 -0.01183819
v 0.01615494 0.00716368 -0.01243312
v 0.01522260 0.00686869 -0.01309525
v 0.01394457 0.00640131 -0.01371314
v 0.01724069 0.00746666 -0.00988432
v 0.01736319 0.00749848 -0.00730389
v 0.01724069 0.00746666 -0.00472499
v 0.01156883 0.00528062 -0.00003204
v 0.01400393 0.00642482 -0.00092109
v 0.01572015 0.00703051 -0.00183006
v 0.01612733 0.00715538 -0.00215144
v 0.01646293 0.00725370 -0.00249157
v 0.01683253 0.00735759 -0.00303310
v 0.01708950 0.00742681 -0.00372107
v 0.01718284 0.00745145 -0.00421547
v 0.00957262 0.00399166 0.00060630
v 0.00888544 0.00345019 0.00079534
v 0.01013048 0.00439132 0.00079535
v 0.01037883 0.00455870 0.00071898
v 0.01042355 0.00458818 0.00069599
v 0.01042355 0.00458818 0.00070515
v 0.01079978 0.00482862 0.00058821
v 0.01360184 0.00626148 -0.00033647
v 0.01590579 0.00708818 -0.00138531
v 0.01676967 0.00734002 -0.00203640
v 0.01724685 0.00746827 -0.00260596
v 0.01755365 0.00754708 -0.00323039
v 0.01771901 0.00758848 -0.00389522
v 0.01780327 0.00760924 -0.00458024
v 0.01793413 0.00764138 -0.00730464
v 0.01780327 0.00760924 -0.01002907
v 0.01756541 0.00755005 -0.01134501
v 0.01728086 0.00747715 -0.01194994
v 0.01682989 0.00735661 -0.01251385
v 0.01626465 0.00719609 -0.01298767
v 0.01507693 0.00681932 -0.01366676
v 0.01352138 0.00622773 -0.01430212
v 0.01079978 0.00482863 -0.01519752
v 0.01042355 0.00458818 -0.01531446
v 0.01042355 0.00458818 -0.01530529
v 0.01289001 0.00717578 -0.01397213
v 0.01156883 0.00528063 -0.01457726
v 0.00957262 0.00399166 -0.01521561
v 0.00895987 0.00447700 -0.01540465
v 0.00874359 0.00661598 -0.01540465
v 0.00875001 0.00692062 -0.01538340
v 0.00873301 0.00687791 -0.01539112
v 0.00872480 0.00683212 -0.01539649
v 0.00872636 0.00672343 -0.01540300
v 0.01155307 0.00682944 -0.01449679
v 0.01016094 0.00675672 -0.01496944
v 0.00888543 0.00345020 -0.01540465
v 0.00895987 0.00447700 -0.01540465
v 0.00957262 0.00399166 -0.01521561
v -0.00045375 -0.00041815 -0.00070465
v -0.00072573 -0.00017985 -0.00070465
v -0.00093279 0.00011661 -0.00070465
v -0.00106288 0.00045401 -0.00070465
v -0.00110844 0.00081274 -0.00070465
v -0.00106683 0.00117195 -0.00070465
v -0.00094046 0.00151076 -0.00070465
v -0.00073669 0.00180948 -0.00070465
v -0.00046734 0.00205076 -0.00070465
v -0.00014808 0.00222057 -0.00070465
v 0.00020254 0.00230904 -0.00070465
v 0.00056415 0.00231103 -0.00070465
v 0.00091572 0.00222643 -0.00070465
v 0.00123683 0.00206014 -0.00070465
v -0.00045375 -0.00041815 0.00079535
v -0.00072573 -0.00017986 0.00079535
v -0.00093279 0.00011661 0.00079535
v -0.00106288 0.00045401 0.00079535
v -0.00110844 0.00081274 0.00079535
v -0.00106683 0.00117195 0.00079535
v -0.00094046 0.00151076 0.00079535
v -0.00073669 0.00180948 0.00079535
v -0.00046734 0.00205076 0.00079535
v -0.00014808 0.00222057 0.00079535
v 0.00020254 0.00230904 0.00079535
v 0.00056415 0.00231103 0.00079535
v 0.00091572 0.00222642 0.00079535
v 0.00123683 0.00206014 0.00079535
v 0.01156883 0.00528062 -0.00003204
v 0.01289001 0.00717577 -0.00063717
v 0.01400393 0.00642482 -0.00092109
v 0.01572015 0.00703051 -0.00183006
v 0.01612733 0.00715538 -0.00215144
v 0.01646293 0.00725370 -0.00249157
v 0.01683253 0.00735759 -0.00303310
v 0.01708950 0.00742681 -0.00372107
v 0.01718284 0.00745145 -0.00421547
v 0.01724069 0.00746666 -0.00472499
v 0.01521247 0.00968960 -0.00472499
v 0.01448056 0.01027262 -0.00364621
v 0.01454972 0.01016590 -0.00355868
v 0.01459134 0.01010854 -0.00352789
v 0.01463837 0.01004943 -0.00350915
v 0.01469605 0.00998412 -0.00350558
v 0.01474952 0.00993014 -0.00351957
v 0.01479667 0.00988755 -0.00354547
v 0.01484201 0.00985055 -0.00358189
v 0.01488453 0.00981915 -0.00362671
v 0.01493538 0.00978566 -0.00369551
v 0.01499977 0.00974951 -0.00381123
v 0.01507456 0.00971604 -0.00400032
v 0.01516090 0.00969244 -0.00435887
v 0.01386201 0.01117925 -0.00472499
v 0.01202015 0.01321130 -0.00472499
v 0.01231344 0.01293200 -0.00505249
v 0.01260469 0.01263971 -0.00527040
v 0.01260469 0.01263971 -0.00527040
v 0.01285603 0.01237509 -0.00536556
v 0.01285603 0.01237509 -0.00536556
v 0.01285603 0.01237509 -0.00536556
v 0.01308399 0.01212423 -0.00537120
v 0.01330260 0.01187331 -0.00529921
v 0.01330260 0.01187331 -0.00529921
v 0.01350272 0.01163405 -0.00516162
v 0.01350272 0.01163405 -0.00516162
v 0.01350272 0.01163405 -0.00516162
v 0.01369304 0.01139774 -0.00496266
v 0.00927128 0.01511289 -0.00192256
v 0.01078329 0.01421005 -0.00321461
v 0.01322011 0.00733233 -0.00078732
v 0.01337413 0.00744501 -0.00086886
v 0.01350545 0.00758374 -0.00095082
v 0.01361004 0.00775975 -0.00103533
v 0.01367234 0.00795710 -0.00111297
v 0.01369501 0.00816601 -0.00118184
v 0.01367606 0.00845131 -0.00126073
v 0.01349580 0.00909916 -0.00139906
v 0.01312089 0.00989692 -0.00152557
v 0.01178042 0.01195361 -0.00174434
v 0.01476458 0.00984283 -0.00334796
v 0.01422530 0.00907812 -0.00186795
v 0.01205070 0.01275903 -0.00311856
v 0.01390864 0.01027257 -0.00251795
v 0.01393411 0.01020975 -0.00248114
v 0.01395134 0.01017812 -0.00246863
v 0.01521247 0.00968960 -0.00988431
v 0.01724069 0.00746666 -0.00988432
v 0.01720327 0.00745687 -0.01023659
v 0.01711132 0.00743265 -0.01079528
v 0.01697798 0.00739725 -0.01125017
v 0.01667653 0.00731419 -0.01183819
v 0.01615494 0.00716368 -0.01243312
v 0.01522260 0.00686869 -0.01309525
v 0.01394457 0.00640131 -0.01371314
v 0.01156883 0.00528063 -0.01457726
v 0.01289001 0.00717578 -0.01397213
v 0.00927128 0.01511289 -0.01268674
v 0.01196096 0.01170417 -0.01288591
v 0.01344517 0.00922590 -0.01318762
v 0.01364358 0.00862392 -0.01330717
v 0.01369544 0.00820191 -0.01341668
v 0.01368067 0.00800347 -0.01348004
v 0.01363195 0.00781387 -0.01355119
v 0.01354716 0.00764295 -0.01362802
v 0.01339906 0.00746736 -0.01372605
v 0.01316059 0.00729783 -0.01385087
v 0.01202015 0.01321131 -0.00988431
v 0.01093974 0.01409836 -0.01123444
v 0.01014637 0.01462704 -0.01198620
v 0.01386201 0.01117925 -0.00988431
v 0.01361386 0.01149717 -0.00955547
v 0.01335165 0.01181555 -0.00933721
v 0.01335165 0.01181555 -0.00933721
v 0.01335165 0.01181555 -0.00933721
v 0.01311193 0.01209276 -0.00924290
v 0.01288456 0.01234426 -0.00923883
v 0.01288456 0.01234426 -0.00923883
v 0.01265598 0.01258668 -0.00931224
v 0.01265598 0.01258668 -0.00931224
v 0.01243733 0.01280941 -0.00945052
v 0.01222090 0.01302189 -0.00964866
v 0.01448056 0.01027262 -0.01096309
v 0.01510889 0.00970444 -0.01049117
v 0.01500815 0.00974531 -0.01078021
v 0.01491908 0.00979594 -0.01093773
v 0.01484407 0.00984896 -0.01102548
v 0.01479304 0.00989068 -0.01106626
v 0.01473969 0.00993959 -0.01109356
v 0.01468899 0.00999174 -0.01110432
v 0.01463035 0.01005910 -0.01109804
v 0.01458428 0.01011794 -0.01107716
v 0.01454592 0.01017141 -0.01104700
v 0.01451137 0.01022327 -0.01100832
v 0.01476458 0.00984283 -0.01126135
v 0.01422530 0.00907812 -0.01274135
v 0.01215312 0.01263445 -0.01151300
v 0.01413043 0.00990375 -0.01220757
v 0.00874359 0.00661597 0.00079535
v 0.00872402 0.00675250 0.00079254
v 0.00872634 0.00684493 0.00078590
v 0.00873480 0.00688407 0.00078090
v 0.00875001 0.00692061 0.00077410
v 0.00895987 0.00447700 0.00079535
v 0.00957262 0.00399166 0.00060630
v 0.01156883 0.00528062 -0.00003204
v 0.01289001 0.00717577 -0.00063717
v 0.01016107 0.00675671 0.00036009
v 0.01155317 0.00682945 -0.00011255
v 0.00185754 -0.00672100 -0.01192284
v 0.00167637 -0.00698703 -0.01110088
v 0.00159367 -0.00714643 -0.01025444
v 0.00157198 -0.00723083 -0.00940016
v 0.00174656 -0.00700926 -0.01111800
v 0.00168322 -0.00717983 -0.01027240
v 0.00165260 -0.00726362 -0.00940016
v 0.00165260 -0.00726362 -0.00520915
v 0.00170916 -0.00710975 -0.00391830
v 0.00185754 -0.00672100 -0.00268647
v 0.00157198 -0.00723083 -0.00520915
v 0.00162457 -0.00707852 -0.00392986
v 0.00171467 -0.00692632 -0.00328222
v 0.00165260 -0.00726362 -0.00940016
v 0.00157198 -0.00723083 -0.00940016
v 0.00165260 -0.00726362 -0.00520915
v 0.00157198 -0.00723083 -0.00520915
v -0.00334010 -0.00311640 -0.00052762
v -0.00289984 -0.00236532 0.00018134
v -0.00238809 -0.00150942 0.00079535
v -0.00322198 -0.00335682 -0.00070466
v 0.00195579 -0.00508963 -0.00070466
v 0.00072798 -0.00688952 -0.00520915
v 0.00087273 -0.00667734 -0.00351518
v 0.00114140 -0.00628347 -0.00235060
v 0.00150013 -0.00575760 -0.00145995
v 0.00157198 -0.00723083 -0.00520915
v 0.00162457 -0.00707852 -0.00392986
v 0.00171467 -0.00692632 -0.00328222
v 0.00185754 -0.00672100 -0.00268647
v 0.00205611 -0.00622965 -0.00181954
v 0.00234255 -0.00556968 -0.00103167
v 0.00268079 -0.00484567 -0.00041030
v 0.00311791 -0.00398415 0.00013045
v 0.00359653 -0.00311340 0.00052206
v 0.00412167 -0.00223059 0.00079532
v 0.00046663 -0.00228131 0.00079534
v 0.00229439 -0.00247568 0.00079534
v 0.00325319 -0.00241944 0.00079534
v 0.01521247 0.00968960 -0.00472499
v 0.01535527 0.00970160 -0.00730439
v 0.01521247 0.00968960 -0.00988431
v 0.01724069 0.00746666 -0.00988432
v 0.01736319 0.00749848 -0.00730389
v 0.01724069 0.00746666 -0.00472499
v 0.00072798 -0.00688952 -0.00940016
v 0.00157198 -0.00723083 -0.00940016
v 0.00157198 -0.00723083 -0.00520915
v 0.00072798 -0.00688952 -0.00520915
v 0.00888544 0.00345019 0.00079534
v 0.00957262 0.00399166 0.00060630
v 0.00895987 0.00447700 0.00079535
v 0.00239842 -0.00544556 -0.00031351
v 0.00284972 -0.00450416 0.00032324
v 0.00337401 -0.00350945 0.00079534
v 0.00297304 -0.00478524 0.00017010
v 0.00359597 -0.00407967 0.00053890
v 0.00423472 -0.00336303 0.00079534
v 0.01013048 0.00439132 0.00079535
v 0.01037883 0.00455870 0.00071898
v 0.01009493 0.00381594 0.00079535
v 0.01079978 0.00482862 0.00058821
v 0.01042355 0.00458818 0.00070515
v 0.01038919 0.00455822 0.00071573
v 0.01421602 -0.01275685 -0.00520915
v 0.01365457 -0.01248811 -0.00520916
v 0.01365457 -0.01248811 -0.00940016
v 0.01421602 -0.01275685 -0.00940016
v 0.01906039 -0.01553442 -0.00940000
v 0.01691394 -0.01416454 -0.00940012
v 0.01421602 -0.01275685 -0.00940016
v 0.01890500 -0.01551800 -0.00730527
v 0.01906039 -0.01553442 -0.00520932
v 0.01421602 -0.01275685 -0.00520915
v 0.01691394 -0.01416454 -0.00520920
v 0.01906039 -0.01553442 -0.00940000
v 0.01890500 -0.01551800 -0.00730527
v 0.01906039 -0.01553442 -0.00520932
v 0.01930934 -0.01555572 -0.00374112
v 0.01955531 -0.01557039 -0.00293555
v 0.01997139 -0.01558044 -0.00220153
v 0.02067320 -0.01555223 -0.00144688
v 0.02162984 -0.01540909 -0.00077411
v 0.02255204 -0.01512598 -0.00034379
v 0.02312188 -0.01485160 -0.00016381
v 0.02365680 -0.01448740 -0.00005135
v 0.02365680 -0.01448739 -0.01455797
v 0.02299236 -0.01492244 -0.01441011
v 0.02228381 -0.01522604 -0.01415879
v 0.02158375 -0.01541911 -0.01380872
v 0.02091661 -0.01552805 -0.01336161
v 0.02031846 -0.01557387 -0.01282336
v 0.01982004 -0.01557900 -0.01218431
v 0.01947192 -0.01556612 -0.01145631
v 0.01922633 -0.01554929 -0.01043630
v 0.02209938 -0.01528584 -0.01313479
v 0.02162179 -0.01541083 -0.01249713
v 0.02120519 -0.01548892 -0.01242320
v 0.02154558 -0.01542714 -0.01197898
v 0.02147422 -0.01544157 -0.01093162
v 0.02079318 -0.01554126 -0.01146475
v 0.02069101 -0.01555070 -0.01042108
v 0.02226849 -0.01523128 -0.00730486
v 0.02147422 -0.01544158 -0.00367831
v 0.02069101 -0.01555070 -0.00418865
v 0.02209912 -0.01528592 -0.00180816
v 0.02154558 -0.01542714 -0.00263034
v 0.02120478 -0.01548899 -0.00268657
v 0.02058563 -0.01555902 -0.00303809
v 0.02132127 -0.01546983 -0.00195247
v 0.02348308 0.00087786 -0.00472499
v 0.02351907 0.00099625 -0.00730538
v 0.02348308 0.00087787 -0.00988432
v 0.02671838 -0.00251535 -0.00988430
v 0.02671838 -0.00251535 -0.00472501
v 0.02677182 -0.00240852 -0.00730466
v 0.02568927 -0.00760313 -0.00074116
v 0.02568927 -0.00760312 -0.01386815
v 0.02559540 -0.00670804 -0.00091973
v 0.02565721 -0.00582598 -0.00117177
v 0.02587796 -0.00471902 -0.00162440
v 0.02619757 -0.00371208 -0.00227275
v 0.02643931 -0.00311227 -0.00290591
v 0.02658763 -0.00278466 -0.00348127
v 0.02667756 -0.00259768 -0.00408725
v 0.02671838 -0.00251535 -0.00472501
v 0.02677182 -0.00240852 -0.00730466
v 0.02671838 -0.00251535 -0.00988430
v 0.02668817 -0.00257614 -0.01040608
v 0.02663893 -0.00267704 -0.01083566
v 0.02650741 -0.00295863 -0.01147066
v 0.02632484 -0.00338451 -0.01202976
v 0.02612695 -0.00390792 -0.01249062
v 0.02588152 -0.00470630 -0.01297783
v 0.02567697 -0.00568642 -0.01339001
v 0.02559588 -0.00663258 -0.01367102
v 0.02561509 -0.00714731 -0.01378714
v 0.02577055 -0.00517170 -0.01231511
v 0.02583350 -0.00489535 -0.01177766
v 0.02565597 -0.00583535 -0.01244748
v 0.02573318 -0.00535728 -0.01183572
v 0.02560054 -0.00646417 -0.01251320
v 0.02563440 -0.00601559 -0.01187623
v 0.02581045 -0.00499224 -0.01035237
v 0.02563819 -0.00598110 -0.01058641
v 0.02559576 -0.00676905 -0.00730466
v 0.02581045 -0.00499225 -0.00425694
v 0.02599000 -0.00432556 -0.00294839
v 0.02563819 -0.00598110 -0.00402291
v 0.02581895 -0.00495601 -0.00282237
v 0.02575182 -0.00526223 -0.00227217
v 0.02563440 -0.00601560 -0.00273308
v 0.02561178 -0.00626684 -0.00212863
v 0.02560850 -0.00706982 -0.01222728
v 0.02581711 -0.00496379 -0.00730466
v 0.02560850 -0.00706982 -0.00238203
v 0.02014493 -0.00528340 -0.01413716
v 0.02067398 -0.00497008 -0.01409887
v 0.02105051 -0.00460431 -0.01404057
v 0.02124091 -0.00434217 -0.01399277
v 0.02145086 -0.00398140 -0.01391929
v 0.02233339 -0.00219200 -0.01336485
v 0.02166147 -0.00682887 -0.01429017
v 0.02198925 -0.00421627 -0.01389885
v 0.01421602 -0.01275685 -0.00940016
v 0.01436198 -0.01253437 -0.01124348
v 0.01460602 -0.01234993 -0.01204357
v 0.01499602 -0.01212444 -0.01271769
v 0.01555427 -0.01185847 -0.01328443
v 0.01617972 -0.01160250 -0.01368572
v 0.01744015 -0.01116786 -0.01415506
v 0.01881743 -0.01077565 -0.01441810
v 0.01365457 -0.01248811 -0.00940016
v 0.01382218 -0.01238373 -0.01078217
v 0.01401516 -0.01226064 -0.01154618
v 0.01427092 -0.01209256 -0.01219420
v 0.01472525 -0.01175269 -0.01295787
v 0.01506085 -0.01138136 -0.01340796
v 0.01525844 -0.01102598 -0.01366791
v 0.01538588 -0.01062034 -0.01385842
v 0.01546948 -0.01013767 -0.01400445
v 0.01563078 -0.00941379 -0.01413940
v 0.01586956 -0.00872908 -0.01420288
v 0.01875228 -0.01059407 -0.01441815
v 0.02369918 -0.01445242 -0.01456453
v 0.02029632 -0.01167583 -0.01453596
v 0.02365680 -0.01448739 -0.01455797
v 0.02299236 -0.01492244 -0.01441011
v 0.02228381 -0.01522604 -0.01415879
v 0.02158375 -0.01541911 -0.01380872
v 0.02091661 -0.01552805 -0.01336161
v 0.02031846 -0.01557387 -0.01282336
v 0.01982004 -0.01557900 -0.01218431
v 0.01947192 -0.01556612 -0.01145631
v 0.01922633 -0.01554929 -0.01043630
v 0.01906039 -0.01553442 -0.00940000
v 0.01691394 -0.01416454 -0.00940012
v 0.01421602 -0.01275685 -0.00940016
v 0.01436198 -0.01253437 -0.01124348
v 0.01460602 -0.01234993 -0.01204357
v 0.01499602 -0.01212444 -0.01271769
v 0.01555427 -0.01185847 -0.01328443
v 0.01617972 -0.01160250 -0.01368572
v 0.01744015 -0.01116786 -0.01415506
v 0.01881743 -0.01077565 -0.01441810
v 0.01934851 -0.01141848 -0.01443371
v 0.01913239 -0.01123932 -0.01442261
v 0.01895286 -0.01102200 -0.01441843
v 0.01996509 -0.01166186 -0.01449342
v 0.01964334 -0.01157473 -0.01445800
v 0.01962034 -0.01284130 -0.01419232
v 0.02032425 -0.01348533 -0.01417322
v 0.02016366 -0.01346221 -0.01413550
v 0.01957395 -0.01347944 -0.01394069
v 0.01974521 -0.01355087 -0.01396859
v 0.02010349 -0.01419201 -0.01379628
v 0.01951836 -0.01458593 -0.01320220
v 0.01923879 -0.01464956 -0.01292257
v 0.01941308 -0.01496493 -0.01269001
v 0.01795099 -0.01452423 -0.01136803
v 0.02029632 -0.01167583 -0.00007336
v 0.02064902 -0.01160856 -0.00002626
v 0.02097605 -0.01145911 0.00001161
v 0.02125897 -0.01123543 0.00003380
v 0.02148127 -0.01094895 0.00003953
v 0.02162828 -0.01061785 0.00003139
v 0.02169082 -0.01026252 0.00001320
v 0.02166763 -0.00990177 -0.00001174
v 0.02158348 -0.00961476 -0.00003534
v 0.02145943 -0.00937425 -0.00005807
v 0.02130987 -0.00917704 -0.00007975
v 0.02112963 -0.00900706 -0.00010242
v 0.01934851 -0.01141849 -0.00017561
v 0.01964360 -0.01157470 -0.00015128
v 0.01996465 -0.01166166 -0.00011594
v 0.01934851 -0.01141848 -0.01443371
v 0.02029632 -0.01167583 -0.01453596
v 0.01996509 -0.01166186 -0.01449342
v 0.01964334 -0.01157473 -0.01445800
v 0.02112963 -0.00900706 -0.01450689
v 0.02138310 -0.00926519 -0.01453970
v 0.02156765 -0.00957724 -0.01457063
v 0.02167166 -0.00992436 -0.01459930
v 0.02168928 -0.01028740 -0.01462402
v 0.02163855 -0.01058260 -0.01463926
v 0.02154151 -0.01083760 -0.01464739
v 0.02139997 -0.01107103 -0.01464840
v 0.02121809 -0.01127507 -0.01464075
v 0.02100311 -0.01144221 -0.01462358
v 0.02076167 -0.01156769 -0.01459716
v 0.02053370 -0.01164036 -0.01456791
v 0.02103909 -0.00894019 -0.01449664
v 0.02103909 -0.00894019 -0.00011268
v 0.02166147 -0.00682887 -0.01429017
v 0.02198925 -0.00421627 -0.01389885
v 0.02233339 -0.00219200 -0.01336485
v 0.02291666 -0.00077742 -0.01260176
v 0.02314126 -0.00016252 -0.01209841
v 0.02327496 0.00022970 -0.01166019
v 0.02340018 0.00061204 -0.01101710
v 0.02345712 0.00079383 -0.01046374
v 0.02348308 0.00087787 -0.00988432
v 0.02671838 -0.00251535 -0.00988430
v 0.02668817 -0.00257614 -0.01040608
v 0.02663893 -0.00267704 -0.01083566
v 0.02650741 -0.00295863 -0.01147066
v 0.02632484 -0.00338451 -0.01202976
v 0.02612695 -0.00390792 -0.01249062
v 0.02588152 -0.00470630 -0.01297783
v 0.02567697 -0.00568642 -0.01339001
v 0.02559588 -0.00663258 -0.01367102
v 0.02561509 -0.00714731 -0.01378714
v 0.02568927 -0.00760312 -0.01386815
v 0.02585553 -0.00876345 -0.01405499
v 0.02584253 -0.00993346 -0.01424202
v 0.02564151 -0.01110018 -0.01440985
v 0.02336127 -0.00650593 -0.01410321
v 0.02455116 -0.00541975 -0.01364847
v 0.01421602 -0.01275685 -0.00520915
v 0.01436198 -0.01253437 -0.00336584
v 0.01460602 -0.01234993 -0.00256575
v 0.01499602 -0.01212444 -0.00189163
v 0.01555427 -0.01185847 -0.00132488
v 0.01617972 -0.01160251 -0.00092360
v 0.01744015 -0.01116787 -0.00045426
v 0.01881743 -0.01077566 -0.00019121
v 0.01691394 -0.01416454 -0.00520920
v 0.01906039 -0.01553442 -0.00520932
v 0.01930934 -0.01555572 -0.00374112
v 0.01955531 -0.01557039 -0.00293555
v 0.01997139 -0.01558044 -0.00220153
v 0.02067320 -0.01555223 -0.00144688
v 0.02162984 -0.01540909 -0.00077411
v 0.02255204 -0.01512598 -0.00034379
v 0.02312188 -0.01485160 -0.00016381
v 0.02365680 -0.01448740 -0.00005135
v 0.02369918 -0.01445243 -0.00004479
v 0.02029632 -0.01167583 -0.00007336
v 0.01934851 -0.01141849 -0.00017561
v 0.01964360 -0.01157470 -0.00015128
v 0.01996465 -0.01166166 -0.00011594
v 0.01895290 -0.01102216 -0.00019089
v 0.01913223 -0.01123906 -0.00018670
v 0.02002603 -0.01285464 -0.00032365
v 0.01942328 -0.01288639 -0.00048318
v 0.01830556 -0.01287255 -0.00083275
v 0.01999773 -0.01349710 -0.00053630
v 0.02016087 -0.01352402 -0.00049667
v 0.01930109 -0.01353464 -0.00079623
v 0.01947634 -0.01361012 -0.00076647
v 0.02064832 -0.01413020 -0.00057467
v 0.01984066 -0.01424323 -0.00096243
v 0.01884035 -0.01404134 -0.00136764
v 0.01867085 -0.01426250 -0.00171402
v 0.01939966 -0.01452254 -0.00143142
v 0.01920553 -0.01463634 -0.00169987
v 0.01954851 -0.01499591 -0.00182422
v 0.01762866 -0.01432488 -0.00326538
v 0.02568927 -0.00760312 -0.01386815
v 0.02585553 -0.00876345 -0.01405499
v 0.02584253 -0.00993346 -0.01424202
v 0.02564151 -0.01110018 -0.01440985
v 0.02521115 -0.01233297 -0.01454084
v 0.02456883 -0.01347804 -0.01461203
v 0.02416581 -0.01399429 -0.01461093
v 0.02369918 -0.01445242 -0.01456453
v 0.02365680 -0.01448739 -0.01455797
v 0.02365680 -0.01448740 -0.00005135
v 0.02369918 -0.01445243 -0.00004479
v 0.02436027 -0.01376028 0.00000656
v 0.02489035 -0.01296676 -0.00002143
v 0.02532771 -0.01205924 -0.00009266
v 0.02564151 -0.01110018 -0.00019947
v 0.02584202 -0.00994224 -0.00036591
v 0.02585604 -0.00877150 -0.00055302
v 0.02568927 -0.00760313 -0.00074116
v 0.02564151 -0.01110018 -0.00019947
v 0.02584202 -0.00994224 -0.00036591
v 0.02585604 -0.00877150 -0.00055302
v 0.02568927 -0.00760313 -0.00074116
v 0.02559540 -0.00670804 -0.00091973
v 0.02565721 -0.00582598 -0.00117177
v 0.02587796 -0.00471902 -0.00162440
v 0.02619757 -0.00371208 -0.00227275
v 0.02643931 -0.00311227 -0.00290591
v 0.02658763 -0.00278466 -0.00348127
v 0.02667756 -0.00259768 -0.00408725
v 0.02671838 -0.00251535 -0.00472501
v 0.02348308 0.00087786 -0.00472499
v 0.02343964 0.00073781 -0.00393197
v 0.02334993 0.00045447 -0.00328503
v 0.02322324 0.00007477 -0.00276003
v 0.02307541 -0.00034764 -0.00234158
v 0.02284181 -0.00097289 -0.00187634
v 0.02259991 -0.00157421 -0.00153064
v 0.02233339 -0.00219200 -0.00124446
v 0.02166147 -0.00682888 -0.00031914
v 0.02198925 -0.00421627 -0.00071046
v 0.02336429 -0.00654708 -0.00049973
v 0.02455054 -0.00544805 -0.00095362
v 0.01586956 -0.00872908 -0.00040643
v 0.01875228 -0.01059408 -0.00019117
v 0.01562614 -0.00943022 -0.00047213
v 0.01546948 -0.01013768 -0.00060484
v 0.01538076 -0.01064293 -0.00075948
v 0.01524130 -0.01106499 -0.00096473
v 0.01503574 -0.01141621 -0.00123389
v 0.01478055 -0.01170196 -0.00157354
v 0.01452421 -0.01191533 -0.00195471
v 0.01427092 -0.01209256 -0.00241512
v 0.01396658 -0.01229137 -0.00321995
v 0.01377251 -0.01241474 -0.00411088
v 0.01365457 -0.01248811 -0.00520916
v 0.01421602 -0.01275685 -0.00520915
v 0.01436198 -0.01253437 -0.00336584
v 0.01460602 -0.01234993 -0.00256575
v 0.01499602 -0.01212444 -0.00189163
v 0.01555427 -0.01185847 -0.00132488
v 0.01617972 -0.01160251 -0.00092360
v 0.01744015 -0.01116787 -0.00045426
v 0.01881743 -0.01077566 -0.00019121
v 0.02145086 -0.00398141 -0.00069002
v 0.02109089 -0.00455406 -0.00057757
v 0.02072085 -0.00493285 -0.00051582
v 0.02040290 -0.00515236 -0.00048642
v 0.02014493 -0.00528341 -0.00047215
v 0.02166147 -0.00682888 -0.00031914
v 0.02198925 -0.00421627 -0.00071046
v 0.02233339 -0.00219200 -0.00124446
v 0.01875228 -0.01059407 -0.01441815
v 0.01586956 -0.00872908 -0.01420288
v 0.01651573 -0.00759996 -0.01421343
v 0.01738657 -0.00667993 -0.01418753
v 0.01832517 -0.00603273 -0.01416920
v 0.01881862 -0.00578414 -0.01416316
v 0.01935153 -0.00557063 -0.01415681
v 0.02014493 -0.00528340 -0.01413716
v 0.02166147 -0.00682887 -0.01429017
v 0.02112963 -0.00900706 -0.01450689
v 0.02140957 -0.00825894 -0.01444674
v 0.02157282 -0.00752148 -0.01437147
v 0.02103909 -0.00894019 -0.01449664
v 0.01869509 -0.01024007 -0.01441679
v 0.01872347 -0.00988310 -0.01441244
v 0.01883553 -0.00954306 -0.01440663
v 0.01902515 -0.00923901 -0.01440230
v 0.01928155 -0.00898863 -0.01440192
v 0.01959128 -0.00880574 -0.01440713
v 0.01993377 -0.00870216 -0.01441863
v 0.02029079 -0.00868259 -0.01443650
v 0.02064179 -0.00874843 -0.01446030
v 0.02084754 -0.00882964 -0.01447761
v 0.02112963 -0.00900706 -0.01450689
v 0.02140957 -0.00825894 -0.01444674
v 0.02157282 -0.00752148 -0.01437147
v 0.02166147 -0.00682887 -0.01429017
v 0.02564151 -0.01110018 -0.01440985
v 0.02521115 -0.01233297 -0.01454084
v 0.02456883 -0.01347804 -0.01461203
v 0.02416581 -0.01399429 -0.01461093
v 0.02369918 -0.01445242 -0.01456453
v 0.02029632 -0.01167583 -0.01453596
v 0.02138310 -0.00926519 -0.01453970
v 0.02156765 -0.00957724 -0.01457063
v 0.02167166 -0.00992436 -0.01459930
v 0.02168928 -0.01028740 -0.01462402
v 0.02163855 -0.01058260 -0.01463926
v 0.02154151 -0.01083760 -0.01464739
v 0.02139997 -0.01107103 -0.01464840
v 0.02121809 -0.01127507 -0.01464075
v 0.02100311 -0.01144221 -0.01462358
v 0.02076167 -0.01156769 -0.01459716
v 0.02053370 -0.01164036 -0.01456791
v 0.02029632 -0.01167583 -0.00007336
v 0.02369918 -0.01445243 -0.00004479
v 0.02436027 -0.01376028 0.00000656
v 0.02489035 -0.01296676 -0.00002143
v 0.02532771 -0.01205924 -0.00009266
v 0.02564151 -0.01110018 -0.00019947
v 0.02166147 -0.00682888 -0.00031914
v 0.02112963 -0.00900706 -0.00010242
v 0.02140957 -0.00825895 -0.00016258
v 0.02157282 -0.00752148 -0.00023785
v 0.02064902 -0.01160856 -0.00002626
v 0.02097605 -0.01145911 0.00001161
v 0.02125897 -0.01123543 0.00003380
v 0.02148127 -0.01094895 0.00003953
v 0.02162828 -0.01061785 0.00003139
v 0.02169082 -0.01026252 0.00001320
v 0.02166763 -0.00990177 -0.00001174
v 0.02158348 -0.00961476 -0.00003534
v 0.02145943 -0.00937425 -0.00005807
v 0.02130987 -0.00917704 -0.00007975
v 0.02112963 -0.00900706 -0.00010242
v 0.02140957 -0.00825895 -0.00016258
v 0.02157282 -0.00752148 -0.00023785
v 0.02166147 -0.00682888 -0.00031914
v 0.02014493 -0.00528341 -0.00047215
v 0.01935153 -0.00557063 -0.00045250
v 0.01802855 -0.00621000 -0.00043551
v 0.01695326 -0.00708488 -0.00040933
v 0.01629096 -0.00792563 -0.00039102
v 0.01586956 -0.00872908 -0.00040643
v 0.01875228 -0.01059408 -0.00019117
v 0.02103909 -0.00894019 -0.00011268
v 0.02071835 -0.00877405 -0.00014295
v 0.02036691 -0.00868929 -0.00016823
v 0.02000426 -0.00869128 -0.00018764
v 0.01965310 -0.00878017 -0.00020054
v 0.01933349 -0.00895058 -0.00020691
v 0.01906373 -0.00919377 -0.00020732
v 0.01885994 -0.00949384 -0.00020347
v 0.01874856 -0.00977795 -0.00019860
v 0.01869975 -0.01004634 -0.00019452
v 0.01870033 -0.01031844 -0.00019200
v 0.01871983 -0.01045727 -0.00019140
v 0.01875228 -0.01059407 -0.01441815
v 0.01869509 -0.01024007 -0.01441679
v 0.01872347 -0.00988310 -0.01441244
v 0.01883553 -0.00954306 -0.01440663
v 0.01902515 -0.00923901 -0.01440230
v 0.01928155 -0.00898863 -0.01440192
v 0.01959128 -0.00880574 -0.01440713
v 0.01993377 -0.00870216 -0.01441863
v 0.02029079 -0.00868259 -0.01443650
v 0.02064179 -0.00874843 -0.01446030
v 0.02084754 -0.00882964 -0.01447761
v 0.02103909 -0.00894019 -0.01449664
v 0.01881743 -0.01077565 -0.01441810
v 0.01934851 -0.01141848 -0.01443371
v 0.01913239 -0.01123932 -0.01442261
v 0.01895286 -0.01102200 -0.01441843
v 0.01934851 -0.01141849 -0.00017561
v 0.01881743 -0.01077566 -0.00019121
v 0.01895290 -0.01102216 -0.00019089
v 0.01913223 -0.01123906 -0.00018670
v 0.01875228 -0.01059408 -0.00019117
v 0.02103909 -0.00894019 -0.00011268
v 0.02071835 -0.00877405 -0.00014295
v 0.02036691 -0.00868929 -0.00016823
v 0.02000426 -0.00869128 -0.00018764
v 0.01965310 -0.00878017 -0.00020054
v 0.01933349 -0.00895058 -0.00020691
v 0.01906373 -0.00919377 -0.00020732
v 0.01885994 -0.00949384 -0.00020347
v 0.01874856 -0.00977795 -0.00019860
v 0.01869975 -0.01004634 -0.00019452
v 0.01870033 -0.01031844 -0.00019200
v 0.01871983 -0.01045727 -0.00019140
v 0.00498924 -0.00064276 -0.00070465
v 0.00498924 -0.00064275 -0.01390465
v 0.00195579 -0.00508963 -0.00070466
v 0.00072798 -0.00688952 -0.00520915
v 0.00087273 -0.00667734 -0.00351518
v 0.00114140 -0.00628347 -0.00235060
v 0.00150013 -0.00575760 -0.00145995
v 0.00072798 -0.00688952 -0.00940016
v 0.00195579 -0.00508962 -0.01390466
v 0.00139573 -0.00591064 -0.01292840
v 0.00102672 -0.00645159 -0.01185635
v 0.00081467 -0.00676245 -0.01065652
v -0.00346969 0.00905859 -0.00070465
v 0.00259764 0.01434890 -0.00070465
v 0.00498924 -0.00064276 -0.00070465
v 0.00195579 -0.00508963 -0.00070466
v -0.00322198 -0.00335682 -0.00070466
v -0.00482856 -0.00008698 -0.00070465
v -0.00777846 0.00175253 -0.00070465
v -0.01170940 0.01276114 -0.00070465
v -0.01098528 0.00889953 -0.00070465
v -0.00966405 0.00519942 -0.00070465
v 0.00089453 0.01781355 -0.00070465
v -0.00258216 0.01755889 -0.00070465
v -0.00593380 0.01660042 -0.00070465
v -0.00901946 0.01497843 -0.00070465
v 0.00179550 0.01500506 -0.00070465
v 0.00139449 0.01534900 -0.00070465
v 0.00107844 0.01577234 -0.00070465
v 0.00086267 0.01625457 -0.00070465
v 0.00075764 0.01677233 -0.00070465
v 0.00076843 0.01730052 -0.00070465
v 0.00189841 0.01493864 -0.00070465
v 0.00186373 0.01496019 -0.00070465
v 0.00182942 0.01498234 -0.00070465
v 0.00238507 0.01456896 -0.00070465
v 0.00215118 0.01476622 -0.00070465
v -0.00045375 -0.00041815 -0.00070465
v -0.00072573 -0.00017985 -0.00070465
v -0.00093279 0.00011661 -0.00070465
v -0.00106288 0.00045401 -0.00070465
v -0.00110844 0.00081274 -0.00070465
v -0.00106683 0.00117195 -0.00070465
v -0.00094046 0.00151076 -0.00070465
v -0.00073669 0.00180948 -0.00070465
v -0.00046734 0.00205076 -0.00070465
v -0.00014808 0.00222057 -0.00070465
v 0.00020254 0.00230904 -0.00070465
v 0.00056415 0.00231103 -0.00070465
v 0.00091572 0.00222643 -0.00070465
v 0.00123683 0.00206014 -0.00070465
v 0.00150881 0.00182184 -0.00070465
v 0.00171587 0.00152538 -0.00070465
v 0.00184595 0.00118798 -0.00070465
v 0.00189152 0.00082925 -0.00070465
v 0.00184991 0.00047004 -0.00070465
v 0.00172354 0.00013123 -0.00070465
v 0.00151976 -0.00016749 -0.00070465
v 0.00125042 -0.00040877 -0.00070465
v 0.00093116 -0.00057858 -0.00070465
v 0.00058054 -0.00066705 -0.00070465
v 0.00021893 -0.00066904 -0.00070465
v -0.00013264 -0.00058444 -0.00070465
v 0.00179550 0.01500506 -0.01390465
v 0.00182942 0.01498234 -0.01390465
v 0.00186373 0.01496020 -0.01390465
v 0.00189841 0.01493864 -0.01390465
v 0.00215118 0.01476623 -0.01390465
v 0.00238507 0.01456896 -0.01390465
v 0.00259764 0.01434890 -0.01390465
v -0.00346969 0.00905860 -0.01390465
v 0.00498924 -0.00064275 -0.01390465
v 0.00195579 -0.00508962 -0.01390466
v -0.00322198 -0.00335681 -0.01390466
v -0.00482856 -0.00008697 -0.01390465
v -0.00777846 0.00175254 -0.01390465
v -0.01170940 0.01276115 -0.01390465
v -0.01098528 0.00889953 -0.01390465
v -0.00966405 0.00519942 -0.01390465
v 0.00089453 0.01781356 -0.01390465
v -0.00258216 0.01755890 -0.01390465
v -0.00593380 0.01660042 -0.01390465
v -0.00901946 0.01497844 -0.01390465
v 0.00076843 0.01730052 -0.01390465
v 0.00075764 0.01677233 -0.01390465
v 0.00086267 0.01625457 -0.01390465
v 0.00107844 0.01577234 -0.01390465
v 0.00139449 0.01534900 -0.01390465
v 0.00123683 0.00206015 -0.01390465
v 0.00150881 0.00182185 -0.01390465
v 0.00171587 0.00152538 -0.01390465
v 0.00184595 0.00118798 -0.01390465
v 0.00189152 0.00082926 -0.01390465
v 0.00184991 0.00047005 -0.01390465
v 0.00172354 0.00013124 -0.01390465
v 0.00151976 -0.00016749 -0.01390465
v 0.00125042 -0.00040877 -0.01390465
v 0.00093116 -0.00057858 -0.01390465
v 0.00058054 -0.00066705 -0.01390465
v 0.00021893 -0.00066904 -0.01390465
v -0.00013264 -0.00058443 -0.01390465
v -0.00045375 -0.00041815 -0.01390465
v -0.00072573 -0.00017985 -0.01390465
v -0.00093279 0.00011661 -0.01390465
v -0.00106288 0.00045402 -0.01390465
v -0.00110844 0.00081274 -0.01390465
v -0.00106683 0.00117195 -0.01390465
v -0.00094046 0.00151076 -0.01390465
v -0.00073669 0.00180949 -0.01390465
v -0.00046734 0.00205077 -0.01390465
v -0.00014808 0.00222057 -0.01390465
v 0.00020254 0.00230905 -0.01390465
v 0.00056415 0.00231103 -0.01390465
v 0.00091572 0.00222643 -0.01390465
v -0.00045375 -0.00041815 -0.01390465
v -0.00045375 -0.00041815 -0.01540465
v 0.00123683 0.00206015 -0.01540465
v 0.00150881 0.00182185 -0.01540465
v 0.00171587 0.00152539 -0.01540465
v 0.00184595 0.00118799 -0.01540465
v 0.00189152 0.00082926 -0.01540465
v 0.00184991 0.00047005 -0.01540465
v 0.00172354 0.00013124 -0.01540465
v 0.00151976 -0.00016749 -0.01540465
v 0.00125042 -0.00040877 -0.01540465
v 0.00093116 -0.00057858 -0.01540465
v 0.00058054 -0.00066705 -0.01540466
v 0.00021893 -0.00066904 -0.01540466
v -0.00013264 -0.00058443 -0.01540465
v 0.00123683 0.00206015 -0.01390465
v 0.00150881 0.00182185 -0.01390465
v 0.00171587 0.00152538 -0.01390465
v 0.00184595 0.00118798 -0.01390465
v 0.00189152 0.00082926 -0.01390465
v 0.00184991 0.00047005 -0.01390465
v 0.00172354 0.00013124 -0.01390465
v 0.00151976 -0.00016749 -0.01390465
v 0.00125042 -0.00040877 -0.01390465
v 0.00093116 -0.00057858 -0.01390465
v 0.00058054 -0.00066705 -0.01390465
v 0.00021893 -0.00066904 -0.01390465
v -0.00013264 -0.00058443 -0.01390465
v -0.00045375 -0.00041815 -0.01540465
v -0.00072573 -0.00017985 -0.01540465
v -0.00093279 0.00011661 -0.01540465
v -0.00106288 0.00045402 -0.01540465
v -0.00110844 0.00081274 -0.01540465
v -0.00106683 0.00117195 -0.01540465
v -0.00094046 0.00151076 -0.01540465
v -0.00073669 0.00180949 -0.01540465
v -0.00046734 0.00205077 -0.01540465
v -0.00014808 0.00222057 -0.01540465
v 0.00020254 0.00230905 -0.01540465
v 0.00056415 0.00231103 -0.01540465
v 0.00091572 0.00222643 -0.01540465
v 0.00123683 0.00206015 -0.01540465
v -0.00045375 -0.00041815 -0.01390465
v -0.00072573 -0.00017985 -0.01390465
v -0.00093279 0.00011661 -0.01390465
v -0.00106288 0.00045402 -0.01390465
v -0.00110844 0.00081274 -0.01390465
v -0.00106683 0.00117195 -0.01390465
v -0.00094046 0.00151076 -0.01390465
v -0.00073669 0.00180949 -0.01390465
v -0.00046734 0.00205077 -0.01390465
v -0.00014808 0.00222057 -0.01390465
v 0.00020254 0.00230905 -0.01390465
v 0.00056415 0.00231103 -0.01390465
v 0.00091572 0.00222643 -0.01390465
v 0.00123683 0.00206015 -0.01390465
v -0.00346969 0.00905860 -0.01390465
v -0.00273849 0.00822000 -0.01377929
v -0.00204396 0.00742346 -0.01340950
v -0.00142092 0.00670891 -0.01281381
v -0.00090061 0.00611218 -0.01202210
v -0.00050913 0.00566320 -0.01107407
v -0.00026610 0.00538448 -0.01001726
v -0.00018371 0.00528999 -0.00890465
v -0.00018371 0.00528999 -0.00570465
v -0.00026610 0.00538448 -0.00459205
v -0.00050913 0.00566320 -0.00353523
v -0.00090061 0.00611218 -0.00258720
v -0.00142092 0.00670891 -0.00179550
v -0.00204396 0.00742346 -0.00119981
v -0.00273849 0.00822000 -0.00083001
v -0.00346969 0.00905859 -0.00070465
v 0.00498924 -0.00064276 -0.00070465
v 0.00498924 -0.00064275 -0.01390465
v 0.00362245 0.00860871 -0.00570465
v -0.00018371 0.00528999 -0.00570465
v -0.00018371 0.00528999 -0.00890465
v 0.00362245 0.00860871 -0.00890465
v 0.00292255 0.01665726 -0.00270465
v 0.00292255 0.01665726 -0.01190465
v 0.00293455 0.01732601 -0.00270465
v 0.00285816 0.01726341 -0.00270465
v 0.00279945 0.01718401 -0.00270465
v 0.00276197 0.01709264 -0.00270465
v 0.00274802 0.01699487 -0.00270465
v 0.00275845 0.01689667 -0.00270465
v 0.00279263 0.01680401 -0.00270465
v 0.00284846 0.01672255 -0.00270465
v 0.00293455 0.01732601 -0.01190465
v 0.00284846 0.01672256 -0.01190465
v 0.00279263 0.01680401 -0.01190465
v 0.00275845 0.01689667 -0.01190465
v 0.00274802 0.01699487 -0.01190465
v 0.00276197 0.01709264 -0.01190465
v 0.00279945 0.01718401 -0.01190465
v 0.00285817 0.01726341 -0.01190465
v 0.00895987 0.00447700 -0.01540465
v 0.00874359 0.00661598 -0.01540465
v 0.00888543 0.00345020 -0.01540465
v 0.01013048 0.00439132 -0.01540465
v 0.01009493 0.00381595 -0.01540465
v 0.01008959 0.00375535 -0.01540465
v 0.00568449 -0.00287114 -0.01540466
v 0.00568449 -0.00287114 -0.01540466
v 0.00704065 -0.00204729 -0.01540466
v 0.00817918 -0.00093197 -0.01540465
v 0.00817918 -0.00093197 -0.01540465
v 0.00817918 -0.00093197 -0.01540465
v 0.00906868 0.00038597 -0.01540465
v 0.00970417 0.00185016 -0.01540465
v 0.00994977 0.00278870 -0.01540465
v 0.00423472 -0.00336302 -0.01540466
v 0.00337401 -0.00350944 -0.01540466
v 0.00412167 -0.00223060 -0.01540452
v 0.00412167 -0.00223060 -0.01540452
v 0.00412167 -0.00223060 -0.01540452
v 0.00412167 -0.00223060 -0.01540452
v 0.00412167 -0.00223060 -0.01540452
v -0.00238809 -0.00150941 -0.01540466
v 0.00046663 -0.00228131 -0.01540466
v 0.00229439 -0.00247568 -0.01540466
v 0.00325316 -0.00241944 -0.01540466
v 0.00325316 -0.00241944 -0.01540466
v -0.00309401 -0.00127851 -0.01540466
v 0.00185831 0.01451255 -0.01540465
v -0.00012507 0.01209617 -0.01540465
v -0.00157289 0.00934525 -0.01540465
v -0.00260611 0.00639656 -0.01540465
v -0.00318631 0.00333421 -0.01540465
v -0.00328502 0.00102438 -0.01540465
v -0.00045375 -0.00041815 -0.01540465
v -0.00072573 -0.00017985 -0.01540465
v -0.00093279 0.00011661 -0.01540465
v -0.00106288 0.00045402 -0.01540465
v -0.00110844 0.00081274 -0.01540465
v -0.00106683 0.00117195 -0.01540465
v -0.00094046 0.00151076 -0.01540465
v -0.00073669 0.00180949 -0.01540465
v -0.00046734 0.00205077 -0.01540465
v -0.00014808 0.00222057 -0.01540465
v 0.00020254 0.00230905 -0.01540465
v 0.00056415 0.00231103 -0.01540465
v 0.00091572 0.00222643 -0.01540465
v 0.00123683 0.00206015 -0.01540465
v 0.00150881 0.00182185 -0.01540465
v 0.00171587 0.00152539 -0.01540465
v 0.00184595 0.00118799 -0.01540465
v 0.00189152 0.00082926 -0.01540465
v 0.00189152 0.00082926 -0.01540465
v 0.00184991 0.00047005 -0.01540465
v 0.00172354 0.00013124 -0.01540465
v 0.00172354 0.00013124 -0.01540465
v 0.00151976 -0.00016749 -0.01540465
v 0.00125042 -0.00040877 -0.01540465
v 0.00093116 -0.00057858 -0.01540465
v 0.00058054 -0.00066705 -0.01540466
v 0.00021893 -0.00066904 -0.01540466
v -0.00013264 -0.00058443 -0.01540465
v -0.01170940 0.01276114 -0.00020465
v -0.01170940 0.01276114 -0.00070465
v -0.01098528 0.00889953 -0.00070465
v -0.00966405 0.00519942 -0.00070465
v -0.00777846 0.00175253 -0.00070465
v -0.00777846 0.00175253 0.00029535
v -0.00957512 0.00500349 0.00029535
v -0.01086934 0.00848511 0.00029535
v -0.01163245 0.01212027 0.00029535
v -0.01170861 0.01275375 -0.00012945
v -0.01170633 0.01273257 -0.00005740
v -0.01170269 0.01269912 0.00000974
v -0.01169785 0.01265525 0.00007043
v -0.01169197 0.01260291 0.00012407
v -0.01168276 0.01252286 0.00018420
v -0.01167096 0.01242368 0.00023595
v -0.01165794 0.01231779 0.00027131
v -0.01164551 0.01221994 0.00028940
v -0.00518612 0.00013599 0.00029535
v -0.00777846 0.00175253 0.00029535
v -0.00777846 0.00175253 -0.00070465
v -0.00482856 -0.00008698 -0.00070465
v -0.00482856 -0.00008698 -0.00070465
v -0.00482856 -0.00008698 0.00035547
v -0.00500521 0.00002378 0.00031050
v -0.00518612 0.00013600 -0.01490465
v -0.00503542 0.00416759 -0.01490465
v -0.00410747 0.00812319 -0.01490465
v -0.00255569 0.01177110 -0.01490465
v -0.00081277 0.01445723 -0.01490465
v 0.00145883 0.01672672 -0.01490465
v -0.00777846 0.00175254 -0.01490465
v -0.01163245 0.01212027 -0.01490465
v -0.01086934 0.00848512 -0.01490465
v -0.00957512 0.00500350 -0.01490465
v -0.00016343 0.01731166 -0.01490465
v -0.00335958 0.01688895 -0.01490465
v -0.00641252 0.01585279 -0.01490465
v -0.00920569 0.01424274 -0.01490465
v 0.00111457 0.01712155 -0.01490465
v 0.00069759 0.01724454 -0.01490465
v 0.00026934 0.01730274 -0.01490465
v -0.00016343 0.01731166 -0.01490465
v -0.00335958 0.01688895 -0.01490465
v -0.00641252 0.01585279 -0.01490465
v -0.00920569 0.01424274 -0.01490465
v -0.01163245 0.01212027 -0.01490465
v -0.01165180 0.01226908 -0.01489124
v -0.01166952 0.01241181 -0.01485015
v -0.01168511 0.01254313 -0.01478015
v -0.01169670 0.01264493 -0.01469156
v -0.01170178 0.01269085 -0.01463213
v -0.01170570 0.01272673 -0.01456597
v -0.01170810 0.01274897 -0.01450113
v -0.01170907 0.01275804 -0.01445340
v -0.01170940 0.01276115 -0.01440465
v -0.00924208 0.01482790 -0.01440465
v -0.00642944 0.01639258 -0.01440465
v -0.00337230 0.01739910 -0.01440465
v -0.00018025 0.01781138 -0.01440465
v -0.00016717 0.01742286 -0.01489211
v -0.00017073 0.01752848 -0.01485513
v -0.00017392 0.01762323 -0.01479556
v -0.00017658 0.01770236 -0.01471639
v -0.00017858 0.01776189 -0.01462159
v -0.00017983 0.01779885 -0.01451591
v -0.00946771 0.01460918 -0.01462159
v -0.00943307 0.01456073 -0.01471639
v -0.00939772 0.01451130 -0.01478015
v -0.00933805 0.01442785 -0.01484986
v -0.00927328 0.01433727 -0.01489096
v -0.00659828 0.01626319 -0.01462159
v -0.00657372 0.01620892 -0.01471639
v -0.00654866 0.01615357 -0.01478015
v -0.00650636 0.01606010 -0.01484986
v -0.00646044 0.01595866 -0.01489096
v -0.00347112 0.01736671 -0.01450114
v -0.00346200 0.01732764 -0.01462159
v -0.00344845 0.01726963 -0.01471639
v -0.00343464 0.01721046 -0.01478015
v -0.00341132 0.01711056 -0.01484986
v -0.00338600 0.01700211 -0.01489096
v 0.00145883 0.01672672 0.00029535
v 0.00148794 0.01668807 0.00029659
v 0.00150792 0.01664434 0.00030000
v 0.00151967 0.01659745 0.00030516
v 0.00152407 0.01654932 0.00031161
v 0.00150989 0.01642078 0.00033268
v 0.00146043 0.01626142 0.00036336
v 0.00133420 0.01599603 0.00042035
v -0.00087402 0.01357536 0.00042035
v -0.00253012 0.01074770 0.00042035
v -0.00402144 0.00672676 0.00042035
v -0.00466141 0.00317241 0.00042035
v -0.00465613 -0.00043777 0.00042033
v -0.00482856 -0.00008698 0.00035547
v -0.00518612 0.00013599 0.00029535
v -0.00500521 0.00002378 0.00031050
v -0.00087816 0.01437468 0.00029535
v -0.00264796 0.01159538 0.00029535
v -0.00424504 0.00769422 0.00029535
v -0.00506524 0.00394101 0.00029535
v 0.00133420 0.01599603 0.00042035
v -0.00087402 0.01357536 0.00042035
v -0.00253012 0.01074770 0.00042035
v -0.00402144 0.00672676 0.00042035
v -0.00466141 0.00317241 0.00042035
v -0.00465613 -0.00043777 0.00042033
v -0.00422507 -0.00131524 0.00057642
v -0.00386547 -0.00121459 0.00069876
v -0.00355315 -0.00119609 0.00076242
v -0.00332214 -0.00122180 0.00078737
v -0.00309401 -0.00127852 0.00079535
v -0.00326922 0.00224730 0.00079535
v -0.00277144 0.00574751 0.00079535
v -0.00146385 0.00959384 0.00079535
v -0.00005119 0.01220974 0.00079535
v 0.00185831 0.01451255 0.00079535
v 0.00138144 0.01548129 0.00061136
v 0.00152821 0.01502171 0.00073532
v 0.00167205 0.01475664 0.00077975
v 0.00133420 0.01599603 -0.01502965
v 0.00147774 0.01630901 -0.01496314
v 0.00151992 0.01647764 -0.01493211
v 0.00152155 0.01658463 -0.01491607
v 0.00150461 0.01665355 -0.01490844
v 0.00148546 0.01669224 -0.01490565
v 0.00145883 0.01672672 -0.01490465
v -0.00518612 0.00013600 -0.01490465
v -0.00503542 0.00416759 -0.01490465
v -0.00410747 0.00812319 -0.01490465
v -0.00255569 0.01177110 -0.01490465
v -0.00081277 0.01445723 -0.01490465
v -0.00482856 -0.00008697 -0.01496478
v -0.00500521 0.00002380 -0.01491981
v -0.00465613 -0.00043780 -0.01502964
v -0.00465970 0.00319213 -0.01502965
v -0.00401210 0.00676131 -0.01502965
v -0.00252410 0.01076027 -0.01502965
v -0.00086933 0.01358178 -0.01502965
v 0.00185831 0.01451255 -0.01540465
v -0.00012507 0.01209617 -0.01540465
v -0.00157289 0.00934525 -0.01540465
v -0.00260611 0.00639656 -0.01540465
v -0.00318631 0.00333421 -0.01540465
v -0.00328502 0.00102438 -0.01540465
v -0.00309401 -0.00127851 -0.01540466
v -0.00343932 -0.00120456 -0.01538627
v -0.00378892 -0.00120427 -0.01532706
v -0.00401264 -0.00124534 -0.01526483
v -0.00422507 -0.00131523 -0.01518573
v -0.00465613 -0.00043780 -0.01502964
v -0.00465970 0.00319213 -0.01502965
v -0.00401210 0.00676131 -0.01502965
v -0.00252410 0.01076027 -0.01502965
v -0.00086933 0.01358178 -0.01502965
v 0.00133420 0.01599603 -0.01502965
v 0.00162218 0.01483813 -0.01537802
v 0.00145800 0.01519935 -0.01530279
v 0.00136466 0.01557583 -0.01518913
v 0.00134050 0.01578640 -0.01511311
v 0.00293455 0.01732601 -0.01190465
v 0.00291039 0.01736430 -0.01232776
v 0.00283903 0.01747742 -0.01273172
v 0.00272369 0.01766027 -0.01309824
v 0.00332767 0.01756553 -0.01190465
v 0.00329328 0.01757152 -0.01220459
v 0.00319447 0.01758834 -0.01248995
v 0.00304219 0.01761308 -0.01275015
v 0.00289354 0.01763586 -0.01293307
v 0.00272369 0.01766027 -0.00151106
v 0.00303388 0.01761439 -0.00184792
v 0.00321759 0.01758445 -0.00217143
v 0.00329943 0.01757045 -0.00243275
v 0.00332767 0.01756552 -0.00270465
v 0.00293455 0.01732601 -0.00270465
v 0.00291039 0.01736429 -0.00228154
v 0.00283903 0.01747742 -0.00187758
v 0.00891493 0.01480706 -0.00150306
v 0.01161278 0.01156401 -0.00146065
v 0.01320876 0.00924919 -0.00132272
v 0.01346340 0.00868654 -0.00124567
v 0.01353419 0.00845325 -0.00120236
v 0.01357206 0.00823950 -0.00115386
v 0.01357581 0.00804545 -0.00109983
v 0.01354110 0.00785911 -0.00103544
v 0.01347183 0.00770791 -0.00096977
v 0.01335860 0.00756916 -0.00089329
v 0.01316295 0.00742700 -0.00078892
v 0.01300893 0.00735357 -0.00071771
v 0.01284780 0.00729597 -0.00064870
v 0.01155028 0.00701800 -0.00014584
v 0.01020839 0.00695363 0.00031069
v 0.00884639 0.00710299 0.00071293
v 0.00215794 0.01477381 0.00071293
v 0.00215794 0.01477381 0.00071293
v 0.00204391 0.01494007 0.00070283
v 0.00196763 0.01512474 0.00067516
v 0.00192536 0.01531824 0.00063387
v 0.00191258 0.01557528 0.00056485
v 0.00192485 0.01573362 0.00051576
v 0.00192485 0.01573362 0.00051576
v 0.00194983 0.01589051 0.00046293
v 0.00194983 0.01589051 0.00046293
v 0.00199169 0.01626427 0.00034284
v 0.00196234 0.01657242 0.00026468
v 0.00189544 0.01677478 0.00022891
v 0.00183501 0.01688585 0.00021702
v 0.00175859 0.01698785 0.00021293
v 0.00170427 0.01705015 0.00021293
v 0.00421167 0.01669015 -0.00050337
v 0.00664578 0.01593294 -0.00108263
v 0.01492144 0.00991322 -0.00475896
v 0.01488627 0.00989464 -0.00416444
v 0.01483540 0.00991189 -0.00390076
v 0.01480319 0.00993164 -0.00381533
v 0.01477522 0.00995293 -0.00376904
v 0.01475186 0.00997310 -0.00374435
v 0.01473514 0.00998882 -0.00373352
v 0.01471901 0.01000500 -0.00372821
v 0.01469301 0.01003319 -0.00372991
v 0.01466853 0.01006203 -0.00374269
v 0.01463815 0.01010087 -0.00377396
v 0.01461279 0.01013610 -0.00381528
v 0.01459156 0.01016762 -0.00386216
v 0.01459156 0.01016763 -0.01074715
v 0.01447076 0.01034861 -0.00730472
v 0.01463541 0.01010457 -0.01083151
v 0.01466424 0.01006732 -0.01086321
v 0.01468732 0.01003970 -0.01087739
v 0.01471315 0.01001113 -0.01088180
v 0.01473048 0.00999341 -0.01087776
v 0.01474727 0.00997734 -0.01086834
v 0.01476975 0.00995746 -0.01084715
v 0.01479607 0.00993674 -0.01080774
v 0.01481880 0.00992136 -0.01075771
v 0.01486664 0.00989858 -0.01057566
v 0.01489997 0.00989545 -0.01030858
v 0.01492144 0.00991322 -0.00985036
v 0.00875001 0.00692062 -0.01538340
v 0.00873301 0.00687791 -0.01539112
v 0.00872480 0.00683212 -0.01539649
v 0.00872636 0.00672343 -0.01540300
v 0.00874359 0.00661598 -0.01540465
v 0.00185831 0.01451255 -0.01540465
v 0.00196070 0.01460184 -0.01539538
v 0.00206121 0.01468947 -0.01536773
v 0.00215794 0.01477382 -0.01532223
v 0.00884639 0.00710299 -0.01532223
v 0.00884639 0.00710299 -0.01532223
v 0.01020839 0.00695364 -0.01491999
v 0.01155028 0.00701800 -0.01446346
v 0.01284780 0.00729597 -0.01396061
v 0.01319026 0.00744278 -0.01380697
v 0.01333981 0.00755179 -0.01372710
v 0.01333981 0.00755179 -0.01372710
v 0.01345992 0.00768939 -0.01364870
v 0.01353581 0.00784311 -0.01358014
v 0.01357129 0.00799906 -0.01352415
v 0.01357129 0.00799906 -0.01352415
v 0.01357754 0.00816252 -0.01347557
v 0.01357754 0.00816252 -0.01347557
v 0.01355009 0.00838223 -0.01342197
v 0.01335102 0.00896216 -0.01332186
v 0.01294632 0.00970452 -0.01324264
v 0.01146617 0.01175037 -0.01314346
v 0.00891493 0.01480706 -0.01310624
v 0.00664578 0.01593295 -0.01352667
v 0.00421167 0.01669015 -0.01410593
v 0.00170427 0.01705016 -0.01482223
v 0.00175859 0.01698786 -0.01482223
v 0.00187041 0.01682545 -0.01483196
v 0.00194407 0.01664377 -0.01485963
v 0.00198190 0.01645558 -0.01490087
v 0.00198751 0.01617012 -0.01498031
v 0.00194983 0.01589052 -0.01507223
v 0.00191215 0.01550932 -0.01519307
v 0.00194833 0.01519515 -0.01527071
v 0.00202914 0.01496862 -0.01530882
v 0.00202914 0.01496862 -0.01530882
v 0.00208685 0.01486758 -0.01531875
v 0.00215794 0.01477382 -0.01532223
v 0.00215794 0.01477382 -0.01532223
v 0.00185831 0.01451255 -0.01540465
v 0.00196070 0.01460184 -0.01539538
v 0.00206121 0.01468947 -0.01536773
v 0.00215794 0.01477382 -0.01532223
v 0.00162218 0.01483813 -0.01537802
v 0.00145800 0.01519935 -0.01530279
v 0.00136466 0.01557583 -0.01518913
v 0.00134050 0.01578640 -0.01511311
v 0.00133420 0.01599603 -0.01502965
v 0.00153747 0.01597588 -0.01508585
v 0.00174579 0.01594018 -0.01510026
v 0.00194983 0.01589052 -0.01507223
v 0.00191215 0.01550932 -0.01519307
v 0.00194833 0.01519515 -0.01527071
v 0.00202914 0.01496862 -0.01530882
v 0.00208685 0.01486758 -0.01531875
v 0.00133420 0.01599603 -0.01502965
v 0.00153747 0.01597588 -0.01508585
v 0.00174579 0.01594018 -0.01510026
v 0.00194983 0.01589052 -0.01507223
v 0.00147774 0.01630901 -0.01496314
v 0.00151992 0.01647764 -0.01493211
v 0.00152155 0.01658463 -0.01491607
v 0.00150461 0.01665355 -0.01490844
v 0.00148546 0.01669224 -0.01490565
v 0.00145883 0.01672672 -0.01490465
v 0.00159515 0.01684534 -0.01488811
v 0.00167830 0.01691781 -0.01486132
v 0.00175859 0.01698786 -0.01482223
v 0.00187041 0.01682545 -0.01483196
v 0.00194407 0.01664377 -0.01485963
v 0.00198190 0.01645558 -0.01490087
v 0.00198751 0.01617012 -0.01498031
v 0.00145883 0.01672672 -0.01490465
v 0.00111457 0.01712155 -0.01490465
v 0.00140846 0.01709360 -0.01488389
v 0.00170427 0.01705016 -0.01482223
v 0.00175859 0.01698786 -0.01482223
v 0.00159515 0.01684534 -0.01488811
v 0.00167830 0.01691781 -0.01486132
v 0.00111457 0.01712155 -0.01490465
v 0.00116103 0.01723438 -0.01488953
v 0.00120467 0.01734038 -0.01484510
v 0.00124287 0.01743316 -0.01477403
v 0.00147512 0.01725260 -0.01481685
v 0.00170427 0.01705016 -0.01482223
v 0.00170427 0.01705016 -0.01482223
v 0.00140846 0.01709360 -0.01488389
v 0.00111457 0.01712155 -0.01490465
v 0.00069759 0.01724454 -0.01490465
v 0.00026934 0.01730274 -0.01490465
v -0.00016343 0.01731166 -0.01490465
v -0.00016717 0.01742286 -0.01489211
v -0.00017073 0.01752848 -0.01485513
v -0.00017392 0.01762323 -0.01479556
v -0.00017658 0.01770236 -0.01471639
v -0.00017858 0.01776189 -0.01462159
v -0.00017983 0.01779885 -0.01451591
v -0.00018025 0.01781138 -0.01440465
v 0.00031672 0.01778362 -0.01453357
v 0.00079774 0.01766409 -0.01465783
v 0.00102766 0.01756472 -0.01471754
v 0.00124287 0.01743316 -0.01477403
v 0.00116103 0.01723438 -0.01488953
v 0.00120467 0.01734038 -0.01484510
v 0.00029760 0.01760664 -0.01480075
v 0.00052662 0.01755560 -0.01481969
v 0.00075394 0.01748723 -0.01483793
v 0.00891493 0.01480706 -0.01310624
v 0.00664578 0.01593295 -0.01352667
v 0.00421167 0.01669015 -0.01410593
v 0.00170427 0.01705016 -0.01482223
v 0.00124287 0.01743316 -0.01477403
v 0.00147512 0.01725260 -0.01481685
v -0.00018025 0.01781138 -0.01440465
v 0.00031672 0.01778362 -0.01453357
v 0.00079774 0.01766409 -0.01465783
v 0.00102766 0.01756472 -0.01471754
v 0.00304837 0.01761210 -0.01346575
v 0.00620890 0.01679468 -0.01271344
v 0.00912927 0.01540359 -0.01218866
v 0.00913119 0.01530207 -0.01259101
v 0.00914073 0.01535176 -0.01246131
v 0.00914008 0.01538582 -0.01232632
v 0.00899174 0.01495815 -0.01301827
v 0.00905482 0.01509420 -0.01290004
v 0.00910188 0.01521025 -0.01275587
v 0.00470778 0.01707291 -0.01363304
v 0.00227410 0.01757909 -0.01419561
v 0.00240505 0.01750440 -0.01425028
v 0.00370474 0.01730204 -0.01389043
v 0.00650669 0.01649216 -0.01321866
v 0.00795297 0.01585328 -0.01293363
v 0.00794199 0.01580880 -0.01299352
v 0.00891493 0.01480706 -0.01310624
v 0.00899174 0.01495815 -0.01301827
v 0.00905482 0.01509420 -0.01290004
v 0.00910188 0.01521025 -0.01275587
v 0.00913119 0.01530207 -0.01259101
v 0.00915162 0.01533203 -0.01249553
v 0.00916646 0.01535379 -0.01239685
v 0.00917556 0.01536712 -0.01229600
v 0.00922330 0.01530098 -0.01243364
v 0.00925548 0.01521551 -0.01256500
v 0.00927128 0.01511289 -0.01268674
v 0.00905553 0.01492793 -0.01300116
v 0.00917614 0.01503144 -0.01285918
v 0.00884639 0.00710299 0.00071293
v 0.00215794 0.01477381 0.00071293
v 0.00206121 0.01468946 0.00075843
v 0.00196070 0.01460183 0.00078608
v 0.00185831 0.01451255 0.00079535
v 0.00874359 0.00661597 0.00079535
v 0.00872402 0.00675250 0.00079254
v 0.00872634 0.00684493 0.00078590
v 0.00873480 0.00688407 0.00078090
v 0.00875001 0.00692061 0.00077410
v 0.00215794 0.01477381 0.00071293
v 0.00206121 0.01468946 0.00075843
v 0.00196070 0.01460183 0.00078608
v 0.00185831 0.01451255 0.00079535
v 0.00204391 0.01494007 0.00070283
v 0.00196763 0.01512474 0.00067516
v 0.00192536 0.01531824 0.00063387
v 0.00191258 0.01557528 0.00056485
v 0.00192485 0.01573362 0.00051576
v 0.00194983 0.01589051 0.00046293
v 0.00174579 0.01594017 0.00049096
v 0.00153747 0.01597588 0.00047655
v 0.00133420 0.01599603 0.00042035
v 0.00138144 0.01548129 0.00061136
v 0.00152821 0.01502171 0.00073532
v 0.00167205 0.01475664 0.00077975
v 0.00194983 0.01589051 0.00046293
v 0.00174579 0.01594017 0.00049096
v 0.00153747 0.01597588 0.00047655
v 0.00133420 0.01599603 0.00042035
v 0.00199169 0.01626427 0.00034284
v 0.00196234 0.01657242 0.00026468
v 0.00189544 0.01677478 0.00022891
v 0.00183501 0.01688585 0.00021702
v 0.00175859 0.01698785 0.00021293
v 0.00162869 0.01687454 0.00026960
v 0.00154434 0.01680108 0.00028886
v 0.00145883 0.01672672 0.00029535
v 0.00148794 0.01668807 0.00029659
v 0.00150792 0.01664434 0.00030000
v 0.00151967 0.01659745 0.00030516
v 0.00152407 0.01654932 0.00031161
v 0.00150989 0.01642078 0.00033268
v 0.00146043 0.01626142 0.00036336
v 0.00175859 0.01698785 0.00021293
v 0.00162869 0.01687454 0.00026960
v 0.00154434 0.01680108 0.00028886
v 0.00145883 0.01672672 0.00029535
v 0.00170427 0.01705015 0.00021293
v 0.00140848 0.01709360 0.00027462
v 0.00111457 0.01712154 0.00029535
v 0.00111457 0.01712154 0.00029535
v 0.00116103 0.01723437 0.00028023
v 0.00120467 0.01734038 0.00023580
v 0.00124287 0.01743315 0.00016473
v 0.00088728 0.01762949 0.00007174
v 0.00050264 0.01774917 -0.00002772
v 0.00016383 0.01780179 -0.00011527
v -0.00018025 0.01781138 -0.00020465
v -0.00017983 0.01779885 -0.00009339
v -0.00017858 0.01776189 0.00001229
v -0.00017658 0.01770235 0.00010710
v -0.00017392 0.01762323 0.00018627
v -0.00017073 0.01752848 0.00024584
v -0.00016717 0.01742286 0.00028282
v -0.00016343 0.01731166 0.00029535
v 0.00041251 0.01728898 0.00029535
v 0.00076842 0.01722939 0.00029535
v 0.00030155 0.01760589 0.00019179
v 0.00046275 0.01757129 0.00020531
v 0.00065194 0.01752043 0.00022047
v 0.00170427 0.01705015 0.00021293
v 0.00140848 0.01709360 0.00027462
v 0.00111457 0.01712154 0.00029535
v 0.00170427 0.01705015 0.00021293
v 0.00147514 0.01725260 0.00020758
v 0.00124287 0.01743315 0.00016473
v 0.00116103 0.01723437 0.00028023
v 0.00120467 0.01734038 0.00023580
v 0.00875001 0.00692062 -0.01538340
v 0.00884639 0.00710299 -0.01532223
v 0.01020839 0.00695364 -0.01491999
v 0.01155028 0.00701800 -0.01446346
v 0.01284780 0.00729597 -0.01396061
v 0.01289001 0.00717578 -0.01397213
v 0.01155307 0.00682944 -0.01449679
v 0.01016094 0.00675672 -0.01496944
v 0.00891493 0.01480706 -0.01310624
v 0.00905553 0.01492793 -0.01300116
v 0.00917614 0.01503144 -0.01285918
v 0.00927128 0.01511289 -0.01268674
v 0.01196096 0.01170417 -0.01288591
v 0.01344517 0.00922590 -0.01318762
v 0.01364358 0.00862392 -0.01330717
v 0.01369544 0.00820191 -0.01341668
v 0.01368067 0.00800347 -0.01348004
v 0.01363195 0.00781387 -0.01355119
v 0.01354716 0.00764295 -0.01362802
v 0.01339906 0.00746736 -0.01372605
v 0.01316059 0.00729783 -0.01385087
v 0.01289001 0.00717578 -0.01397213
v 0.01284780 0.00729597 -0.01396061
v 0.01319026 0.00744278 -0.01380697
v 0.01333981 0.00755179 -0.01372710
v 0.01345992 0.00768939 -0.01364870
v 0.01353581 0.00784311 -0.01358014
v 0.01357129 0.00799906 -0.01352415
v 0.01357754 0.00816252 -0.01347557
v 0.01355009 0.00838223 -0.01342197
v 0.01335102 0.00896216 -0.01332186
v 0.01294632 0.00970452 -0.01324264
v 0.01146617 0.01175037 -0.01314346
v 0.00913119 0.01530207 -0.01259101
v 0.00915162 0.01533203 -0.01249553
v 0.00916646 0.01535379 -0.01239685
v 0.00917556 0.01536712 -0.01229600
v 0.00914073 0.01535176 -0.01246131
v 0.00914008 0.01538582 -0.01232632
v 0.00912927 0.01540359 -0.01218866
v 0.00914559 0.01539284 -0.01222452
v 0.00916103 0.01538068 -0.01226032
v 0.01386201 0.01117925 -0.00988431
v 0.01361386 0.01149717 -0.00955547
v 0.01335165 0.01181555 -0.00933721
v 0.01311193 0.01209276 -0.00924290
v 0.01288456 0.01234426 -0.00923883
v 0.01265598 0.01258668 -0.00931224
v 0.01243733 0.01280941 -0.00945052
v 0.01222090 0.01302189 -0.00964866
v 0.01202015 0.01321131 -0.00988431
v 0.01093974 0.01409836 -0.01123444
v 0.01014637 0.01462704 -0.01198620
v 0.00927128 0.01511289 -0.01268674
v 0.00917556 0.01536712 -0.01229600
v 0.00922330 0.01530098 -0.01243364
v 0.00925548 0.01521551 -0.01256500
v 0.00912927 0.01540359 -0.01218866
v 0.00914559 0.01539284 -0.01222452
v 0.00916103 0.01538068 -0.01226032
v 0.01123529 0.01391346 -0.01062820
v 0.01206258 0.01318170 -0.00967822
v 0.01239866 0.01285549 -0.00936601
v 0.01269780 0.01254942 -0.00919753
v 0.01295648 0.01227185 -0.00914186
v 0.01316813 0.01203522 -0.00916310
v 0.01343714 0.01172110 -0.00928410
v 0.01375440 0.01132976 -0.00957434
v 0.01417435 0.01077260 -0.01018467
v 0.01459156 0.01016763 -0.01074715
v 0.01456075 0.01020732 -0.01081988
v 0.01452366 0.01024241 -0.01089205
v 0.01448056 0.01027262 -0.01096309
v 0.01459156 0.01016763 -0.01074715
v 0.01456075 0.01020732 -0.01081988
v 0.01452366 0.01024241 -0.01089205
v 0.01448056 0.01027262 -0.01096309
v 0.01463541 0.01010457 -0.01083151
v 0.01466424 0.01006732 -0.01086321
v 0.01468732 0.01003970 -0.01087739
v 0.01471315 0.01001113 -0.01088180
v 0.01473048 0.00999341 -0.01087776
v 0.01474727 0.00997734 -0.01086834
v 0.01476975 0.00995746 -0.01084715
v 0.01479607 0.00993674 -0.01080774
v 0.01481880 0.00992136 -0.01075771
v 0.01486664 0.00989858 -0.01057566
v 0.01489997 0.00989545 -0.01030858
v 0.01492144 0.00991322 -0.00985036
v 0.01506085 0.00982731 -0.00986667
v 0.01514018 0.00976238 -0.00987592
v 0.01521247 0.00968960 -0.00988431
v 0.01510889 0.00970444 -0.01049117
v 0.01500815 0.00974531 -0.01078021
v 0.01491908 0.00979594 -0.01093773
v 0.01484407 0.00984896 -0.01102548
v 0.01479304 0.00989068 -0.01106626
v 0.01473969 0.00993959 -0.01109356
v 0.01468899 0.00999174 -0.01110432
v 0.01463035 0.01005910 -0.01109804
v 0.01458428 0.01011794 -0.01107716
v 0.01454592 0.01017141 -0.01104700
v 0.01451137 0.01022327 -0.01100832
v 0.01492144 0.00991322 -0.00985036
v 0.01506085 0.00982731 -0.00986667
v 0.01514018 0.00976238 -0.00987592
v 0.01521247 0.00968960 -0.00988431
v 0.01492144 0.00991322 -0.00475896
v 0.01506085 0.00982731 -0.00474265
v 0.01514018 0.00976238 -0.00473339
v 0.01521247 0.00968960 -0.00472499
v 0.01535527 0.00970160 -0.00730439
v 0.01492144 0.00991322 -0.00475896
v 0.01506085 0.00982731 -0.00474265
v 0.01514018 0.00976238 -0.00473339
v 0.01521247 0.00968960 -0.00472499
v 0.01488627 0.00989464 -0.00416444
v 0.01483540 0.00991189 -0.00390076
v 0.01480319 0.00993164 -0.00381533
v 0.01477522 0.00995293 -0.00376904
v 0.01475186 0.00997310 -0.00374435
v 0.01473514 0.00998882 -0.00373352
v 0.01471901 0.01000500 -0.00372821
v 0.01469301 0.01003319 -0.00372991
v 0.01466853 0.01006203 -0.00374269
v 0.01463815 0.01010087 -0.00377396
v 0.01461279 0.01013610 -0.00381528
v 0.01459156 0.01016762 -0.00386216
v 0.01456075 0.01020732 -0.00378942
v 0.01452366 0.01024241 -0.00371725
v 0.01448056 0.01027262 -0.00364621
v 0.01454972 0.01016590 -0.00355868
v 0.01459134 0.01010854 -0.00352789
v 0.01463837 0.01004943 -0.00350915
v 0.01469605 0.00998412 -0.00350558
v 0.01474952 0.00993014 -0.00351957
v 0.01479667 0.00988755 -0.00354547
v 0.01484201 0.00985055 -0.00358189
v 0.01488453 0.00981915 -0.00362671
v 0.01493538 0.00978566 -0.00369551
v 0.01499977 0.00974951 -0.00381123
v 0.01507456 0.00971604 -0.00400032
v 0.01516090 0.00969244 -0.00435887
v 0.00912927 0.01540359 -0.00242064
v 0.00914559 0.01539284 -0.00238478
v 0.00916103 0.01538067 -0.00234898
v 0.00917556 0.01536712 -0.00231330
v 0.00922330 0.01530098 -0.00217566
v 0.00925548 0.01521550 -0.00204430
v 0.00927128 0.01511289 -0.00192256
v 0.01078329 0.01421005 -0.00321461
v 0.01202015 0.01321130 -0.00472499
v 0.01231344 0.01293200 -0.00505249
v 0.01260469 0.01263971 -0.00527040
v 0.01285603 0.01237509 -0.00536556
v 0.01308399 0.01212423 -0.00537120
v 0.01330260 0.01187331 -0.00529921
v 0.01350272 0.01163405 -0.00516162
v 0.01369304 0.01139774 -0.00496266
v 0.01386201 0.01117925 -0.00472499
v 0.01448056 0.01027262 -0.00364621
v 0.01459156 0.01016762 -0.00386216
v 0.01456075 0.01020732 -0.00378942
v 0.01452366 0.01024241 -0.00371725
v 0.01376708 0.01131361 -0.00501980
v 0.01357266 0.01155683 -0.00522173
v 0.01337353 0.01179676 -0.00536359
v 0.01317327 0.01202936 -0.00544490
v 0.01291605 0.01231607 -0.00546460
v 0.01267690 0.01257129 -0.00540343
v 0.01236523 0.01288875 -0.00521787
v 0.01190053 0.01333274 -0.00473914
v 0.01063443 0.01438871 -0.00344832
v 0.00913119 0.01530207 -0.00201829
v 0.00915162 0.01533203 -0.00211377
v 0.00916646 0.01535379 -0.00221245
v 0.00917556 0.01536712 -0.00231330
v 0.00910188 0.01521025 -0.00185343
v 0.00905482 0.01509420 -0.00170926
v 0.00899174 0.01495815 -0.00159103
v 0.00891493 0.01480706 -0.00150306
v 0.00905553 0.01492792 -0.00160814
v 0.00917614 0.01503144 -0.00175012
v 0.00927128 0.01511289 -0.00192256
v 0.00922330 0.01530098 -0.00217566
v 0.00925548 0.01521550 -0.00204430
v 0.00891493 0.01480706 -0.00150306
v 0.00905553 0.01492792 -0.00160814
v 0.00917614 0.01503144 -0.00175012
v 0.00927128 0.01511289 -0.00192256
v 0.01161278 0.01156401 -0.00146065
v 0.01320876 0.00924919 -0.00132272
v 0.01346340 0.00868654 -0.00124567
v 0.01353419 0.00845325 -0.00120236
v 0.01357206 0.00823950 -0.00115386
v 0.01357581 0.00804545 -0.00109983
v 0.01354110 0.00785911 -0.00103544
v 0.01347183 0.00770791 -0.00096977
v 0.01335860 0.00756916 -0.00089329
v 0.01316295 0.00742700 -0.00078892
v 0.01300893 0.00735357 -0.00071771
v 0.01284780 0.00729597 -0.00064870
v 0.01289001 0.00717577 -0.00063717
v 0.01322011 0.00733233 -0.00078732
v 0.01337413 0.00744501 -0.00086886
v 0.01350545 0.00758374 -0.00095082
v 0.01361004 0.00775975 -0.00103533
v 0.01367234 0.00795710 -0.00111297
v 0.01369501 0.00816601 -0.00118184
v 0.01367606 0.00845131 -0.00126073
v 0.01349580 0.00909916 -0.00139906
v 0.01312089 0.00989692 -0.00152557
v 0.01178042 0.01195361 -0.00174434
v 0.00884639 0.00710299 0.00071293
v 0.00875001 0.00692061 0.00077410
v 0.01016107 0.00675671 0.00036009
v 0.01155317 0.00682945 -0.00011255
v 0.01289001 0.00717577 -0.00063717
v 0.01284780 0.00729597 -0.00064870
v 0.01155028 0.00701800 -0.00014584
v 0.01020839 0.00695363 0.00031069
v 0.00259764 0.01434890 -0.01390465
v -0.00346969 0.00905860 -0.01390465
v 0.00362245 0.00860871 -0.00890465
v 0.00402126 0.00910186 -0.00994579
v 0.00426821 0.00978498 -0.01100424
v 0.00431725 0.01063285 -0.01199454
v 0.00414767 0.01158849 -0.01282825
v 0.00377317 0.01257429 -0.01343757
v 0.00329735 0.01342226 -0.01376864
v 0.00295829 0.01390539 -0.01387190
v -0.00018371 0.00528999 -0.00890465
v -0.00273849 0.00822000 -0.01377929
v -0.00204396 0.00742346 -0.01340950
v -0.00142092 0.00670891 -0.01281381
v -0.00090061 0.00611218 -0.01202210
v -0.00050913 0.00566320 -0.01107407
v -0.00026610 0.00538448 -0.01001726
v 0.00189841 0.01493864 -0.01390465
v 0.00215118 0.01476623 -0.01390465
v 0.00238507 0.01456896 -0.01390465
v 0.00259764 0.01434890 -0.01390465
v 0.00293970 0.01664619 -0.01190465
v 0.00291359 0.01660338 -0.01234969
v 0.00283658 0.01647709 -0.01277242
v 0.00271253 0.01627365 -0.01315163
v 0.00254765 0.01600328 -0.01346831
v 0.00235021 0.01567952 -0.01370659
v 0.00213012 0.01531861 -0.01385451
v 0.00410509 0.01566329 -0.01190465
v 0.00375079 0.01603006 -0.01190465
v 0.00336097 0.01635883 -0.01190465
v 0.00293308 0.01464138 -0.01385451
v 0.00325170 0.01491920 -0.01370659
v 0.00353752 0.01516841 -0.01346831
v 0.00377621 0.01537653 -0.01315163
v 0.00395580 0.01553312 -0.01277242
v 0.00406729 0.01563034 -0.01234969
v 0.00333064 0.01631890 -0.01234969
v 0.00371655 0.01599343 -0.01234969
v 0.00324117 0.01620111 -0.01277242
v 0.00361554 0.01588536 -0.01277242
v 0.00309704 0.01601137 -0.01315163
v 0.00345283 0.01571129 -0.01315163
v 0.00290547 0.01575920 -0.01346831
v 0.00323658 0.01547994 -0.01346831
v 0.00267609 0.01545723 -0.01370659
v 0.00297763 0.01520291 -0.01370659
v 0.00242038 0.01512061 -0.01385451
v 0.00268897 0.01489409 -0.01385451
v 0.00259764 0.01434890 -0.01390465
v 0.00293308 0.01464138 -0.01385451
v 0.00325170 0.01491920 -0.01370659
v 0.00353752 0.01516841 -0.01346831
v 0.00377621 0.01537653 -0.01315163
v 0.00395580 0.01553312 -0.01277242
v 0.00406729 0.01563034 -0.01234969
v 0.00410509 0.01566329 -0.01190465
v 0.00362245 0.00860871 -0.00890465
v 0.00433515 0.00937555 -0.00952933
v 0.00490121 0.01033692 -0.01016441
v 0.00524881 0.01144511 -0.01075858
v 0.00533059 0.01261991 -0.01125881
v 0.00513980 0.01376589 -0.01162440
v 0.00476378 0.01470089 -0.01182304
v 0.00445586 0.01521117 -0.01188500
v 0.00362245 0.00860871 -0.00890465
v 0.00402126 0.00910186 -0.00994579
v 0.00426821 0.00978498 -0.01100424
v 0.00431725 0.01063285 -0.01199454
v 0.00414767 0.01158849 -0.01282825
v 0.00377317 0.01257429 -0.01343757
v 0.00329735 0.01342226 -0.01376864
v 0.00295829 0.01390539 -0.01387190
v 0.00458431 0.00985735 -0.01045022
v 0.00501809 0.01147833 -0.01184247
v 0.00498941 0.01240059 -0.01242695
v 0.00476411 0.01337353 -0.01289655
v 0.00432086 0.01435637 -0.01320838
v 0.00293970 0.01664618 -0.00270465
v 0.00336097 0.01635883 -0.00270465
v 0.00375079 0.01603005 -0.00270465
v 0.00410509 0.01566329 -0.00270465
v 0.00362245 0.00860871 -0.00570465
v 0.00433515 0.00937555 -0.00507997
v 0.00490121 0.01033691 -0.00444490
v 0.00524881 0.01144511 -0.00385072
v 0.00533059 0.01261991 -0.00335049
v 0.00513980 0.01376589 -0.00298490
v 0.00476378 0.01470089 -0.00278626
v 0.00445586 0.01521116 -0.00272430
v 0.00362245 0.00860871 -0.00890465
v 0.00433515 0.00937555 -0.00952933
v 0.00490121 0.01033692 -0.01016441
v 0.00524881 0.01144511 -0.01075858
v 0.00533059 0.01261991 -0.01125881
v 0.00513980 0.01376589 -0.01162440
v 0.00476378 0.01470089 -0.01182304
v 0.00445586 0.01521117 -0.01188500
v 0.00410509 0.01566329 -0.01190465
v 0.00375079 0.01603006 -0.01190465
v 0.00336097 0.01635883 -0.01190465
v 0.00293970 0.01664619 -0.01190465
v 0.00410509 0.01566329 -0.00270465
v 0.00406729 0.01563033 -0.00225961
v 0.00395580 0.01553312 -0.00183688
v 0.00377621 0.01537653 -0.00145767
v 0.00353752 0.01516841 -0.00114099
v 0.00325170 0.01491919 -0.00090271
v 0.00293308 0.01464138 -0.00075479
v 0.00259764 0.01434890 -0.00070465
v 0.00362245 0.00860871 -0.00570465
v 0.00402126 0.00910185 -0.00466351
v 0.00426821 0.00978498 -0.00360506
v 0.00431725 0.01063284 -0.00261477
v 0.00414767 0.01158848 -0.00178105
v 0.00377317 0.01257428 -0.00117173
v 0.00329735 0.01342225 -0.00084066
v 0.00295829 0.01390538 -0.00073740
v 0.00362245 0.00860871 -0.00570465
v 0.00433515 0.00937555 -0.00507997
v 0.00490121 0.01033691 -0.00444490
v 0.00524881 0.01144511 -0.00385072
v 0.00533059 0.01261991 -0.00335049
v 0.00513980 0.01376589 -0.00298490
v 0.00476378 0.01470089 -0.00278626
v 0.00445586 0.01521116 -0.00272430
v 0.00458431 0.00985734 -0.00415909
v 0.00501809 0.01147833 -0.00276683
v 0.00498941 0.01240058 -0.00218235
v 0.00476411 0.01337353 -0.00171275
v 0.00432086 0.01435636 -0.00140092
v 0.00362245 0.00860871 -0.00570465
v -0.00018371 0.00528999 -0.00570465
v 0.00402126 0.00910185 -0.00466351
v 0.00426821 0.00978498 -0.00360506
v 0.00431725 0.01063284 -0.00261477
v 0.00414767 0.01158848 -0.00178105
v 0.00377317 0.01257428 -0.00117173
v 0.00329735 0.01342225 -0.00084066
v 0.00295829 0.01390538 -0.00073740
v 0.00259764 0.01434890 -0.00070465
v -0.00346969 0.00905859 -0.00070465
v -0.00026610 0.00538448 -0.00459205
v -0.00050913 0.00566320 -0.00353523
v -0.00090061 0.00611218 -0.00258720
v -0.00142092 0.00670891 -0.00179550
v -0.00204396 0.00742346 -0.00119981
v -0.00273849 0.00822000 -0.00083001
f 4 8 3
f 20 2 3
f 20 11 12
f 21 1 2
f 21 15 14
f 21 18 1
f 21 19 18
f 21 14 19
f 22 12 13
f 22 16 15
f 22 17 16
f 22 13 17
f 22 21 12
f 22 15 21
f 23 12 21
f 23 2 20
f 23 21 2
f 23 20 12
f 24 11 20
f 24 20 3
f 25 9 11
f 25 24 3
f 25 11 24
f 26 6 5
f 26 7 6
f 26 8 7
f 26 10 9
f 26 5 10
f 26 25 3
f 26 9 25
f 26 3 8
f 78 73 74
f 72 73 78
f 77 72 78
f 44 43 47
f 51 44 47
f 76 71 77
f 45 44 51
f 75 70 76
f 67 66 75
f 46 45 50
f 81 67 75
f 81 68 67
f 81 69 68
f 81 62 69
f 63 62 81
f 64 63 81
f 65 64 81
f 40 46 49
f 55 40 48
f 80 65 81
f 80 61 65
f 41 53 52
f 41 54 53
f 41 58 57
f 41 59 58
f 41 60 59
f 41 52 60
f 42 57 56
f 42 56 61
f 42 61 80
f 42 41 57
f 30 42 80
f 30 80 79
f 30 79 90
f 31 30 90
f 31 90 89
f 32 89 88
f 32 31 89
f 33 88 87
f 33 32 88
f 34 87 86
f 34 33 87
f 35 86 85
f 35 34 86
f 36 85 84
f 36 35 85
f 37 84 83
f 37 36 84
f 38 83 82
f 38 37 83
f 28 82 29
f 28 38 82
f 39 38 28
f 27 39 28
f 41 40 54
f 54 40 55
f 49 48 40
f 50 49 46
f 51 50 45
f 66 70 75
f 70 71 76
f 71 72 77
f 92 91 112
f 100 111 99
f 119 105 106
f 119 118 105
f 120 117 118
f 120 118 119
f 121 106 107
f 121 119 106
f 122 116 117
f 122 117 120
f 123 120 119
f 123 119 121
f 124 115 116
f 124 116 122
f 125 107 108
f 125 121 107
f 126 115 124
f 127 120 123
f 127 122 120
f 128 114 115
f 128 115 126
f 129 121 125
f 129 123 121
f 130 108 109
f 130 125 108
f 131 124 122
f 131 122 127
f 132 114 128
f 133 124 131
f 133 126 124
f 134 127 123
f 134 123 129
f 134 131 127
f 135 113 114
f 135 114 132
f 136 129 125
f 136 125 130
f 137 128 126
f 137 126 133
f 138 112 113
f 138 113 135
f 139 109 110
f 139 130 109
f 140 131 134
f 141 135 132
f 141 128 137
f 141 132 128
f 142 134 129
f 142 129 136
f 143 131 140
f 143 133 131
f 144 112 138
f 144 92 112
f 145 135 141
f 146 130 139
f 146 136 130
f 146 142 136
f 147 141 137
f 147 137 133
f 147 133 143
f 148 140 134
f 148 134 142
f 149 138 135
f 149 135 145
f 150 141 147
f 151 110 111
f 151 111 100
f 151 139 110
f 152 143 140
f 152 140 148
f 153 142 146
f 154 93 92
f 154 94 93
f 154 144 138
f 154 138 149
f 154 92 144
f 155 145 141
f 155 141 150
f 156 143 152
f 156 147 143
f 157 100 101
f 157 146 139
f 157 139 151
f 157 151 100
f 158 148 142
f 158 142 153
f 159 149 145
f 159 145 155
f 159 154 149
f 160 147 156
f 160 150 147
f 161 152 148
f 161 156 152
f 161 148 158
f 162 98 94
f 162 94 154
f 162 154 159
f 163 101 102
f 163 157 101
f 163 146 157
f 163 153 146
f 164 155 150
f 164 150 160
f 165 156 161
f 166 97 98
f 166 159 155
f 166 98 162
f 166 162 159
f 166 155 164
f 167 160 156
f 167 156 165
f 168 102 103
f 168 163 102
f 168 158 153
f 168 153 163
f 169 103 104
f 169 158 168
f 169 161 158
f 169 168 103
f 170 96 97
f 170 166 164
f 170 97 166
f 170 164 160
f 170 160 167
f 171 169 104
f 171 161 169
f 171 165 161
f 172 171 104
f 172 95 96
f 172 170 167
f 172 165 171
f 172 104 95
f 172 96 170
f 172 167 165
f 178 179 188
f 201 189 190
f 201 200 189
f 202 199 200
f 202 200 201
f 203 190 191
f 203 201 190
f 204 198 199
f 204 199 202
f 205 201 203
f 205 202 201
f 206 197 198
f 206 198 204
f 207 204 202
f 207 202 205
f 208 191 192
f 208 203 191
f 209 196 197
f 209 197 206
f 210 196 209
f 211 206 204
f 211 204 207
f 212 203 208
f 212 205 203
f 213 176 177
f 213 177 196
f 213 196 210
f 214 209 206
f 214 206 211
f 215 192 193
f 215 208 192
f 216 210 209
f 216 213 210
f 216 209 214
f 217 207 205
f 217 205 212
f 218 213 216
f 219 212 208
f 219 208 215
f 220 211 207
f 220 207 217
f 221 175 176
f 221 213 218
f 221 176 213
f 222 211 220
f 222 214 211
f 223 193 194
f 223 215 193
f 224 217 212
f 224 212 219
f 225 216 214
f 225 218 216
f 225 214 222
f 226 219 215
f 226 215 223
f 227 221 218
f 227 218 225
f 228 217 224
f 228 222 220
f 228 220 217
f 229 181 182
f 229 223 194
f 229 194 195
f 229 195 181
f 230 175 221
f 230 221 227
f 231 222 228
f 232 224 219
f 232 219 226
f 232 228 224
f 233 174 175
f 233 175 230
f 234 222 231
f 234 225 222
f 235 182 183
f 235 229 182
f 235 226 223
f 235 223 229
f 236 225 234
f 236 227 225
f 237 228 232
f 238 228 237
f 238 231 228
f 239 183 184
f 239 232 226
f 239 226 235
f 239 235 183
f 240 230 227
f 240 227 236
f 241 234 231
f 241 231 238
f 242 174 233
f 242 233 230
f 242 230 240
f 243 236 234
f 243 234 241
f 243 240 236
f 244 184 185
f 244 239 184
f 244 237 232
f 244 232 239
f 245 174 242
f 246 238 237
f 246 237 244
f 246 241 238
f 246 244 185
f 247 173 174
f 247 174 245
f 248 240 243
f 249 185 186
f 249 246 185
f 249 241 246
f 250 240 248
f 250 242 240
f 251 243 241
f 251 249 186
f 251 241 249
f 252 245 242
f 252 242 250
f 253 245 252
f 253 180 173
f 253 173 247
f 253 247 245
f 254 186 187
f 254 248 243
f 254 251 186
f 254 250 248
f 254 243 251
f 255 254 187
f 255 250 254
f 256 255 187
f 256 250 255
f 256 187 188
f 256 252 250
f 257 179 180
f 257 253 252
f 257 252 256
f 257 256 188
f 257 188 179
f 257 180 253
f 274 261 273
f 275 260 274
f 280 259 281
f 279 259 280
f 278 259 279
f 277 259 278
f 258 259 277
f 283 269 270
f 283 270 271
f 283 271 272
f 283 272 273
f 284 268 269
f 284 269 283
f 285 267 268
f 285 268 284
f 286 266 267
f 286 267 285
f 287 263 264
f 287 264 265
f 287 265 266
f 287 266 286
f 288 283 273
f 288 273 261
f 289 283 288
f 289 288 261
f 289 284 283
f 290 289 261
f 290 285 284
f 290 284 289
f 291 285 290
f 291 286 285
f 291 290 261
f 292 263 287
f 292 286 291
f 292 287 286
f 292 291 261
f 293 261 262
f 293 262 263
f 293 263 292
f 293 292 261
f 294 261 274
f 294 274 260
f 295 294 260
f 295 261 294
f 296 295 260
f 296 261 295
f 297 296 260
f 297 261 296
f 298 297 260
f 298 261 297
f 299 260 261
f 299 298 260
f 299 261 298
f 300 275 276
f 300 276 282
f 300 260 275
f 301 282 281
f 301 281 259
f 301 260 300
f 301 300 282
f 302 260 301
f 302 301 259
f 303 260 302
f 303 302 259
f 304 303 259
f 304 260 303
f 305 259 260
f 305 304 259
f 305 260 304
f 321 306 322
f 320 306 321
f 307 320 319
f 307 306 320
f 318 307 319
f 308 307 318
f 317 308 318
f 316 309 308
f 316 308 317
f 312 311 310
f 313 310 309
f 313 312 310
f 314 309 316
f 314 313 309
f 315 314 316
f 333 332 323
f 334 333 323
f 335 334 323
f 324 336 335
f 324 337 336
f 324 338 337
f 324 339 338
f 324 331 339
f 324 335 323
f 329 328 331
f 329 331 324
f 330 324 325
f 330 329 324
f 327 325 326
f 327 330 325
f 342 344 343
f 342 345 344
f 341 340 345
f 341 345 342
f 347 346 348
f 349 347 348
f 357 353 351
f 356 354 352
f 355 350 359
f 355 359 358
f 361 380 360
f 378 379 380
f 378 380 361
f 365 362 363
f 365 363 364
f 374 361 362
f 374 378 361
f 374 362 365
f 366 374 365
f 375 374 366
f 367 375 366
f 368 376 375
f 368 375 367
f 369 376 368
f 370 377 376
f 370 376 369
f 371 373 377
f 371 377 370
f 372 373 371
f 383 381 382
f 383 386 381
f 383 387 386
f 383 388 387
f 383 385 388
f 384 385 383
f 403 402 407
f 408 403 407
f 404 408 409
f 404 403 408
f 410 404 409
f 405 404 410
f 406 405 410
f 411 399 406
f 411 406 410
f 400 399 411
f 412 400 411
f 401 400 412
f 413 401 412
f 414 398 401
f 414 401 413
f 415 396 398
f 415 398 414
f 397 396 415
f 422 394 393
f 422 395 394
f 416 389 397
f 416 397 415
f 421 393 392
f 421 422 393
f 417 390 389
f 417 389 416
f 420 392 391
f 420 421 392
f 419 420 391
f 418 391 390
f 418 419 391
f 418 390 417
f 426 429 428
f 426 434 435
f 426 435 429
f 433 434 426
f 432 433 426
f 438 430 431
f 438 431 432
f 436 430 438
f 447 424 423
f 451 432 426
f 452 432 451
f 452 438 432
f 450 451 426
f 453 438 452
f 449 425 424
f 449 426 425
f 449 450 426
f 454 442 438
f 454 438 453
f 448 449 424
f 455 442 454
f 455 441 442
f 473 448 424
f 456 441 455
f 457 441 456
f 446 472 473
f 446 424 447
f 446 473 424
f 440 457 458
f 440 458 459
f 440 441 457
f 460 440 459
f 445 472 446
f 445 469 470
f 445 470 471
f 445 471 472
f 439 440 460
f 439 460 461
f 439 461 462
f 439 462 463
f 439 463 464
f 444 469 445
f 444 465 466
f 444 466 467
f 444 467 468
f 444 468 469
f 443 464 465
f 443 439 464
f 443 465 444
f 426 428 427
f 437 436 438
f 477 489 476
f 477 490 489
f 478 491 490
f 478 490 477
f 479 492 491
f 479 491 478
f 480 493 492
f 480 492 479
f 481 494 493
f 481 493 480
f 482 495 494
f 482 496 495
f 482 494 481
f 483 496 482
f 484 497 496
f 484 496 483
f 485 498 497
f 485 497 484
f 486 499 498
f 486 500 499
f 486 498 485
f 487 500 486
f 488 501 500
f 488 474 501
f 488 500 487
f 475 474 488
f 504 505 506
f 504 507 503
f 504 508 507
f 504 509 508
f 504 506 509
f 502 504 503
f 516 514 512
f 516 515 514
f 511 518 513
f 519 517 510
f 524 520 521
f 525 520 524
f 523 525 524
f 522 525 523
f 530 531 526
f 529 526 527
f 529 527 528
f 529 530 526
f 541 573 574
f 540 572 573
f 540 573 541
f 542 574 575
f 542 541 574
f 539 571 572
f 539 572 540
f 538 571 539
f 570 571 538
f 543 575 576
f 543 542 575
f 537 570 538
f 544 570 537
f 536 543 576
f 577 536 576
f 579 577 578
f 579 536 577
f 569 570 544
f 545 569 544
f 535 532 533
f 535 579 532
f 535 536 579
f 534 535 533
f 546 568 569
f 546 569 545
f 554 567 568
f 554 568 546
f 553 567 554
f 566 567 553
f 552 566 553
f 565 566 552
f 551 565 552
f 564 565 551
f 550 564 551
f 563 550 549
f 563 564 550
f 548 563 549
f 562 563 548
f 547 562 548
f 561 562 547
f 559 561 547
f 560 561 559
f 555 557 558
f 555 558 559
f 555 559 547
f 556 557 555
f 587 586 585
f 588 587 585
f 584 585 590
f 584 588 585
f 581 589 580
f 581 590 589
f 583 584 590
f 582 590 581
f 582 583 590
f 591 592 593
f 595 608 594
f 595 609 608
f 596 610 609
f 596 609 595
f 597 611 610
f 597 610 596
f 598 612 611
f 598 613 612
f 598 611 597
f 599 613 598
f 600 614 613
f 600 613 599
f 601 615 614
f 601 614 600
f 602 616 615
f 602 615 601
f 603 617 616
f 603 616 602
f 604 618 617
f 604 617 603
f 605 619 618
f 605 618 604
f 606 620 619
f 606 619 605
f 607 621 620
f 607 620 606
f 655 654 651
f 659 652 650
f 657 656 653
f 660 649 648
f 660 658 649
f 646 660 648
f 672 662 661
f 631 632 645
f 630 645 644
f 630 631 645
f 629 630 644
f 629 644 643
f 628 629 643
f 628 643 642
f 625 668 667
f 624 625 667
f 624 663 623
f 624 664 663
f 624 665 664
f 624 666 665
f 624 667 666
f 622 624 623
f 673 627 628
f 673 636 635
f 673 637 636
f 673 638 637
f 673 628 642
f 673 639 638
f 673 640 639
f 673 641 640
f 673 642 641
f 674 625 626
f 674 626 627
f 674 668 625
f 674 669 668
f 674 670 669
f 674 671 670
f 674 627 673
f 675 633 646
f 675 648 647
f 675 647 662
f 675 662 672
f 675 646 648
f 676 634 633
f 676 635 634
f 676 633 675
f 676 672 671
f 676 675 672
f 676 673 635
f 677 676 671
f 678 671 674
f 678 673 676
f 678 674 673
f 678 677 671
f 678 676 677
f 706 710 708
f 707 711 709
f 704 713 712
f 704 712 705
f 703 714 713
f 703 713 704
f 691 702 701
f 691 690 702
f 681 679 680
f 681 716 679
f 682 717 716
f 682 716 681
f 683 718 717
f 683 717 682
f 686 695 694
f 686 696 695
f 687 696 686
f 687 697 696
f 687 698 697
f 687 699 698
f 687 689 699
f 688 689 687
f 727 683 684
f 727 718 683
f 727 719 718
f 727 720 719
f 727 721 720
f 727 722 721
f 727 723 722
f 727 724 723
f 728 684 685
f 728 685 686
f 728 693 692
f 728 694 693
f 728 686 694
f 728 727 684
f 729 701 700
f 729 700 714
f 729 703 715
f 729 714 703
f 729 691 701
f 730 692 691
f 730 724 727
f 730 725 724
f 730 726 725
f 730 715 726
f 730 727 728
f 730 729 715
f 730 691 729
f 730 728 692
f 733 735 734
f 732 735 733
f 731 740 735
f 731 735 732
f 738 741 740
f 738 739 741
f 736 740 731
f 737 738 740
f 737 740 736
f 746 743 742
f 747 744 743
f 747 743 746
f 748 745 744
f 748 744 747
f 750 754 753
f 749 753 752
f 749 750 753
f 750 751 754
f 755 757 758
f 756 755 758
f 778 761 760
f 762 760 759
f 762 778 760
f 776 780 779
f 776 777 780
f 775 776 779
f 763 774 775
f 763 779 778
f 763 778 762
f 763 775 779
f 773 763 767
f 773 774 763
f 772 767 766
f 772 773 767
f 771 766 765
f 771 772 766
f 770 771 765
f 769 770 765
f 764 769 765
f 768 769 764
f 782 785 784
f 782 786 785
f 782 781 786
f 783 782 784
f 787 788 789
f 787 789 790
f 791 792 793
f 798 799 796
f 795 798 796
f 797 798 795
f 794 797 795
f 800 805 801
f 802 805 800
f 802 803 804
f 802 804 805
f 809 806 807
f 808 809 807
f 816 813 814
f 811 810 813
f 811 813 816
f 812 816 815
f 812 811 816
f 837 829 828
f 837 830 829
f 837 831 830
f 837 832 831
f 838 832 837
f 839 833 832
f 839 834 833
f 839 832 838
f 840 838 837
f 840 839 838
f 841 840 837
f 841 837 828
f 842 835 834
f 842 839 840
f 842 840 841
f 842 834 839
f 843 836 835
f 843 817 836
f 843 842 841
f 843 835 842
f 844 818 817
f 844 819 818
f 844 828 827
f 844 841 828
f 844 843 841
f 844 817 843
f 845 844 827
f 846 820 819
f 846 819 844
f 846 844 845
f 847 825 824
f 847 826 825
f 847 827 826
f 847 845 827
f 847 848 845
f 849 845 848
f 850 821 820
f 850 822 821
f 850 849 822
f 850 820 846
f 850 846 845
f 850 845 849
f 851 823 822
f 851 824 823
f 851 822 849
f 851 847 824
f 851 848 847
f 851 849 848
f 852 856 857
f 853 852 857
f 854 857 855
f 854 853 857
f 879 875 874
f 880 873 872
f 880 874 873
f 880 879 874
f 881 876 875
f 881 875 879
f 882 881 879
f 882 879 880
f 883 877 876
f 883 876 881
f 884 883 881
f 884 881 882
f 885 870 869
f 885 871 870
f 885 872 871
f 885 880 872
f 885 882 880
f 886 884 882
f 886 882 885
f 887 858 859
f 887 886 885
f 888 866 865
f 888 867 866
f 889 864 863
f 889 865 864
f 889 888 865
f 890 887 888
f 891 889 863
f 891 888 889
f 891 890 888
f 892 862 861
f 892 863 862
f 892 891 863
f 893 890 891
f 893 891 892
f 894 861 860
f 894 892 861
f 894 893 892
f 895 878 877
f 895 859 878
f 895 884 886
f 895 887 859
f 895 877 883
f 895 883 884
f 895 886 887
f 896 868 867
f 896 869 868
f 896 885 869
f 896 887 885
f 896 867 888
f 896 888 887
f 897 860 858
f 897 858 887
f 897 887 890
f 897 894 860
f 897 890 893
f 897 893 894
f 905 901 902
f 905 902 903
f 904 898 899
f 904 899 900
f 904 900 901
f 904 901 905
f 925 922 923
f 925 923 924
f 912 920 921
f 912 921 922
f 912 925 913
f 912 922 925
f 911 919 920
f 911 920 912
f 910 918 919
f 910 919 911
f 909 918 910
f 917 918 909
f 908 916 917
f 908 917 909
f 907 915 916
f 907 916 908
f 906 914 915
f 906 915 907
f 945 949 948
f 945 946 949
f 947 945 948
f 928 929 927
f 926 928 927
f 938 939 940
f 952 944 945
f 952 950 927
f 952 951 950
f 952 947 951
f 952 945 947
f 953 929 930
f 953 930 931
f 953 954 952
f 953 952 927
f 953 927 929
f 955 943 944
f 955 944 952
f 956 952 954
f 956 955 952
f 957 931 932
f 957 956 954
f 957 953 931
f 957 954 953
f 957 955 956
f 958 932 933
f 958 955 957
f 958 957 932
f 959 942 943
f 959 943 955
f 959 955 958
f 960 933 934
f 960 934 935
f 960 958 933
f 960 959 958
f 961 935 936
f 961 936 937
f 961 937 938
f 961 940 941
f 961 941 942
f 961 938 940
f 961 942 959
f 961 960 935
f 961 959 960
f 981 972 973
f 981 994 993
f 981 973 994
f 982 971 972
f 982 972 981
f 983 970 971
f 983 971 982
f 984 968 969
f 984 969 970
f 984 970 983
f 985 968 984
f 986 967 968
f 986 968 985
f 987 966 967
f 987 967 986
f 988 965 966
f 988 966 987
f 989 964 965
f 989 965 988
f 990 964 989
f 991 963 964
f 991 964 990
f 992 962 963
f 992 963 991
f 978 962 992
f 979 976 962
f 979 962 978
f 980 974 975
f 980 975 976
f 980 976 979
f 977 974 980
f 1004 1002 1003
f 1005 1002 1004
f 1006 1001 1002
f 1006 1002 1005
f 1007 1000 1001
f 1007 1001 1006
f 1008 999 1000
f 1008 1000 1007
f 1009 998 999
f 1009 999 1008
f 1018 995 996
f 1018 996 997
f 1018 1013 1014
f 1018 1014 1015
f 1018 1015 1016
f 1018 1016 1017
f 1018 1017 995
f 1019 997 998
f 1019 1009 1010
f 1019 1010 1011
f 1019 1011 1012
f 1019 1012 1013
f 1019 1018 997
f 1019 1013 1018
f 1019 998 1009
f 1026 1043 1027
f 1026 1044 1043
f 1040 1044 1026
f 1037 1039 1036
f 1038 1039 1037
f 1028 1021 1020
f 1045 1035 1036
f 1045 1039 1042
f 1045 1036 1039
f 1046 1042 1041
f 1046 1045 1042
f 1047 1024 1023
f 1047 1025 1024
f 1047 1026 1025
f 1047 1041 1040
f 1047 1046 1041
f 1047 1040 1026
f 1048 1045 1046
f 1049 1045 1048
f 1050 1046 1047
f 1051 1046 1050
f 1051 1048 1046
f 1052 1033 1034
f 1052 1034 1035
f 1052 1045 1049
f 1052 1035 1045
f 1053 1033 1052
f 1053 1048 1051
f 1053 1049 1048
f 1053 1052 1049
f 1054 1051 1050
f 1054 1050 1047
f 1054 1053 1051
f 1055 1047 1023
f 1055 1054 1047
f 1056 1053 1054
f 1056 1033 1053
f 1057 1055 1031
f 1057 1054 1055
f 1057 1056 1054
f 1058 1031 1032
f 1058 1032 1033
f 1058 1033 1056
f 1058 1057 1031
f 1058 1056 1057
f 1059 1022 1021
f 1059 1023 1022
f 1059 1028 1029
f 1059 1029 1030
f 1059 1030 1031
f 1059 1031 1055
f 1059 1021 1028
f 1059 1055 1023
f 1068 1066 1065
f 1068 1067 1066
f 1077 1061 1060
f 1076 1062 1061
f 1076 1061 1077
f 1075 1063 1062
f 1075 1062 1076
f 1074 1063 1075
f 1073 1064 1063
f 1073 1063 1074
f 1072 1065 1064
f 1072 1064 1073
f 1071 1065 1072
f 1069 1071 1070
f 1069 1068 1065
f 1069 1065 1071
f 1088 1089 1090
f 1088 1090 1091
f 1087 1091 1092
f 1087 1088 1091
f 1086 1092 1093
f 1086 1087 1092
f 1085 1093 1094
f 1085 1094 1095
f 1085 1086 1093
f 1100 1078 1079
f 1100 1079 1080
f 1100 1080 1081
f 1100 1081 1082
f 1100 1099 1098
f 1100 1097 1099
f 1100 1098 1078
f 1101 1082 1083
f 1101 1083 1084
f 1101 1084 1085
f 1101 1095 1096
f 1101 1096 1097
f 1101 1085 1095
f 1101 1097 1100
f 1101 1100 1082
f 1103 1102 1104
f 1103 1104 1105
f 1121 1105 1106
f 1121 1106 1107
f 1121 1122 1103
f 1121 1103 1105
f 1120 1107 1108
f 1120 1121 1107
f 1119 1108 1109
f 1119 1120 1108
f 1118 1109 1110
f 1118 1119 1109
f 1111 1118 1110
f 1117 1118 1111
f 1112 1117 1111
f 1116 1117 1112
f 1113 1116 1112
f 1115 1113 1114
f 1115 1116 1113
f 1129 1123 1124
f 1129 1130 1123
f 1128 1124 1125
f 1128 1125 1126
f 1128 1126 1127
f 1128 1129 1124
f 1142 1138 1139
f 1150 1136 1137
f 1149 1135 1136
f 1149 1136 1150
f 1151 1137 1138
f 1151 1150 1137
f 1148 1133 1134
f 1148 1134 1135
f 1148 1135 1149
f 1152 1142 1141
f 1152 1138 1142
f 1152 1151 1138
f 1153 1152 1141
f 1147 1132 1133
f 1147 1133 1148
f 1143 1153 1141
f 1140 1143 1141
f 1146 1132 1147
f 1145 1132 1146
f 1144 1132 1145
f 1131 1132 1144
f 1164 1154 1155
f 1165 1155 1156
f 1165 1164 1155
f 1166 1156 1157
f 1166 1165 1156
f 1158 1167 1166
f 1158 1168 1167
f 1158 1166 1157
f 1159 1169 1168
f 1159 1168 1158
f 1160 1170 1169
f 1160 1169 1159
f 1161 1171 1170
f 1161 1172 1171
f 1161 1170 1160
f 1162 1173 1172
f 1162 1174 1173
f 1162 1163 1174
f 1162 1172 1161
f 1194 1183 1182
f 1193 1183 1194
f 1192 1184 1183
f 1192 1183 1193
f 1191 1181 1184
f 1191 1184 1192
f 1180 1190 1189
f 1180 1191 1190
f 1180 1181 1191
f 1179 1180 1189
f 1178 1189 1188
f 1178 1179 1189
f 1177 1188 1187
f 1177 1178 1188
f 1176 1185 1175
f 1176 1186 1185
f 1176 1187 1186
f 1176 1177 1187
f 1197 1198 1199
f 1210 1200 1201
f 1210 1209 1200
f 1208 1199 1200
f 1208 1200 1209
f 1208 1197 1199
f 1211 1201 1202
f 1211 1210 1201
f 1196 1197 1208
f 1207 1196 1208
f 1212 1202 1203
f 1212 1211 1202
f 1206 1196 1207
f 1195 1196 1206
f 1213 1203 1204
f 1213 1212 1203
f 1214 1213 1204
f 1215 1214 1204
f 1216 1215 1204
f 1217 1216 1204
f 1205 1217 1204
f 1232 1234 1231
f 1232 1237 1234
f 1233 1235 1236
f 1233 1236 1237
f 1233 1237 1232
f 1230 1235 1233
f 1218 1238 1235
f 1218 1250 1238
f 1218 1235 1230
f 1219 1248 1249
f 1219 1249 1250
f 1219 1250 1218
f 1220 1247 1248
f 1220 1248 1219
f 1221 1246 1247
f 1221 1247 1220
f 1222 1245 1246
f 1222 1246 1221
f 1223 1244 1245
f 1223 1245 1222
f 1224 1243 1244
f 1224 1244 1223
f 1225 1242 1243
f 1225 1243 1224
f 1226 1241 1242
f 1226 1242 1225
f 1227 1240 1241
f 1227 1241 1226
f 1228 1239 1240
f 1228 1240 1227
f 1229 1239 1228
f 1252 1259 1260
f 1252 1260 1261
f 1252 1261 1262
f 1252 1262 1258
f 1251 1254 1255
f 1251 1255 1256
f 1251 1256 1257
f 1251 1257 1253
f 1251 1258 1254
f 1251 1252 1258
f 1283 1286 1264
f 1283 1287 1286
f 1284 1283 1264
f 1305 1304 1265
f 1303 1265 1304
f 1306 1305 1265
f 1302 1265 1303
f 1307 1306 1265
f 1308 1307 1265
f 1309 1308 1265
f 1266 1309 1265
f 1310 1309 1266
f 1274 1280 1279
f 1274 1281 1280
f 1274 1282 1281
f 1274 1273 1282
f 1311 1310 1266
f 1312 1311 1266
f 1263 1274 1279
f 1263 1278 1277
f 1263 1279 1278
f 1263 1285 1284
f 1263 1277 1285
f 1263 1296 1295
f 1263 1297 1296
f 1263 1298 1297
f 1263 1299 1298
f 1263 1300 1299
f 1263 1284 1264
f 1275 1274 1263
f 1267 1312 1266
f 1267 1289 1288
f 1267 1290 1289
f 1267 1313 1312
f 1267 1288 1313
f 1268 1290 1267
f 1268 1291 1290
f 1268 1292 1291
f 1268 1293 1292
f 1268 1294 1293
f 1268 1295 1294
f 1276 1275 1263
f 1269 1295 1268
f 1269 1263 1295
f 1272 1263 1269
f 1271 1276 1263
f 1271 1270 1276
f 1271 1263 1272
f 1263 1265 1302
f 1263 1302 1301
f 1263 1301 1300
f 1318 1320 1319
f 1317 1320 1318
f 1316 1320 1317
f 1343 1322 1342
f 1341 1342 1322
f 1344 1322 1343
f 1340 1341 1322
f 1345 1322 1344
f 1346 1322 1345
f 1347 1322 1346
f 1323 1322 1347
f 1348 1323 1347
f 1331 1334 1330
f 1331 1335 1334
f 1331 1336 1335
f 1331 1337 1336
f 1349 1323 1348
f 1350 1323 1349
f 1321 1315 1314
f 1321 1316 1315
f 1321 1337 1331
f 1321 1338 1337
f 1321 1314 1338
f 1321 1359 1360
f 1321 1360 1361
f 1321 1361 1362
f 1321 1362 1363
f 1321 1363 1364
f 1321 1320 1316
f 1332 1321 1331
f 1324 1323 1350
f 1324 1350 1351
f 1324 1351 1352
f 1324 1352 1353
f 1324 1353 1354
f 1325 1324 1354
f 1325 1354 1355
f 1325 1355 1356
f 1325 1356 1357
f 1325 1357 1358
f 1325 1358 1359
f 1333 1321 1332
f 1326 1325 1359
f 1326 1359 1321
f 1329 1326 1321
f 1328 1333 1327
f 1328 1321 1333
f 1328 1329 1321
f 1321 1340 1322
f 1321 1339 1340
f 1321 1364 1339
f 1368 1380 1367
f 1368 1381 1380
f 1369 1382 1381
f 1369 1381 1368
f 1370 1383 1382
f 1370 1382 1369
f 1371 1384 1383
f 1371 1383 1370
f 1372 1385 1384
f 1372 1384 1371
f 1373 1386 1385
f 1373 1385 1372
f 1374 1387 1386
f 1374 1386 1373
f 1375 1388 1387
f 1375 1387 1374
f 1376 1389 1388
f 1376 1388 1375
f 1377 1390 1389
f 1377 1391 1390
f 1377 1389 1376
f 1378 1391 1377
f 1379 1392 1391
f 1379 1391 1378
f 1366 1365 1392
f 1366 1392 1379
f 1394 1407 1393
f 1394 1408 1407
f 1395 1409 1408
f 1395 1408 1394
f 1396 1410 1409
f 1396 1409 1395
f 1397 1411 1410
f 1397 1410 1396
f 1398 1412 1411
f 1398 1411 1397
f 1399 1413 1412
f 1399 1412 1398
f 1400 1414 1413
f 1400 1413 1399
f 1401 1415 1414
f 1401 1414 1400
f 1402 1416 1415
f 1402 1415 1401
f 1403 1417 1416
f 1403 1416 1402
f 1404 1418 1417
f 1404 1417 1403
f 1405 1419 1418
f 1405 1418 1404
f 1406 1420 1419
f 1406 1419 1405
f 1425 1424 1438
f 1423 1438 1424
f 1426 1425 1438
f 1422 1438 1423
f 1427 1426 1438
f 1428 1427 1438
f 1429 1438 1437
f 1429 1428 1438
f 1430 1429 1437
f 1431 1430 1437
f 1432 1431 1437
f 1433 1432 1437
f 1436 1435 1437
f 1435 1434 1437
f 1434 1433 1437
f 1438 1422 1421
f 1442 1441 1440
f 1439 1442 1440
f 1444 1443 1452
f 1454 1452 1451
f 1454 1444 1452
f 1455 1451 1450
f 1455 1454 1451
f 1456 1450 1449
f 1456 1455 1450
f 1457 1449 1448
f 1457 1456 1449
f 1458 1448 1447
f 1458 1457 1448
f 1459 1447 1446
f 1459 1458 1447
f 1460 1459 1446
f 1453 1446 1445
f 1453 1460 1446
f 1463 1465 1466
f 1463 1475 1474
f 1463 1466 1475
f 1473 1463 1474
f 1470 1463 1473
f 1479 1469 1467
f 1479 1471 1469
f 1476 1481 1468
f 1490 1489 1462
f 1511 1463 1470
f 1513 1472 1480
f 1512 1511 1470
f 1510 1463 1511
f 1514 1512 1478
f 1509 1462 1461
f 1509 1461 1463
f 1509 1463 1510
f 1516 1482 1487
f 1515 1514 1478
f 1508 1462 1509
f 1517 1515 1486
f 1517 1486 1485
f 1507 1462 1508
f 1518 1517 1485
f 1519 1518 1485
f 1491 1462 1507
f 1491 1490 1462
f 1484 1519 1485
f 1484 1520 1519
f 1484 1521 1520
f 1522 1521 1484
f 1492 1491 1507
f 1492 1505 1504
f 1492 1506 1505
f 1492 1507 1506
f 1493 1492 1504
f 1493 1502 1501
f 1493 1503 1502
f 1493 1504 1503
f 1483 1522 1484
f 1483 1496 1495
f 1483 1497 1496
f 1483 1498 1497
f 1483 1495 1522
f 1494 1499 1498
f 1494 1500 1499
f 1494 1501 1500
f 1494 1493 1501
f 1488 1498 1483
f 1488 1494 1498
f 1463 1464 1465
f 1477 1481 1476
f 1527 1528 1529
f 1526 1529 1530
f 1526 1527 1529
f 1539 1531 1540
f 1538 1531 1539
f 1537 1531 1538
f 1536 1530 1531
f 1536 1531 1537
f 1535 1530 1536
f 1534 1530 1535
f 1533 1530 1534
f 1525 1526 1530
f 1532 1530 1533
f 1523 1525 1530
f 1523 1530 1532
f 1524 1525 1523
f 1541 1542 1543
f 1541 1543 1544
f 1547 1541 1545
f 1546 1547 1545
f 1563 1562 1553
f 1564 1563 1553
f 1552 1558 1564
f 1552 1564 1553
f 1559 1558 1552
f 1551 1559 1552
f 1560 1559 1551
f 1561 1551 1550
f 1561 1560 1551
f 1554 1549 1548
f 1557 1550 1549
f 1557 1549 1554
f 1556 1561 1550
f 1556 1550 1557
f 1555 1561 1556
f 1568 1569 1570
f 1568 1570 1571
f 1568 1571 1572
f 1568 1572 1573
f 1568 1573 1574
f 1567 1568 1579
f 1566 1567 1580
f 1588 1581 1582
f 1587 1581 1588
f 1586 1581 1587
f 1585 1581 1586
f 1584 1581 1585
f 1565 1566 1583
f 1589 1576 1577
f 1589 1577 1578
f 1589 1578 1579
f 1590 1589 1579
f 1590 1576 1589
f 1591 1575 1576
f 1591 1590 1579
f 1591 1576 1590
f 1592 1575 1591
f 1592 1591 1579
f 1593 1574 1575
f 1593 1568 1574
f 1593 1592 1579
f 1593 1579 1568
f 1593 1575 1592
f 1594 1579 1580
f 1595 1579 1594
f 1595 1594 1580
f 1596 1595 1580
f 1596 1579 1595
f 1597 1579 1596
f 1597 1596 1580
f 1598 1580 1567
f 1598 1567 1579
f 1598 1597 1580
f 1598 1579 1597
f 1599 1580 1581
f 1600 1580 1599
f 1600 1599 1581
f 1601 1580 1600
f 1601 1600 1581
f 1602 1580 1601
f 1602 1601 1581
f 1603 1580 1602
f 1603 1581 1584
f 1603 1602 1581
f 1604 1584 1583
f 1604 1566 1580
f 1604 1583 1566
f 1604 1603 1584
f 1604 1580 1603
f 1616 1618 1617
f 1616 1619 1620
f 1616 1620 1618
f 1624 1619 1616
f 1615 1624 1616
f 1623 1624 1615
f 1614 1623 1615
f 1622 1623 1614
f 1613 1622 1614
f 1621 1622 1613
f 1612 1621 1613
f 1605 1621 1612
f 1611 1605 1612
f 1607 1606 1605
f 1608 1607 1605
f 1609 1608 1605
f 1610 1605 1611
f 1610 1609 1605
f 1630 1631 1632
f 1630 1632 1633
f 1636 1633 1634
f 1636 1634 1635
f 1636 1630 1633
f 1629 1630 1636
f 1637 1629 1636
f 1628 1629 1637
f 1638 1628 1637
f 1627 1628 1638
f 1639 1627 1638
f 1626 1627 1639
f 1640 1626 1639
f 1643 1626 1640
f 1642 1626 1643
f 1641 1626 1642
f 1625 1626 1641
f 1648 1650 1649
f 1647 1650 1648
f 1646 1650 1647
f 1645 1650 1646
f 1644 1650 1645
f 1655 1650 1644
f 1662 1655 1644
f 1654 1655 1662
f 1661 1654 1662
f 1653 1654 1661
f 1660 1653 1661
f 1652 1653 1660
f 1659 1652 1660
f 1651 1652 1659
f 1657 1651 1659
f 1656 1657 1659
f 1658 1656 1659
f 1674 1671 1672
f 1674 1672 1673
f 1668 1669 1670
f 1668 1670 1671
f 1668 1671 1674
f 1675 1668 1674
f 1667 1668 1675
f 1676 1667 1675
f 1666 1667 1676
f 1665 1676 1677
f 1665 1666 1676
f 1664 1677 1678
f 1664 1665 1677
f 1683 1678 1679
f 1682 1678 1683
f 1681 1678 1682
f 1680 1678 1681
f 1663 1664 1678
f 1663 1678 1680
f 1684 1688 1689
f 1685 1689 1690
f 1685 1684 1689
f 1686 1690 1691
f 1686 1685 1690
f 1692 1686 1691
f 1687 1686 1692
f 1700 1693 1694
f 1700 1694 1695
f 1699 1695 1696
f 1699 1700 1695
f 1698 1696 1697
f 1698 1699 1696
f 1710 1708 1707
f 1710 1709 1708
f 1711 1706 1705
f 1711 1707 1706
f 1711 1710 1707
f 1712 1711 1705
f 1713 1704 1703
f 1713 1705 1704
f 1713 1712 1705
f 1714 1703 1702
f 1714 1713 1703
f 1715 1714 1702
f 1716 1702 1701
f 1716 1715 1702
f 1734 1716 1701
f 1729 1728 1733
f 1727 1733 1728
f 1730 1729 1733
f 1731 1730 1733
f 1725 1733 1727
f 1732 1731 1733
f 1717 1734 1733
f 1717 1716 1734
f 1717 1733 1725
f 1724 1718 1726
f 1722 1717 1723
f 1720 1719 1717
f 1721 1717 1722
f 1721 1720 1717
f 1740 1742 1741
f 1739 1743 1742
f 1739 1742 1740
f 1738 1744 1743
f 1738 1745 1744
f 1738 1743 1739
f 1737 1746 1745
f 1737 1747 1746
f 1737 1745 1738
f 1736 1747 1737
f 1735 1747 1736
f 1749 1747 1735
f 1748 1749 1761
f 1760 1748 1761
f 1759 1748 1760
f 1755 1754 1753
f 1758 1750 1748
f 1758 1751 1750
f 1758 1748 1759
f 1756 1753 1752
f 1756 1755 1753
f 1757 1752 1751
f 1757 1751 1758
f 1757 1756 1752
f 1761 1749 1735
f 1769 1770 1771
f 1769 1771 1762
f 1768 1762 1763
f 1768 1763 1764
f 1768 1764 1765
f 1768 1769 1762
f 1767 1765 1766
f 1767 1768 1765
f 1781 1779 1777
f 1781 1780 1779
f 1783 1777 1776
f 1784 1782 1778
f 1785 1776 1775
f 1785 1783 1776
f 1786 1775 1774
f 1786 1785 1775
f 1787 1774 1773
f 1787 1786 1774
f 1788 1773 1772
f 1788 1787 1773
f 1789 1788 1772
f 1801 1804 1803
f 1800 1805 1802
f 1790 1772 1805
f 1790 1789 1772
f 1799 1805 1800
f 1798 1805 1799
f 1791 1798 1797
f 1791 1790 1805
f 1791 1805 1798
f 1796 1791 1797
f 1795 1791 1796
f 1794 1791 1795
f 1793 1791 1794
f 1792 1791 1793
f 1810 1807 1806
f 1821 1809 1808
f 1820 1808 1807
f 1820 1807 1810
f 1820 1821 1808
f 1819 1810 1811
f 1819 1820 1810
f 1818 1811 1812
f 1818 1812 1813
f 1818 1819 1811
f 1815 1813 1814
f 1816 1818 1813
f 1816 1813 1815
f 1817 1818 1816
f 1826 1823 1822
f 1838 1824 1823
f 1838 1825 1824
f 1838 1823 1826
f 1837 1826 1827
f 1837 1838 1826
f 1836 1827 1828
f 1836 1837 1827
f 1832 1828 1829
f 1832 1829 1830
f 1832 1830 1831
f 1832 1836 1828
f 1835 1836 1832
f 1833 1835 1832
f 1834 1835 1833
f 1845 1842 1843
f 1841 1844 1839
f 1841 1845 1844
f 1841 1842 1845
f 1840 1841 1839
f 1850 1847 1848
f 1850 1848 1849
f 1853 1846 1847
f 1853 1847 1850
f 1851 1853 1850
f 1852 1853 1851
f 1865 1862 1863
f 1865 1863 1864
f 1856 1857 1858
f 1856 1858 1859
f 1870 1867 1868
f 1854 1855 1869
f 1871 1859 1860
f 1871 1860 1861
f 1871 1861 1862
f 1871 1862 1865
f 1871 1856 1859
f 1872 1855 1856
f 1872 1865 1866
f 1872 1871 1865
f 1872 1856 1871
f 1873 1866 1867
f 1873 1870 1869
f 1873 1855 1872
f 1873 1867 1870
f 1873 1872 1866
f 1873 1869 1855
f 1884 1881 1880
f 1893 1875 1876
f 1893 1884 1885
f 1894 1879 1878
f 1894 1877 1879
f 1894 1882 1881
f 1894 1883 1882
f 1894 1878 1883
f 1894 1881 1884
f 1895 1876 1877
f 1895 1877 1894
f 1895 1894 1884
f 1896 1895 1884
f 1896 1884 1893
f 1896 1893 1876
f 1896 1876 1895
f 1897 1893 1885
f 1897 1875 1893
f 1898 1885 1886
f 1898 1888 1887
f 1898 1889 1888
f 1898 1886 1889
f 1898 1887 1892
f 1898 1897 1885
f 1898 1875 1897
f 1899 1874 1875
f 1899 1890 1874
f 1899 1891 1890
f 1899 1892 1891
f 1899 1875 1898
f 1899 1898 1892
f 1906 1907 1908
f 1905 1908 1909
f 1905 1906 1908
f 1904 1905 1909
f 1903 1909 1910
f 1903 1910 1912
f 1903 1904 1909
f 1902 1903 1912
f 1911 1902 1912
f 1901 1902 1911
f 1900 1901 1911
f 1913 1914 1915
f 1922 1915 1916
f 1922 1913 1915
f 1921 1922 1916
f 1920 1921 1916
f 1919 1916 1917
f 1919 1920 1916
f 1918 1919 1917
f 1936 1934 1935
f 1931 1932 1933
f 1931 1933 1934
f 1930 1931 1934
f 1930 1934 1936
f 1929 1936 1937
f 1929 1930 1936
f 1928 1937 1938
f 1928 1929 1937
f 1925 1938 1926
f 1927 1928 1938
f 1924 1938 1925
f 1924 1927 1938
f 1923 1927 1924
f 1949 1950 1951
f 1952 1949 1951
f 1953 1949 1952
f 1948 1949 1953
f 1946 1947 1948
f 1945 1953 1954
f 1945 1948 1953
f 1945 1946 1948
f 1944 1954 1955
f 1944 1945 1954
f 1941 1956 1942
f 1943 1955 1956
f 1943 1944 1955
f 1940 1943 1956
f 1940 1956 1941
f 1939 1943 1940
f 1958 1957 1961
f 1958 1961 1962
f 1959 1958 1962
f 1960 1962 1963
f 1960 1959 1962
f 1970 1971 1972
f 1970 1972 1973
f 1970 1973 1974
f 1965 1980 1964
f 1967 1968 1966
f 1981 1969 1970
f 1981 1974 1975
f 1981 1975 1976
f 1981 1976 1977
f 1981 1977 1978
f 1981 1978 1979
f 1981 1970 1974
f 1982 1981 1979
f 1982 1969 1981
f 1983 1965 1966
f 1983 1968 1969
f 1983 1979 1980
f 1983 1982 1979
f 1983 1969 1982
f 1983 1980 1965
f 1983 1966 1968
f 1985 1990 1986
f 1988 1991 1990
f 1988 1989 1991
f 1988 1990 1985
f 1987 1985 1984
f 1987 1988 1985
f 1995 1996 1997
f 1995 1997 1998
f 1994 1998 1999
f 1994 1995 1998
f 1993 1999 1992
f 1993 1994 1999
f 2024 2000 2001
f 2024 2001 2002
f 2024 2002 2003
f 2024 2003 2004
f 2023 2024 2004
f 2005 2023 2004
f 2022 2023 2005
f 2006 2022 2005
f 2021 2006 2007
f 2021 2022 2006
f 2020 2007 2008
f 2020 2021 2007
f 2019 2008 2009
f 2019 2020 2008
f 2018 2009 2010
f 2018 2019 2009
f 2017 2010 2011
f 2017 2018 2010
f 2016 2017 2011
f 2015 2011 2012
f 2015 2016 2011
f 2014 2012 2013
f 2014 2015 2012
f 2030 2031 2032
f 2030 2032 2033
f 2030 2033 2028
f 2027 2030 2028
f 2029 2030 2027
f 2026 2029 2027
f 2025 2029 2026
f 2060 2061 2062
f 2060 2062 2063
f 2060 2063 2064
f 2034 2060 2064
f 2059 2034 2035
f 2059 2060 2034
f 2058 2035 2036
f 2058 2059 2035
f 2057 2036 2037
f 2057 2058 2036
f 2056 2037 2038
f 2056 2057 2037
f 2055 2038 2039
f 2055 2056 2038
f 2054 2039 2040
f 2054 2055 2039
f 2041 2054 2040
f 2053 2041 2042
f 2053 2054 2041
f 2052 2053 2042
f 2043 2052 2042
f 2044 2052 2043
f 2048 2044 2045
f 2047 2044 2048
f 2046 2044 2047
f 2051 2044 2046
f 2050 2044 2051
f 2049 2052 2044
f 2049 2044 2050
f 2084 2082 2083
f 2079 2080 2081
f 2079 2081 2082
f 2079 2082 2084
f 2078 2084 2085
f 2078 2079 2084
f 2077 2085 2086
f 2077 2078 2085
f 2076 2086 2087
f 2076 2077 2086
f 2075 2087 2088
f 2075 2076 2087
f 2074 2088 2089
f 2074 2075 2088
f 2073 2074 2089
f 2072 2089 2090
f 2072 2073 2089
f 2071 2090 2091
f 2071 2072 2090
f 2070 2091 2092
f 2070 2071 2091
f 2067 2093 2094
f 2067 2094 2068
f 2069 2092 2093
f 2069 2070 2092
f 2069 2093 2067
f 2066 2069 2067
f 2065 2069 2066
f 2103 2099 2100
f 2103 2100 2101
f 2103 2101 2102
f 2097 2103 2098
f 2096 2103 2097
f 2095 2103 2096
f 2095 2099 2103
f 2123 2121 2122
f 2120 2121 2123
f 2118 2119 2120
f 2117 2123 2124
f 2117 2120 2123
f 2117 2118 2120
f 2116 2124 2125
f 2116 2117 2124
f 2115 2125 2126
f 2115 2116 2125
f 2114 2126 2127
f 2114 2115 2126
f 2113 2114 2127
f 2112 2127 2128
f 2112 2113 2127
f 2111 2128 2129
f 2111 2129 2130
f 2111 2112 2128
f 2110 2130 2131
f 2110 2111 2130
f 2109 2131 2132
f 2109 2132 2133
f 2109 2110 2131
f 2108 2133 2134
f 2108 2109 2133
f 2106 2134 2107
f 2105 2134 2106
f 2104 2108 2134
f 2104 2134 2105
f 2164 2135 2136
f 2164 2136 2137
f 2164 2137 2138
f 2164 2138 2139
f 2164 2139 2140
f 2164 2140 2141
f 2164 2141 2142
f 2163 2142 2143
f 2163 2164 2142
f 2144 2163 2143
f 2162 2163 2144
f 2145 2162 2144
f 2161 2145 2146
f 2161 2162 2145
f 2160 2146 2147
f 2160 2161 2146
f 2159 2147 2148
f 2159 2160 2147
f 2158 2148 2149
f 2158 2159 2148
f 2157 2149 2150
f 2157 2158 2149
f 2156 2150 2151
f 2156 2157 2150
f 2155 2151 2152
f 2154 2151 2155
f 2153 2156 2151
f 2153 2151 2154
f 2171 2172 2173
f 2170 2173 2174
f 2170 2171 2173
f 2169 2174 2175
f 2169 2170 2174
f 2177 2169 2175
f 2165 2169 2177
f 2166 2177 2176
f 2166 2165 2177
f 2167 2166 2176
f 2168 2167 2176
f 2204 2179 2178
f 2204 2180 2179
f 2204 2181 2180
f 2204 2178 2182
f 2203 2204 2182
f 2183 2203 2182
f 2202 2183 2184
f 2202 2203 2183
f 2201 2184 2185
f 2201 2185 2186
f 2201 2202 2184
f 2200 2186 2187
f 2200 2201 2186
f 2199 2187 2188
f 2199 2200 2187
f 2198 2188 2189
f 2198 2199 2188
f 2197 2189 2190
f 2197 2198 2189
f 2196 2190 2191
f 2196 2197 2190
f 2195 2191 2192
f 2195 2196 2191
f 2194 2192 2193
f 2194 2195 2192
f 2211 2209 2210
f 2208 2209 2211
f 2212 2208 2211
f 2207 2208 2212
f 2205 2207 2212
f 2206 2207 2205
f 2214 2222 2213
f 2224 2220 2221
f 2224 2221 2222
f 2224 2222 2214
f 2225 2219 2220
f 2225 2220 2224
f 2226 2218 2219
f 2226 2219 2225
f 2227 2217 2218
f 2227 2218 2226
f 2228 2216 2217
f 2228 2217 2227
f 2229 2215 2216
f 2229 2216 2228
f 2223 2215 2229
f 2235 2243 2234
f 2250 2235 2236
f 2250 2243 2235
f 2251 2241 2242
f 2251 2242 2243
f 2251 2249 2241
f 2251 2243 2250
f 2252 2250 2236
f 2253 2248 2249
f 2253 2250 2252
f 2253 2249 2251
f 2253 2251 2250
f 2254 2236 2237
f 2254 2252 2236
f 2255 2246 2247
f 2255 2247 2248
f 2255 2248 2253
f 2255 2253 2252
f 2255 2252 2254
f 2256 2237 2238
f 2256 2254 2237
f 2257 2255 2254
f 2257 2254 2256
f 2257 2246 2255
f 2258 2238 2239
f 2258 2256 2238
f 2259 2244 2245
f 2259 2245 2246
f 2259 2246 2257
f 2259 2257 2256
f 2259 2256 2258
f 2260 2230 2231
f 2260 2239 2240
f 2260 2240 2230
f 2260 2258 2239
f 2261 2231 2232
f 2261 2232 2233
f 2261 2233 2244
f 2261 2260 2231
f 2261 2244 2259
f 2261 2259 2258
f 2261 2258 2260
f 2270 2279 2278
f 2271 2279 2270
f 2263 2262 2285
f 2264 2263 2285
f 2268 2267 2277
f 2269 2268 2277
f 2286 2271 2272
f 2286 2272 2273
f 2286 2280 2279
f 2286 2281 2280
f 2286 2279 2271
f 2286 2273 2281
f 2287 2273 2274
f 2287 2282 2281
f 2287 2281 2273
f 2288 2274 2275
f 2288 2283 2282
f 2288 2287 2274
f 2288 2282 2287
f 2289 2275 2276
f 2289 2284 2283
f 2289 2283 2288
f 2289 2288 2275
f 2290 2265 2264
f 2290 2266 2265
f 2290 2267 2266
f 2290 2276 2277
f 2290 2285 2284
f 2290 2289 2276
f 2290 2284 2289
f 2290 2264 2285
f 2290 2277 2267
f 2313 2292 2291
f 2313 2293 2292
f 2313 2291 2314
f 2312 2294 2293
f 2312 2293 2313
f 2311 2302 2294
f 2311 2294 2312
f 2310 2301 2302
f 2310 2302 2311
f 2309 2300 2301
f 2309 2301 2310
f 2308 2299 2300
f 2308 2300 2309
f 2307 2298 2299
f 2307 2299 2308
f 2306 2297 2298
f 2306 2298 2307
f 2305 2297 2306
f 2304 2296 2297
f 2304 2297 2305
f 2303 2295 2296
f 2303 2296 2304
f 2324 2331 2323
f 2324 2332 2331
f 2316 2315 2338
f 2317 2316 2338
f 2321 2320 2330
f 2322 2321 2330
f 2339 2324 2325
f 2339 2325 2326
f 2339 2333 2332
f 2339 2334 2333
f 2339 2332 2324
f 2339 2326 2334
f 2340 2326 2327
f 2340 2335 2334
f 2340 2334 2326
f 2341 2327 2328
f 2341 2336 2335
f 2341 2340 2327
f 2341 2335 2340
f 2342 2328 2329
f 2342 2337 2336
f 2342 2336 2341
f 2342 2341 2328
f 2343 2318 2317
f 2343 2319 2318
f 2343 2320 2319
f 2343 2329 2330
f 2343 2338 2337
f 2343 2342 2329
f 2343 2337 2342
f 2343 2317 2338
f 2343 2330 2320
f 2352 2354 2353
f 2352 2360 2354
f 2351 2360 2352
f 2350 2359 2360
f 2350 2360 2351
f 2349 2358 2359
f 2349 2359 2350
f 2348 2357 2358
f 2348 2358 2349
f 2347 2356 2357
f 2347 2357 2348
f 2346 2355 2356
f 2346 2356 2347
f 2344 2345 2355
f 2344 2355 2346
