# https://github.com/mikedh/trimesh
mtllib left_base_link_visual003.mtl
usemtl left_base_link_visual003_material_0
v -0.00703856 -0.04784881 -0.02963360
v -0.00703856 -0.04816132 -0.02992258
v -0.00703856 -0.04852791 -0.03013888
v -0.00703856 -0.04893197 -0.03027271
v -0.00703856 -0.04935519 -0.03031800
v -0.00703856 -0.04935519 -0.03031800
v -0.00706485 -0.04784894 -0.02963349
v -0.00705940 -0.04816141 -0.02992251
v -0.00705300 -0.04852797 -0.03013885
v -0.00704595 -0.04893200 -0.03027270
v -0.00704733 -0.04784882 -0.02963359
v -0.00705609 -0.04784887 -0.02963355
v -0.00704578 -0.04852322 -0.03013672
v 0.01237319 -0.04811900 -0.01077004
v 0.01237901 -0.04811891 -0.01077004
v 0.01238483 -0.04811887 -0.01077004
v 0.01239064 -0.04811885 -0.01077004
v 0.01239064 -0.04911885 -0.00977004
v 0.01238676 -0.04889636 -0.00979511
v 0.01238307 -0.04868503 -0.00986907
v 0.01237976 -0.04849545 -0.00998821
v 0.01237700 -0.04833713 -0.01014655
v 0.01237492 -0.04821801 -0.01033615
v 0.01237363 -0.04814407 -0.01054752
v 0.01239064 -0.04911885 -0.00977004
v 0.01239064 -0.04889633 -0.00979511
v 0.01239064 -0.04868496 -0.00986907
v 0.01239064 -0.04849536 -0.00998821
v 0.01239064 -0.04833701 -0.01014655
v 0.01239064 -0.04821788 -0.01033615
v 0.01239064 -0.04814392 -0.01054752
v 0.01239064 -0.04811885 -0.01442371
v 0.01239064 -0.04814392 -0.01464623
v 0.01239064 -0.04821788 -0.01485759
v 0.01239064 -0.04833701 -0.01504720
v 0.01239064 -0.04849536 -0.01520554
v 0.01239064 -0.04868496 -0.01532467
v 0.01239064 -0.04889633 -0.01539863
v 0.01239064 -0.04911885 -0.01542371
v 0.01239064 -0.04911885 -0.01542371
v 0.01237319 -0.04811900 -0.01442371
v 0.01237363 -0.04814407 -0.01464623
v 0.01237492 -0.04821801 -0.01485759
v 0.01237700 -0.04833713 -0.01504720
v 0.01237976 -0.04849545 -0.01520554
v 0.01238307 -0.04868503 -0.01532467
v 0.01238676 -0.04889636 -0.01539863
v 0.01238483 -0.04811887 -0.01442371
v 0.01237901 -0.04811891 -0.01442371
v 0.01238447 -0.04841177 -0.01513081
v 0.01400000 -0.03811885 0.00873212
v 0.01295254 -0.03806514 0.01058167
v 0.01210970 -0.03785539 0.01184639
v 0.01196384 -0.03775371 0.01205149
v 0.01193598 -0.03772077 0.01209040
v 0.01191602 -0.03768722 0.01211819
v 0.01190401 -0.03765319 0.01213487
v 0.01190000 -0.03761885 0.01214043
v 0.01650000 -0.03811885 0.00000000
v 0.01621737 -0.03811885 0.00304087
v 0.01536948 -0.03811885 0.00600242
v 0.01700000 -0.03761885 0.00000000
v 0.01698746 -0.03773011 0.00000000
v 0.01695048 -0.03783579 0.00000000
v 0.01689092 -0.03793059 0.00000000
v 0.01681175 -0.03800976 0.00000000
v 0.01671694 -0.03806933 0.00000000
v 0.01661126 -0.03810631 0.00000000
v 0.01406375 -0.03761885 0.00955045
v 0.01567323 -0.03761885 0.00658407
v 0.01666501 -0.03761885 0.00335821
v 0.01249745 -0.03787277 0.01142205
v 0.01357095 -0.03787277 0.01012318
v 0.01496599 -0.03797240 0.00774993
v 0.01412380 -0.03797240 0.00919568
v 0.01561977 -0.03797240 0.00632969
v 0.01617195 -0.03797240 0.00474452
v 0.01654354 -0.03797240 0.00321769
v 0.01678226 -0.03797240 0.00154853
v 0.01673525 -0.03801401 0.00154419
v 0.01668716 -0.03804711 0.00153975
v 0.01382183 -0.03805760 0.00944339
v 0.01399634 -0.03786573 0.00953362
v 0.01055058 -0.02455225 0.01914402
v 0.01065301 -0.02443977 0.01932987
v 0.01073954 -0.02427994 0.01948688
v 0.01080518 -0.02408197 0.01960598
v 0.01084614 -0.02385729 0.01968030
v 0.01086006 -0.02361885 0.01970556
v 0.01123774 -0.02461885 0.01832930
v 0.01093145 -0.02459898 0.01874598
v 0.02150000 -0.02461885 0.00000000
v 0.02099058 -0.02461885 0.00465247
v 0.01942051 -0.02461885 0.00922463
v 0.01671997 -0.02461885 0.01351638
v 0.01414395 -0.02461885 0.01619255
v 0.02250000 -0.02361885 0.00000000
v 0.02247493 -0.02384137 0.00000000
v 0.02240097 -0.02405273 0.00000000
v 0.02228183 -0.02424234 0.00000000
v 0.02212349 -0.02440068 0.00000000
v 0.02193388 -0.02451982 0.00000000
v 0.02172252 -0.02459377 0.00000000
v 0.02198953 -0.02361885 0.00476556
v 0.02048128 -0.02361885 0.00931489
v 0.01804369 -0.02361885 0.01344155
v 0.01478736 -0.02361885 0.01695830
v 0.01094565 -0.02434076 0.01930484
v 0.01116466 -0.02432595 0.01919651
v 0.01111368 -0.02441454 0.01910885
v 0.01243512 -0.02410789 0.01859801
v 0.01313417 -0.02432595 0.01790668
v 0.01350044 -0.02449111 0.01735673
v 0.01538518 -0.02449111 0.01571033
v 0.01598592 -0.02432595 0.01541447
v 0.01674494 -0.02410789 0.01483661
v 0.01754261 -0.02432595 0.01361663
v 0.01829682 -0.02449111 0.01219608
v 0.01902584 -0.02432595 0.01145308
v 0.01959590 -0.02410789 0.01079439
v 0.02056172 -0.02449111 0.00779319
v 0.02146622 -0.02410789 0.00630235
v 0.02169217 -0.02432595 0.00475451
v 0.01185918 -0.02449111 0.01851696
v 0.01422396 -0.02410789 0.01726838
v 0.01460200 -0.02432595 0.01673133
v 0.01518370 -0.02410789 0.01643087
v 0.01678318 -0.02449111 0.01420714
v 0.01828455 -0.02410789 0.01289159
v 0.01957020 -0.02449111 0.01002622
v 0.02013766 -0.02432595 0.00936111
v 0.02065360 -0.02410789 0.00859924
v 0.02106645 -0.02432595 0.00702568
v 0.02129583 -0.02449111 0.00547775
v 0.01422418 -0.02449111 0.01676874
v 0.01469583 -0.02449111 0.01635697
v 0.02014372 -0.02410789 0.00973390
v 0.02008720 -0.02449111 0.00894553
v 0.02176997 -0.02410789 0.00515620
v 0.00000000 -0.04711885 -0.01562588
v 0.00315935 -0.04711885 -0.01530316
v 0.00618820 -0.04711885 -0.01434832
v 0.00896144 -0.04711885 -0.01280081
v 0.00000000 -0.03801885 -0.01562588
v 0.00000000 -0.03801885 0.01562588
v 0.00373952 -0.03801885 0.01517182
v 0.00726171 -0.03801885 0.01383603
v 0.01036188 -0.03801885 0.01169614
v 0.01285985 -0.03801885 0.00887651
v 0.01461045 -0.03801885 0.00554101
v 0.01551195 -0.03801885 0.00188349
v 0.01551195 -0.03801885 -0.00188349
v 0.01461045 -0.03801885 -0.00554101
v 0.01285985 -0.03801885 -0.00887651
v 0.01036188 -0.03801885 -0.01169614
v 0.00726171 -0.03801885 -0.01383603
v 0.00373952 -0.03801885 -0.01517182
v 0.00000000 -0.04711885 0.01562588
v 0.01100000 -0.04711885 0.01109811
v 0.00863796 -0.04711885 0.01302128
v 0.00594770 -0.04711885 0.01444967
v 0.00303145 -0.04711885 0.01532901
v 0.01100000 -0.03811885 0.01109811
v 0.00869706 -0.03811885 -0.01298188
v 0.01133443 -0.03811885 -0.01075634
v 0.01341898 -0.03811885 -0.00800619
v 0.01484905 -0.03811885 -0.00486556
v 0.01555491 -0.03811885 -0.00148762
v 0.01550211 -0.03811885 0.00196287
v 0.01469323 -0.03811885 0.00531763
v 0.01316772 -0.03811885 0.00841303
v 0.00883991 -0.03842589 -0.01288504
v 0.00893027 -0.03876099 -0.01282258
v 0.00896144 -0.03911263 -0.01280081
v 0.00181000 -0.05211885 -0.00445000
v 0.00181000 -0.04951885 -0.00445000
v 0.00181000 -0.04951885 -0.00845000
v 0.00133137 -0.04951885 -0.00839188
v 0.00088055 -0.04951885 -0.00822091
v 0.00048375 -0.04951885 -0.00794702
v 0.00016403 -0.04951885 -0.00758613
v -0.00006003 -0.04951885 -0.00715921
v -0.00017542 -0.04951885 -0.00669107
v -0.00017542 -0.04951885 -0.00620893
v -0.00006003 -0.04951885 -0.00574079
v 0.00016403 -0.04951885 -0.00531387
v 0.00048375 -0.04951885 -0.00495298
v 0.00088055 -0.04951885 -0.00467909
v 0.00133137 -0.04951885 -0.00450812
v 0.00181000 -0.05211885 -0.00845000
v 0.00133137 -0.05211885 -0.00450812
v 0.00088055 -0.05211885 -0.00467909
v 0.00048375 -0.05211885 -0.00495298
v 0.00016403 -0.05211885 -0.00531387
v -0.00006003 -0.05211885 -0.00574079
v -0.00017542 -0.05211885 -0.00620893
v -0.00017542 -0.05211885 -0.00669107
v -0.00006003 -0.05211885 -0.00715921
v 0.00016403 -0.05211885 -0.00758613
v 0.00048375 -0.05211885 -0.00794702
v 0.00088055 -0.05211885 -0.00822091
v 0.00133137 -0.05211885 -0.00839188
v 0.00181000 -0.05211885 0.01005000
v 0.00181000 -0.04951885 0.01005000
v 0.00181000 -0.04951885 0.00605000
v 0.00133137 -0.04951885 0.00610812
v 0.00088055 -0.04951885 0.00627909
v 0.00048375 -0.04951885 0.00655298
v 0.00016403 -0.04951885 0.00691387
v -0.00006003 -0.04951885 0.00734079
v -0.00017542 -0.04951885 0.00780893
v -0.00017542 -0.04951885 0.00829107
v -0.00006003 -0.04951885 0.00875921
v 0.00016403 -0.04951885 0.00918613
v 0.00048375 -0.04951885 0.00954702
v 0.00088055 -0.04951885 0.00982091
v 0.00133137 -0.04951885 0.00999188
v 0.00181000 -0.05211885 0.00605000
v 0.00133137 -0.05211885 0.00999188
v 0.00088055 -0.05211885 0.00982091
v 0.00048375 -0.05211885 0.00954702
v 0.00016403 -0.05211885 0.00918613
v -0.00006003 -0.05211885 0.00875921
v -0.00017542 -0.05211885 0.00829107
v -0.00017542 -0.05211885 0.00780893
v -0.00006003 -0.05211885 0.00734079
v 0.00016403 -0.05211885 0.00691387
v 0.00048375 -0.05211885 0.00655298
v 0.00088055 -0.05211885 0.00627909
v 0.00133137 -0.05211885 0.00610812
v 0.00000000 -0.03801885 0.01650000
v 0.00394871 -0.03801885 0.01602054
v 0.00766793 -0.03801885 0.01461002
v 0.01094152 -0.03801885 0.01235043
v 0.01357923 -0.03801885 0.00937307
v 0.01542777 -0.03801885 0.00585098
v 0.01637970 -0.03801885 0.00198886
v 0.01637970 -0.03801885 -0.00198886
v 0.01542777 -0.03801885 -0.00585098
v 0.01357923 -0.03801885 -0.00937307
v 0.01094152 -0.03801885 -0.01235043
v 0.00766793 -0.03801885 -0.01461002
v 0.00394871 -0.03801885 -0.01602054
v 0.00000000 -0.03801885 -0.01650000
v 0.00000000 -0.03751885 -0.01700000
v 0.01190000 -0.03751885 -0.01214043
v 0.00933841 -0.03751885 -0.01420543
v 0.00642700 -0.03751885 -0.01573829
v 0.00327484 -0.03751885 -0.01668159
v 0.01190000 -0.03751885 0.01214043
v 0.01432934 -0.03751885 0.00914714
v 0.01602180 -0.03751885 0.00568347
v 0.01689037 -0.03751885 0.00192753
v 0.01689037 -0.03751885 -0.00192753
v 0.01602180 -0.03751885 -0.00568347
v 0.01432934 -0.03751885 -0.00914714
v 0.00000000 -0.03751885 0.01700000
v 0.00327484 -0.03751885 0.01668159
v 0.00642700 -0.03751885 0.01573829
v 0.00933841 -0.03751885 0.01420543
v 0.00000000 -0.01451885 0.01700000
v 0.00406837 -0.01451885 0.01650601
v 0.00790029 -0.01451885 0.01505275
v 0.01127309 -0.01451885 0.01272468
v 0.01399073 -0.01451885 0.00965710
v 0.01589528 -0.01451885 0.00602828
v 0.01687605 -0.01451885 0.00204912
v 0.01687605 -0.01451885 -0.00204912
v 0.01589528 -0.01451885 -0.00602828
v 0.01399073 -0.01451885 -0.00965710
v 0.01127309 -0.01451885 -0.01272468
v 0.00790029 -0.01451885 -0.01505275
v 0.00406837 -0.01451885 -0.01650601
v 0.00000000 -0.01451885 -0.01700000
v 0.00000000 -0.03751885 0.01700000
v 0.00327484 -0.03751885 0.01668159
v 0.00642700 -0.03751885 0.01573829
v 0.00933841 -0.03751885 0.01420543
v 0.01190000 -0.03751885 0.01214043
v 0.01190000 -0.02511885 0.01214043
v 0.01190000 -0.02511885 -0.01214043
v 0.01432934 -0.02511885 -0.00914714
v 0.01602180 -0.02511885 -0.00568347
v 0.01689037 -0.02511885 -0.00192753
v 0.01689037 -0.02511885 0.00192753
v 0.01602180 -0.02511885 0.00568347
v 0.01432934 -0.02511885 0.00914714
v 0.01190000 -0.03751885 -0.01214043
v 0.00933841 -0.03751885 -0.01420543
v 0.00642700 -0.03751885 -0.01573829
v 0.00327484 -0.03751885 -0.01668159
v 0.00000000 -0.03751885 -0.01700000
v -0.01190000 -0.03751885 0.01214043
v -0.01190000 -0.03761885 0.01214043
v -0.01700000 -0.03751885 0.00000000
v -0.01666501 -0.03751885 0.00335821
v -0.01567323 -0.03751885 0.00658407
v -0.01406375 -0.03751885 0.00955045
v -0.01700000 -0.03761885 0.00000000
v -0.01666501 -0.03761885 0.00335821
v -0.01567323 -0.03761885 0.00658407
v -0.01406375 -0.03761885 0.00955045
v -0.01512287 -0.02461885 -0.00880617
v -0.01600000 -0.02461885 -0.00880617
v -0.01456811 -0.02511885 -0.00876186
v -0.01683427 -0.03218234 0.00236799
v -0.01697743 -0.03253423 0.00087594
v -0.01698695 -0.03261185 -0.00066591
v -0.01685911 -0.03241212 -0.00218415
v -0.01660648 -0.03194553 -0.00363668
v -0.01626017 -0.03124091 -0.00496052
v -0.01585468 -0.03032004 -0.00613427
v -0.01543567 -0.02921573 -0.00712319
v -0.01504775 -0.02794769 -0.00790990
v -0.01474867 -0.02658774 -0.00845440
v -0.01493534 -0.02511885 0.00812008
v -0.01509717 -0.02658001 0.00781546
v -0.01536921 -0.02795239 0.00726547
v -0.01571004 -0.02919664 0.00649574
v -0.01607718 -0.03028948 0.00552488
v -0.01642458 -0.03119695 0.00438551
v -0.01665299 -0.03175291 0.00341630
v -0.01547878 -0.02461885 0.00816439
v -0.01600000 -0.02461885 0.00816439
v -0.01600000 -0.02411885 0.00817911
v -0.01600000 -0.02428560 0.00817747
v -0.01600000 -0.02445229 0.00817257
v -0.01723857 -0.02411885 0.00817911
v -0.01723857 -0.02411885 -0.00882089
v -0.01723857 -0.02615303 -0.00857390
v -0.01723857 -0.02806899 -0.00784727
v -0.01723857 -0.02975539 -0.00668323
v -0.01723857 -0.03111421 -0.00514944
v -0.01723857 -0.03206648 -0.00333503
v -0.01723857 -0.03255687 -0.00134545
v -0.01723857 -0.03255687 0.00070367
v -0.01723857 -0.03206648 0.00269325
v -0.01723857 -0.03111421 0.00450766
v -0.01723857 -0.02975539 0.00604145
v -0.01723857 -0.02806899 0.00720549
v -0.01723857 -0.02615303 0.00793212
v -0.01600000 -0.02411885 -0.00882089
v -0.01600000 -0.02445229 -0.00881435
v -0.01600000 -0.02428560 -0.00881926
v -0.01683427 -0.03218234 0.00236799
v -0.01647281 -0.03140841 0.00420095
v -0.01598398 -0.03024281 0.00578900
v -0.01546441 -0.02875148 0.00706058
v -0.01502132 -0.02700053 0.00795991
v -0.01486580 -0.02607839 0.00824672
v -0.01476347 -0.02511885 0.00842852
v -0.01472243 -0.02401885 -0.00850000
v -0.01479558 -0.02548817 -0.00837217
v -0.01500261 -0.02690472 -0.00799511
v -0.01530922 -0.02821674 -0.00739107
v -0.01567574 -0.02940205 -0.00657807
v -0.01605585 -0.03042524 -0.00558666
v -0.01641373 -0.03127560 -0.00442600
v -0.01670793 -0.03191853 -0.00313772
v -0.01691154 -0.03234052 -0.00173190
v -0.01699781 -0.03251458 -0.00027447
v -0.01696676 -0.03245218 0.00106243
v -0.01311176 -0.02401885 -0.00850000
v -0.01319095 -0.02546205 -0.00837661
v -0.01341450 -0.02685211 -0.00801372
v -0.01374445 -0.02814109 -0.00743365
v -0.01413808 -0.02930736 -0.00665451
v -0.01454796 -0.03032164 -0.00570307
v -0.01493720 -0.03117441 -0.00458783
v -0.01526356 -0.03183281 -0.00334544
v -0.01549958 -0.03228437 -0.00198262
v -0.01561590 -0.03250055 -0.00055865
v -0.01560012 -0.03247139 0.00089695
v -0.01545378 -0.03219816 0.00231275
v -0.01519228 -0.03169269 0.00365555
v -0.01484623 -0.03098249 0.00487417
v -0.01444785 -0.03008698 0.00595212
v -0.01403783 -0.02903313 0.00686348
v -0.01365609 -0.02783611 0.00759475
v -0.01334926 -0.02652578 0.00812190
v -0.01317279 -0.02528528 0.00840519
v -0.01311176 -0.02401885 0.00850000
v -0.01472243 -0.02401885 0.00850000
v -0.01600000 -0.01451885 0.00733212
v -0.01600000 -0.01511885 0.00574456
v -0.01760000 -0.01451885 0.00000000
v -0.01741977 -0.01451885 0.00251229
v -0.01688277 -0.01451885 0.00497313
v -0.01700000 -0.01511885 0.00000000
v -0.01655310 -0.01511885 0.00387232
v -0.01688791 -0.01511885 0.00194901
v 0.01881409 -0.01883109 0.01991959
v 0.02225338 -0.01815230 0.01598584
v 0.02488897 -0.01776573 0.01145859
v 0.02661082 -0.01752461 0.00652873
v 0.02720173 -0.01742607 0.00328944
v 0.02740005 -0.01736321 -0.00000000
v 0.02740000 -0.00811885 0.00000000
v -0.02740000 -0.00811885 0.00000000
v -0.02680124 -0.00811885 0.00569678
v -0.02503115 -0.00811885 0.01114458
v -0.02216707 -0.00811885 0.01610532
v -0.01833418 -0.00811885 0.02036217
v -0.01370000 -0.00811885 0.02372910
v -0.00846707 -0.00811885 0.02605895
v -0.00286408 -0.00811885 0.02724990
v 0.00286408 -0.00811885 0.02724990
v 0.00846707 -0.00811885 0.02605895
v 0.01370000 -0.00811885 0.02372910
v 0.01833418 -0.00811885 0.02036217
v 0.02216707 -0.00811885 0.01610532
v 0.02503115 -0.00811885 0.01114458
v 0.02680124 -0.00811885 0.00569678
v -0.02740000 -0.01460595 0.00000000
v -0.02591865 -0.01766916 0.00888726
v -0.02668060 -0.01601742 0.00623743
v -0.02721029 -0.01496694 0.00321881
v -0.02735141 -0.01469773 0.00163100
v -0.02446713 -0.01775023 0.01233367
v -0.02256055 -0.01787309 0.01554933
v -0.01904328 -0.01818533 0.01970060
v -0.01459604 -0.01865636 0.02318870
v -0.01061111 -0.01888626 0.02526192
v -0.00713979 -0.01890625 0.02645342
v -0.00335195 -0.01890686 0.02719420
v 0.00010212 -0.01895116 0.02739981
v 0.00319937 -0.01903971 0.02721257
v 0.00778281 -0.01944218 0.02627143
v 0.01217029 -0.02025431 0.02454881
v 0.01382766 -0.02021372 0.02365493
v 0.01645584 -0.01951121 0.02190812
v -0.01600000 -0.01816399 0.00574456
v -0.01600000 -0.01775386 0.00574456
v -0.01650736 -0.01655272 0.00406288
v -0.01684205 -0.01583926 0.00231210
v -0.01695934 -0.01560045 0.00117504
v -0.01700000 -0.01551885 0.00000000
v -0.01700000 -0.01562491 0.00000000
v -0.01691153 -0.01587049 0.00173199
v -0.01666235 -0.01646263 0.00337138
v -0.01635673 -0.01721112 0.00463222
v 0.01620000 -0.01351885 -0.00000000
v 0.01620000 -0.01101885 -0.00000000
v 0.01780000 -0.01101885 -0.00000000
v 0.01777675 -0.01101885 -0.00019145
v 0.01770836 -0.01101885 -0.00037178
v 0.01759881 -0.01101885 -0.00053050
v 0.01745445 -0.01101885 -0.00065839
v 0.01728368 -0.01101885 -0.00074801
v 0.01709643 -0.01101885 -0.00079417
v 0.01690357 -0.01101885 -0.00079417
v 0.01671632 -0.01101885 -0.00074801
v 0.01654555 -0.01101885 -0.00065839
v 0.01640119 -0.01101885 -0.00053050
v 0.01629164 -0.01101885 -0.00037178
v 0.01622325 -0.01101885 -0.00019145
v 0.01780000 -0.01351885 -0.00000000
v 0.01622325 -0.01351885 -0.00019145
v 0.01629164 -0.01351885 -0.00037178
v 0.01640119 -0.01351885 -0.00053050
v 0.01654555 -0.01351885 -0.00065839
v 0.01671632 -0.01351885 -0.00074801
v 0.01690357 -0.01351885 -0.00079417
v 0.01709643 -0.01351885 -0.00079417
v 0.01728368 -0.01351885 -0.00074801
v 0.01745445 -0.01351885 -0.00065839
v 0.01759881 -0.01351885 -0.00053050
v 0.01770836 -0.01351885 -0.00037178
v 0.01777675 -0.01351885 -0.00019145
v 0.00000000 -0.01351885 0.01780000
v -0.00017802 -0.01351885 0.01777994
v -0.00034711 -0.01351885 0.01772078
v -0.00049879 -0.01351885 0.01762547
v -0.00062547 -0.01351885 0.01749879
v -0.00072078 -0.01351885 0.01734711
v -0.00077994 -0.01351885 0.01717802
v -0.00080000 -0.01351885 0.01700000
v 0.00000000 -0.01101885 0.01780000
v 0.00000000 -0.01101885 0.01620000
v -0.00019145 -0.01101885 0.01622325
v -0.00037178 -0.01101885 0.01629164
v -0.00053050 -0.01101885 0.01640119
v -0.00065839 -0.01101885 0.01654555
v -0.00074801 -0.01101885 0.01671632
v -0.00079417 -0.01101885 0.01690357
v -0.00079417 -0.01101885 0.01709643
v -0.00074801 -0.01101885 0.01728368
v -0.00065839 -0.01101885 0.01745445
v -0.00053050 -0.01101885 0.01759881
v -0.00037178 -0.01101885 0.01770836
v -0.00019145 -0.01101885 0.01777675
v 0.00000000 -0.01351885 0.01620000
v -0.00077994 -0.01351885 0.01682198
v -0.00072078 -0.01351885 0.01665289
v -0.00062547 -0.01351885 0.01650121
v -0.00049879 -0.01351885 0.01637453
v -0.00034711 -0.01351885 0.01627922
v -0.00017802 -0.01351885 0.01622006
v -0.01780000 -0.01351885 0.00000000
v -0.01780000 -0.01101885 0.00000000
v -0.01620000 -0.01101885 0.00000000
v -0.01622325 -0.01101885 -0.00019145
v -0.01629164 -0.01101885 -0.00037178
v -0.01640119 -0.01101885 -0.00053050
v -0.01654555 -0.01101885 -0.00065839
v -0.01671632 -0.01101885 -0.00074801
v -0.01690357 -0.01101885 -0.00079417
v -0.01709643 -0.01101885 -0.00079417
v -0.01728368 -0.01101885 -0.00074801
v -0.01745445 -0.01101885 -0.00065839
v -0.01759881 -0.01101885 -0.00053050
v -0.01770836 -0.01101885 -0.00037178
v -0.01777675 -0.01101885 -0.00019145
v -0.01620000 -0.01351885 0.00000000
v -0.01777675 -0.01351885 -0.00019145
v -0.01770836 -0.01351885 -0.00037178
v -0.01759881 -0.01351885 -0.00053050
v -0.01745445 -0.01351885 -0.00065839
v -0.01728368 -0.01351885 -0.00074801
v -0.01709643 -0.01351885 -0.00079417
v -0.01690357 -0.01351885 -0.00079417
v -0.01671632 -0.01351885 -0.00074801
v -0.01654555 -0.01351885 -0.00065839
v -0.01640119 -0.01351885 -0.00053050
v -0.01629164 -0.01351885 -0.00037178
v -0.01622325 -0.01351885 -0.00019145
v 0.00000000 -0.01351885 -0.01620000
v -0.00017802 -0.01351885 -0.01622006
v -0.00034711 -0.01351885 -0.01627922
v -0.00049879 -0.01351885 -0.01637453
v -0.00062547 -0.01351885 -0.01650121
v -0.00072078 -0.01351885 -0.01665289
v -0.00077994 -0.01351885 -0.01682198
v -0.00080000 -0.01351885 -0.01700000
v 0.00000000 -0.01101885 -0.01620000
v 0.00000000 -0.01101885 -0.01780000
v -0.00019145 -0.01101885 -0.01777675
v -0.00037178 -0.01101885 -0.01770836
v -0.00053050 -0.01101885 -0.01759881
v -0.00065839 -0.01101885 -0.01745445
v -0.00074801 -0.01101885 -0.01728368
v -0.00079417 -0.01101885 -0.01709643
v -0.00079417 -0.01101885 -0.01690357
v -0.00074801 -0.01101885 -0.01671632
v -0.00065839 -0.01101885 -0.01654555
v -0.00053050 -0.01101885 -0.01640119
v -0.00037178 -0.01101885 -0.01629164
v -0.00019145 -0.01101885 -0.01622325
v 0.00000000 -0.01351885 -0.01780000
v -0.00077994 -0.01351885 -0.01717802
v -0.00072078 -0.01351885 -0.01734711
v -0.00062547 -0.01351885 -0.01749879
v -0.00049879 -0.01351885 -0.01762547
v -0.00034711 -0.01351885 -0.01772078
v -0.00017802 -0.01351885 -0.01777994
v -0.01723857 -0.02411885 0.00567911
v -0.01923857 -0.02411885 0.00567911
v -0.01923857 -0.02411885 -0.00632089
v -0.01923857 -0.02555474 -0.00614654
v -0.01923857 -0.02690719 -0.00563363
v -0.01923857 -0.02809758 -0.00481196
v -0.01923857 -0.02905675 -0.00372928
v -0.01923857 -0.02972894 -0.00244852
v -0.01923857 -0.03007510 -0.00104411
v -0.01923857 -0.03007510 0.00040233
v -0.01923857 -0.02972894 0.00180674
v -0.01923857 -0.02905675 0.00308750
v -0.01923857 -0.02809758 0.00417017
v -0.01923857 -0.02690719 0.00499185
v -0.01923857 -0.02555474 0.00550476
v -0.01723857 -0.02411885 -0.00632089
v -0.01723857 -0.02555474 -0.00614654
v -0.01723857 -0.02690719 -0.00563363
v -0.01723857 -0.02809758 -0.00481196
v -0.01723857 -0.02905675 -0.00372928
v -0.01723857 -0.02972894 -0.00244852
v -0.01723857 -0.03007510 -0.00104411
v -0.01723857 -0.03007510 0.00040233
v -0.01723857 -0.02972894 0.00180674
v -0.01723857 -0.02905675 0.00308750
v -0.01723857 -0.02809758 0.00417017
v -0.01723857 -0.02690719 0.00499185
v -0.01723857 -0.02555474 0.00550476
v 0.01620000 -0.01351885 -0.00000000
v 0.01622325 -0.01351885 -0.00019145
v 0.01629164 -0.01351885 -0.00037178
v 0.01640119 -0.01351885 -0.00053050
v 0.01654555 -0.01351885 -0.00065839
v 0.01671632 -0.01351885 -0.00074801
v 0.01690357 -0.01351885 -0.00079417
v 0.01709643 -0.01351885 -0.00079417
v 0.01728368 -0.01351885 -0.00074801
v 0.01745445 -0.01351885 -0.00065839
v 0.01759881 -0.01351885 -0.00053050
v 0.01770836 -0.01351885 -0.00037178
v 0.01777675 -0.01351885 -0.00019145
v 0.01780000 -0.01351885 -0.00000000
v 0.01700000 -0.01399954 -0.00000000
v 0.01700000 -0.01399954 -0.00000000
v 0.01716626 -0.01383931 -0.00020849
v 0.01724026 -0.01383931 -0.00011570
v 0.01748052 -0.01367908 -0.00023140
v 0.01705934 -0.01383931 -0.00025998
v 0.01733253 -0.01367908 -0.00041698
v 0.01694066 -0.01383931 -0.00025998
v 0.01711868 -0.01367908 -0.00051996
v 0.01683374 -0.01383931 -0.00020849
v 0.01688132 -0.01367908 -0.00051996
v 0.01675974 -0.01383931 -0.00011570
v 0.01666747 -0.01367908 -0.00041698
v 0.01651948 -0.01367908 -0.00023140
v -0.00080000 -0.01351885 0.01700000
v -0.00077994 -0.01351885 0.01682198
v -0.00072078 -0.01351885 0.01665289
v -0.00062547 -0.01351885 0.01650121
v -0.00049879 -0.01351885 0.01637453
v -0.00034711 -0.01351885 0.01627922
v -0.00017802 -0.01351885 0.01622006
v 0.00000000 -0.01351885 0.01620000
v 0.00017802 -0.01351885 0.01622006
v 0.00034711 -0.01351885 0.01627922
v 0.00049879 -0.01351885 0.01637453
v 0.00062547 -0.01351885 0.01650121
v 0.00072078 -0.01351885 0.01665289
v 0.00077994 -0.01351885 0.01682198
v 0.00080000 -0.01351885 0.01700000
v -0.00000000 -0.01399954 0.01700000
v -0.00000000 -0.01399954 0.01700000
v 0.00016626 -0.01383931 0.01679151
v 0.00024026 -0.01383931 0.01688430
v 0.00048052 -0.01367908 0.01676860
v 0.00005934 -0.01383931 0.01674002
v 0.00033253 -0.01367908 0.01658302
v -0.00005934 -0.01383931 0.01674002
v 0.00011868 -0.01367908 0.01648004
v -0.00016626 -0.01383931 0.01679151
v -0.00011868 -0.01367908 0.01648004
v -0.00024026 -0.01383931 0.01688430
v -0.00033253 -0.01367908 0.01658302
v -0.00048052 -0.01367908 0.01676860
v -0.01780000 -0.01351885 0.00000000
v -0.01777675 -0.01351885 -0.00019145
v -0.01770836 -0.01351885 -0.00037178
v -0.01759881 -0.01351885 -0.00053050
v -0.01745445 -0.01351885 -0.00065839
v -0.01728368 -0.01351885 -0.00074801
v -0.01709643 -0.01351885 -0.00079417
v -0.01690357 -0.01351885 -0.00079417
v -0.01671632 -0.01351885 -0.00074801
v -0.01654555 -0.01351885 -0.00065839
v -0.01640119 -0.01351885 -0.00053050
v -0.01629164 -0.01351885 -0.00037178
v -0.01622325 -0.01351885 -0.00019145
v -0.01620000 -0.01351885 0.00000000
v -0.01700000 -0.01399954 0.00000000
v -0.01700000 -0.01399954 0.00000000
v -0.01683374 -0.01383931 -0.00020849
v -0.01675974 -0.01383931 -0.00011570
v -0.01651948 -0.01367908 -0.00023140
v -0.01694066 -0.01383931 -0.00025998
v -0.01666747 -0.01367908 -0.00041698
v -0.01705934 -0.01383931 -0.00025998
v -0.01688132 -0.01367908 -0.00051996
v -0.01716626 -0.01383931 -0.00020849
v -0.01711868 -0.01367908 -0.00051996
v -0.01724026 -0.01383931 -0.00011570
v -0.01733253 -0.01367908 -0.00041698
v -0.01748052 -0.01367908 -0.00023140
v -0.00080000 -0.01351885 -0.01700000
v -0.00077994 -0.01351885 -0.01717802
v -0.00072078 -0.01351885 -0.01734711
v -0.00062547 -0.01351885 -0.01749879
v -0.00049879 -0.01351885 -0.01762547
v -0.00034711 -0.01351885 -0.01772078
v -0.00017802 -0.01351885 -0.01777994
v 0.00000000 -0.01351885 -0.01780000
v 0.00017802 -0.01351885 -0.01777994
v 0.00034711 -0.01351885 -0.01772078
v 0.00049879 -0.01351885 -0.01762547
v 0.00062547 -0.01351885 -0.01749879
v 0.00072078 -0.01351885 -0.01734711
v 0.00077994 -0.01351885 -0.01717802
v 0.00080000 -0.01351885 -0.01700000
v -0.00000000 -0.01399954 -0.01700000
v -0.00000000 -0.01399954 -0.01700000
v 0.00016626 -0.01383931 -0.01720849
v 0.00024026 -0.01383931 -0.01711570
v 0.00048052 -0.01367908 -0.01723140
v 0.00005934 -0.01383931 -0.01725998
v 0.00033253 -0.01367908 -0.01741698
v -0.00005934 -0.01383931 -0.01725998
v 0.00011868 -0.01367908 -0.01751996
v -0.00016626 -0.01383931 -0.01720849
v -0.00011868 -0.01367908 -0.01751996
v -0.00024026 -0.01383931 -0.01711570
v -0.00033253 -0.01367908 -0.01741698
v -0.00048052 -0.01367908 -0.01723140
v -0.00170000 -0.00501885 -0.02257500
v -0.00172500 -0.00501885 -0.02260000
v 0.00172500 -0.00501885 -0.02260000
v 0.00167487 -0.00543167 -0.02260000
v 0.00152741 -0.00582049 -0.02260000
v 0.00129118 -0.00616273 -0.02260000
v 0.00097991 -0.00643849 -0.02260000
v 0.00061169 -0.00663175 -0.02260000
v 0.00020793 -0.00673127 -0.02260000
v -0.00020793 -0.00673127 -0.02260000
v -0.00061169 -0.00663175 -0.02260000
v -0.00097991 -0.00643849 -0.02260000
v -0.00129118 -0.00616273 -0.02260000
v -0.00152741 -0.00582049 -0.02260000
v -0.00167487 -0.00543167 -0.02260000
v 0.00170000 -0.00501885 -0.02257500
v 0.00165060 -0.00542568 -0.02257500
v 0.00150528 -0.00580888 -0.02257500
v 0.00127247 -0.00614616 -0.02257500
v 0.00096571 -0.00641792 -0.02257500
v 0.00060283 -0.00660837 -0.02257500
v 0.00020491 -0.00670645 -0.02257500
v -0.00020491 -0.00670645 -0.02257500
v -0.00060283 -0.00660837 -0.02257500
v -0.00096571 -0.00641792 -0.02257500
v -0.00127247 -0.00614616 -0.02257500
v -0.00150528 -0.00580888 -0.02257500
v -0.00165060 -0.00542568 -0.02257500
v 0.00170000 -0.00501885 0.02257500
v 0.00172500 -0.00501885 0.02260000
v -0.00172500 -0.00501885 0.02260000
v -0.00167487 -0.00543167 0.02260000
v -0.00152741 -0.00582049 0.02260000
v -0.00129118 -0.00616273 0.02260000
v -0.00097991 -0.00643849 0.02260000
v -0.00061169 -0.00663175 0.02260000
v -0.00020793 -0.00673127 0.02260000
v 0.00020793 -0.00673127 0.02260000
v 0.00061169 -0.00663175 0.02260000
v 0.00097991 -0.00643849 0.02260000
v 0.00129118 -0.00616273 0.02260000
v 0.00152741 -0.00582049 0.02260000
v 0.00167487 -0.00543167 0.02260000
v -0.00170000 -0.00501885 0.02257500
v -0.00165060 -0.00542568 0.02257500
v -0.00150528 -0.00580888 0.02257500
v -0.00127247 -0.00614616 0.02257500
v -0.00096571 -0.00641792 0.02257500
v -0.00060283 -0.00660837 0.02257500
v -0.00020491 -0.00670645 0.02257500
v 0.00020491 -0.00670645 0.02257500
v 0.00060283 -0.00660837 0.02257500
v 0.00096571 -0.00641792 0.02257500
v 0.00127247 -0.00614616 0.02257500
v 0.00150528 -0.00580888 0.02257500
v 0.00165060 -0.00542568 0.02257500
v 0.02257500 -0.00501885 -0.00170000
v 0.02260000 -0.00501885 -0.00172500
v 0.02260000 -0.00501885 0.00172500
v 0.02260000 -0.00543167 0.00167487
v 0.02260000 -0.00582049 0.00152741
v 0.02260000 -0.00616273 0.00129118
v 0.02260000 -0.00643849 0.00097991
v 0.02260000 -0.00663175 0.00061169
v 0.02260000 -0.00673127 0.00020793
v 0.02260000 -0.00673127 -0.00020793
v 0.02260000 -0.00663175 -0.00061169
v 0.02260000 -0.00643849 -0.00097991
v 0.02260000 -0.00616273 -0.00129118
v 0.02260000 -0.00582049 -0.00152741
v 0.02260000 -0.00543167 -0.00167487
v 0.02257500 -0.00501885 0.00170000
v 0.02257500 -0.00542568 0.00165060
v 0.02257500 -0.00580888 0.00150528
v 0.02257500 -0.00614616 0.00127247
v 0.02257500 -0.00641792 0.00096571
v 0.02257500 -0.00660837 0.00060283
v 0.02257500 -0.00670645 0.00020491
v 0.02257500 -0.00670645 -0.00020491
v 0.02257500 -0.00660837 -0.00060283
v 0.02257500 -0.00641792 -0.00096571
v 0.02257500 -0.00614616 -0.00127247
v 0.02257500 -0.00580888 -0.00150528
v 0.02257500 -0.00542568 -0.00165060
v -0.02257500 -0.00501885 0.00170000
v -0.02260000 -0.00501885 0.00172500
v -0.02260000 -0.00501885 -0.00172500
v -0.02260000 -0.00543167 -0.00167487
v -0.02260000 -0.00582049 -0.00152741
v -0.02260000 -0.00616273 -0.00129118
v -0.02260000 -0.00643849 -0.00097991
v -0.02260000 -0.00663175 -0.00061169
v -0.02260000 -0.00673127 -0.00020793
v -0.02260000 -0.00673127 0.00020793
v -0.02260000 -0.00663175 0.00061169
v -0.02260000 -0.00643849 0.00097991
v -0.02260000 -0.00616273 0.00129118
v -0.02260000 -0.00582049 0.00152741
v -0.02260000 -0.00543167 0.00167487
v -0.02257500 -0.00501885 -0.00170000
v -0.02257500 -0.00542568 -0.00165060
v -0.02257500 -0.00580888 -0.00150528
v -0.02257500 -0.00614616 -0.00127247
v -0.02257500 -0.00641792 -0.00096571
v -0.02257500 -0.00660837 -0.00060283
v -0.02257500 -0.00670645 -0.00020491
v -0.02257500 -0.00670645 0.00020491
v -0.02257500 -0.00660837 0.00060283
v -0.02257500 -0.00641792 0.00096571
v -0.02257500 -0.00614616 0.00127247
v -0.02257500 -0.00580888 0.00150528
v -0.02257500 -0.00542568 0.00165060
v -0.01249075 -0.04951885 -0.00048077
v -0.01249075 -0.05211885 -0.00048077
v -0.01299038 -0.05211885 0.00000000
v -0.01299038 -0.04951885 0.00000000
v -0.00319000 -0.04951885 -0.01258610
v -0.00319000 -0.05211885 -0.01258610
v -0.00390012 -0.05211885 -0.01187599
v -0.00390012 -0.04951885 -0.01187599
v 0.01371272 -0.04951885 -0.00466021
v 0.01362193 -0.05211885 -0.00456942
v 0.01392174 -0.05211885 -0.00426960
v 0.01384854 -0.05211885 -0.00427867
v 0.01378221 -0.05211885 -0.00430402
v 0.01372734 -0.05211885 -0.00434113
v 0.01368161 -0.05211885 -0.00438985
v 0.01364825 -0.05211885 -0.00444654
v 0.01362817 -0.05211885 -0.00450852
v 0.01401254 -0.04951885 -0.00436040
v 0.01372179 -0.04951885 -0.00458701
v 0.01374714 -0.04951885 -0.00452068
v 0.01378425 -0.04951885 -0.00446581
v 0.01383297 -0.04951885 -0.00442008
v 0.01388965 -0.04951885 -0.00438672
v 0.01395164 -0.04951885 -0.00436664
v -0.00619000 -0.04951885 0.00000000
v -0.01299038 -0.04951885 0.00000000
v -0.00619000 -0.05211885 0.00000000
v -0.01299038 -0.05211885 0.00000000
v -0.00390012 -0.05211885 -0.01187599
v -0.00390012 -0.04951885 -0.01187599
v -0.01249075 -0.05211885 -0.00048077
v -0.01200809 -0.05211885 -0.00347216
v -0.01081982 -0.05211885 -0.00625952
v -0.00899577 -0.05211885 -0.00867907
v -0.00664312 -0.05211885 -0.01058863
v -0.01249075 -0.04951885 -0.00048077
v -0.00664312 -0.04951885 -0.01058863
v -0.00899577 -0.04951885 -0.00867907
v -0.01081982 -0.04951885 -0.00625952
v -0.01200809 -0.04951885 -0.00347216
v -0.00319000 -0.04951885 -0.00300000
v -0.00319000 -0.04951885 -0.01258610
v -0.00319000 -0.05211885 -0.00300000
v -0.00319000 -0.05211885 -0.01258610
v -0.02260000 -0.00501885 0.00172500
v -0.02260000 -0.00460603 0.00167487
v -0.02260000 -0.00421720 0.00152741
v -0.02260000 -0.00387496 0.00129118
v -0.02260000 -0.00359920 0.00097991
v -0.02260000 -0.00340594 0.00061169
v -0.02260000 -0.00330642 0.00020793
v -0.02260000 -0.00330642 -0.00020793
v -0.02260000 -0.00340594 -0.00061169
v -0.02260000 -0.00359920 -0.00097991
v -0.02260000 -0.00387496 -0.00129118
v -0.02260000 -0.00421720 -0.00152741
v -0.02260000 -0.00460603 -0.00167487
v -0.02260000 -0.00501885 -0.00172500
v -0.02257500 -0.00501885 0.00170000
v -0.02257500 -0.00461201 0.00165060
v -0.02257500 -0.00422882 0.00150528
v -0.02257500 -0.00389154 0.00127247
v -0.02257500 -0.00361977 0.00096571
v -0.02257500 -0.00342932 0.00060283
v -0.02257500 -0.00333124 0.00020491
v -0.02257500 -0.00333124 -0.00020491
v -0.02257500 -0.00342932 -0.00060283
v -0.02257500 -0.00361977 -0.00096571
v -0.02257500 -0.00389154 -0.00127247
v -0.02257500 -0.00422882 -0.00150528
v -0.02257500 -0.00461201 -0.00165060
v -0.02257500 -0.00501885 -0.00170000
v 0.02260000 -0.00501885 -0.00172500
v 0.02260000 -0.00460603 -0.00167487
v 0.02260000 -0.00421720 -0.00152741
v 0.02260000 -0.00387496 -0.00129118
v 0.02260000 -0.00359920 -0.00097991
v 0.02260000 -0.00340594 -0.00061169
v 0.02260000 -0.00330642 -0.00020793
v 0.02260000 -0.00330642 0.00020793
v 0.02260000 -0.00340594 0.00061169
v 0.02260000 -0.00359920 0.00097991
v 0.02260000 -0.00387496 0.00129118
v 0.02260000 -0.00421720 0.00152741
v 0.02260000 -0.00460603 0.00167487
v 0.02260000 -0.00501885 0.00172500
v 0.02257500 -0.00501885 -0.00170000
v 0.02257500 -0.00461201 -0.00165060
v 0.02257500 -0.00422882 -0.00150528
v 0.02257500 -0.00389154 -0.00127247
v 0.02257500 -0.00361977 -0.00096571
v 0.02257500 -0.00342932 -0.00060283
v 0.02257500 -0.00333124 -0.00020491
v 0.02257500 -0.00333124 0.00020491
v 0.02257500 -0.00342932 0.00060283
v 0.02257500 -0.00361977 0.00096571
v 0.02257500 -0.00389154 0.00127247
v 0.02257500 -0.00422882 0.00150528
v 0.02257500 -0.00461201 0.00165060
v 0.02257500 -0.00501885 0.00170000
v 0.00172500 -0.00501885 0.02260000
v 0.00167487 -0.00460603 0.02260000
v 0.00152741 -0.00421720 0.02260000
v 0.00129118 -0.00387496 0.02260000
v 0.00097991 -0.00359920 0.02260000
v 0.00061169 -0.00340594 0.02260000
v 0.00020793 -0.00330642 0.02260000
v -0.00020793 -0.00330642 0.02260000
v -0.00061169 -0.00340594 0.02260000
v -0.00097991 -0.00359920 0.02260000
v -0.00129118 -0.00387496 0.02260000
v -0.00152741 -0.00421720 0.02260000
v -0.00167487 -0.00460603 0.02260000
v -0.00172500 -0.00501885 0.02260000
v 0.00170000 -0.00501885 0.02257500
v 0.00165060 -0.00461201 0.02257500
v 0.00150528 -0.00422882 0.02257500
v 0.00127247 -0.00389154 0.02257500
v 0.00096571 -0.00361977 0.02257500
v 0.00060283 -0.00342932 0.02257500
v 0.00020491 -0.00333124 0.02257500
v -0.00020491 -0.00333124 0.02257500
v -0.00060283 -0.00342932 0.02257500
v -0.00096571 -0.00361977 0.02257500
v -0.00127247 -0.00389154 0.02257500
v -0.00150528 -0.00422882 0.02257500
v -0.00165060 -0.00461201 0.02257500
v -0.00170000 -0.00501885 0.02257500
v -0.00172500 -0.00501885 -0.02260000
v -0.00167487 -0.00460603 -0.02260000
v -0.00152741 -0.00421720 -0.02260000
v -0.00129118 -0.00387496 -0.02260000
v -0.00097991 -0.00359920 -0.02260000
v -0.00061169 -0.00340594 -0.02260000
v -0.00020793 -0.00330642 -0.02260000
v 0.00020793 -0.00330642 -0.02260000
v 0.00061169 -0.00340594 -0.02260000
v 0.00097991 -0.00359920 -0.02260000
v 0.00129118 -0.00387496 -0.02260000
v 0.00152741 -0.00421720 -0.02260000
v 0.00167487 -0.00460603 -0.02260000
v 0.00172500 -0.00501885 -0.02260000
v -0.00170000 -0.00501885 -0.02257500
v -0.00165060 -0.00461201 -0.02257500
v -0.00150528 -0.00422882 -0.02257500
v -0.00127247 -0.00389154 -0.02257500
v -0.00096571 -0.00361977 -0.02257500
v -0.00060283 -0.00342932 -0.02257500
v -0.00020491 -0.00333124 -0.02257500
v 0.00020491 -0.00333124 -0.02257500
v 0.00060283 -0.00342932 -0.02257500
v 0.00096571 -0.00361977 -0.02257500
v 0.00127247 -0.00389154 -0.02257500
v 0.00150528 -0.00422882 -0.02257500
v 0.00165060 -0.00461201 -0.02257500
v 0.00170000 -0.00501885 -0.02257500
v -0.01923857 -0.02411885 -0.00632089
v -0.01923857 -0.02555474 -0.00614654
v -0.01923857 -0.02690719 -0.00563363
v -0.01923857 -0.02809758 -0.00481196
v -0.01923857 -0.02905675 -0.00372928
v -0.01923857 -0.02972894 -0.00244852
v -0.01923857 -0.03007510 -0.00104411
v -0.01923857 -0.03007510 0.00040233
v -0.01923857 -0.02972894 0.00180674
v -0.01923857 -0.02905675 0.00308750
v -0.01923857 -0.02809758 0.00417017
v -0.01923857 -0.02690719 0.00499185
v -0.01923857 -0.02555474 0.00550476
v -0.01923857 -0.02411885 0.00567911
v -0.01923857 -0.02268295 0.00550476
v -0.01923857 -0.02133051 0.00499185
v -0.01923857 -0.02014011 0.00417017
v -0.01923857 -0.01918094 0.00308750
v -0.01923857 -0.01850875 0.00180674
v -0.01923857 -0.01816259 0.00040233
v -0.01923857 -0.01816259 -0.00104411
v -0.01923857 -0.01850875 -0.00244852
v -0.01923857 -0.01918094 -0.00372928
v -0.01923857 -0.02014011 -0.00481196
v -0.01923857 -0.02133051 -0.00563363
v -0.01923857 -0.02268295 -0.00614654
v 0.00080000 -0.01351885 -0.01700000
v 0.00077994 -0.01351885 -0.01682198
v 0.00072078 -0.01351885 -0.01665289
v 0.00062547 -0.01351885 -0.01650121
v 0.00049879 -0.01351885 -0.01637453
v 0.00034711 -0.01351885 -0.01627922
v 0.00017802 -0.01351885 -0.01622006
v 0.00000000 -0.01351885 -0.01620000
v -0.00017802 -0.01351885 -0.01622006
v -0.00034711 -0.01351885 -0.01627922
v -0.00049879 -0.01351885 -0.01637453
v -0.00062547 -0.01351885 -0.01650121
v -0.00072078 -0.01351885 -0.01665289
v -0.00077994 -0.01351885 -0.01682198
v -0.00080000 -0.01351885 -0.01700000
v -0.00000000 -0.01399954 -0.01700000
v -0.00000000 -0.01399954 -0.01700000
v -0.00016626 -0.01383931 -0.01679151
v -0.00024026 -0.01383931 -0.01688430
v -0.00048052 -0.01367908 -0.01676860
v -0.00005934 -0.01383931 -0.01674002
v -0.00033253 -0.01367908 -0.01658302
v 0.00005934 -0.01383931 -0.01674002
v -0.00011868 -0.01367908 -0.01648004
v 0.00016626 -0.01383931 -0.01679151
v 0.00011868 -0.01367908 -0.01648004
v 0.00024026 -0.01383931 -0.01688430
v 0.00033253 -0.01367908 -0.01658302
v 0.00048052 -0.01367908 -0.01676860
v -0.01620000 -0.01351885 0.00000000
v -0.01622325 -0.01351885 0.00019145
v -0.01629164 -0.01351885 0.00037178
v -0.01640119 -0.01351885 0.00053050
v -0.01654555 -0.01351885 0.00065839
v -0.01671632 -0.01351885 0.00074801
v -0.01690357 -0.01351885 0.00079417
v -0.01709643 -0.01351885 0.00079417
v -0.01728368 -0.01351885 0.00074801
v -0.01745445 -0.01351885 0.00065839
v -0.01759881 -0.01351885 0.00053050
v -0.01770836 -0.01351885 0.00037178
v -0.01777675 -0.01351885 0.00019145
v -0.01780000 -0.01351885 0.00000000
v -0.01700000 -0.01399954 0.00000000
v -0.01700000 -0.01399954 0.00000000
v -0.01716626 -0.01383931 0.00020849
v -0.01724026 -0.01383931 0.00011570
v -0.01748052 -0.01367908 0.00023140
v -0.01705934 -0.01383931 0.00025998
v -0.01733253 -0.01367908 0.00041698
v -0.01694066 -0.01383931 0.00025998
v -0.01711868 -0.01367908 0.00051996
v -0.01683374 -0.01383931 0.00020849
v -0.01688132 -0.01367908 0.00051996
v -0.01675974 -0.01383931 0.00011570
v -0.01666747 -0.01367908 0.00041698
v -0.01651948 -0.01367908 0.00023140
v 0.00080000 -0.01351885 0.01700000
v 0.00077994 -0.01351885 0.01717802
v 0.00072078 -0.01351885 0.01734711
v 0.00062547 -0.01351885 0.01749879
v 0.00049879 -0.01351885 0.01762547
v 0.00034711 -0.01351885 0.01772078
v 0.00017802 -0.01351885 0.01777994
v 0.00000000 -0.01351885 0.01780000
v -0.00017802 -0.01351885 0.01777994
v -0.00034711 -0.01351885 0.01772078
v -0.00049879 -0.01351885 0.01762547
v -0.00062547 -0.01351885 0.01749879
v -0.00072078 -0.01351885 0.01734711
v -0.00077994 -0.01351885 0.01717802
v -0.00080000 -0.01351885 0.01700000
v -0.00000000 -0.01399954 0.01700000
v -0.00000000 -0.01399954 0.01700000
v -0.00016626 -0.01383931 0.01720849
v -0.00024026 -0.01383931 0.01711570
v -0.00048052 -0.01367908 0.01723140
v -0.00005934 -0.01383931 0.01725998
v -0.00033253 -0.01367908 0.01741698
v 0.00005934 -0.01383931 0.01725998
v -0.00011868 -0.01367908 0.01751996
v 0.00016626 -0.01383931 0.01720849
v 0.00011868 -0.01367908 0.01751996
v 0.00024026 -0.01383931 0.01711570
v 0.00033253 -0.01367908 0.01741698
v 0.00048052 -0.01367908 0.01723140
v 0.01780000 -0.01351885 -0.00000000
v 0.01777675 -0.01351885 0.00019145
v 0.01770836 -0.01351885 0.00037178
v 0.01759881 -0.01351885 0.00053050
v 0.01745445 -0.01351885 0.00065839
v 0.01728368 -0.01351885 0.00074801
v 0.01709643 -0.01351885 0.00079417
v 0.01690357 -0.01351885 0.00079417
v 0.01671632 -0.01351885 0.00074801
v 0.01654555 -0.01351885 0.00065839
v 0.01640119 -0.01351885 0.00053050
v 0.01629164 -0.01351885 0.00037178
v 0.01622325 -0.01351885 0.00019145
v 0.01620000 -0.01351885 -0.00000000
v 0.01700000 -0.01399954 -0.00000000
v 0.01700000 -0.01399954 -0.00000000
v 0.01683374 -0.01383931 0.00020849
v 0.01675974 -0.01383931 0.00011570
v 0.01651948 -0.01367908 0.00023140
v 0.01694066 -0.01383931 0.00025998
v 0.01666747 -0.01367908 0.00041698
v 0.01705934 -0.01383931 0.00025998
v 0.01688132 -0.01367908 0.00051996
v 0.01716626 -0.01383931 0.00020849
v 0.01711868 -0.01367908 0.00051996
v 0.01724026 -0.01383931 0.00011570
v 0.01733253 -0.01367908 0.00041698
v 0.01748052 -0.01367908 0.00023140
v -0.01923857 -0.02411885 0.00567911
v -0.01923857 -0.02268295 0.00550476
v -0.01923857 -0.02133051 0.00499185
v -0.01923857 -0.02014011 0.00417017
v -0.01923857 -0.01918094 0.00308750
v -0.01923857 -0.01850875 0.00180674
v -0.01923857 -0.01816259 0.00040233
v -0.01923857 -0.01816259 -0.00104411
v -0.01923857 -0.01850875 -0.00244852
v -0.01923857 -0.01918094 -0.00372928
v -0.01923857 -0.02014011 -0.00481196
v -0.01923857 -0.02133051 -0.00563363
v -0.01923857 -0.02268295 -0.00614654
v -0.01923857 -0.02411885 -0.00632089
v -0.01723857 -0.02411885 0.00567911
v -0.01723857 -0.02268295 0.00550476
v -0.01723857 -0.02133051 0.00499185
v -0.01723857 -0.02014011 0.00417017
v -0.01723857 -0.01918094 0.00308750
v -0.01723857 -0.01850875 0.00180674
v -0.01723857 -0.01816259 0.00040233
v -0.01723857 -0.01816259 -0.00104411
v -0.01723857 -0.01850875 -0.00244852
v -0.01723857 -0.01918094 -0.00372928
v -0.01723857 -0.02014011 -0.00481196
v -0.01723857 -0.02133051 -0.00563363
v -0.01723857 -0.02268295 -0.00614654
v -0.01723857 -0.02411885 -0.00632089
v -0.02591865 -0.01766916 0.00888726
v -0.02560583 -0.01842274 0.00959647
v -0.02560751 -0.01859954 0.00943096
v -0.02555469 -0.01875730 0.00925494
v -0.02545049 -0.01888677 0.00907876
v -0.02530102 -0.01898034 0.00891274
v -0.02511505 -0.01903253 0.00876663
v -0.02490348 -0.01904029 0.00864899
v -0.02467873 -0.01900315 0.00856673
v -0.02497272 -0.01844226 0.00792862
v -0.02593922 -0.01784330 0.00875144
v -0.02591225 -0.01800887 0.00860635
v -0.02583905 -0.01815773 0.00845912
v -0.02572324 -0.01828255 0.00831700
v -0.02557051 -0.01837720 0.00818697
v -0.02538837 -0.01843702 0.00807544
v -0.02518578 -0.01845907 0.00798788
v -0.02560070 -0.01842868 -0.00959631
v -0.02592851 -0.01764645 -0.00885845
v -0.02498222 -0.01842123 -0.00790292
v -0.02519514 -0.01843784 -0.00796211
v -0.02539761 -0.01841557 -0.00804945
v -0.02557968 -0.01835553 -0.00816065
v -0.02573240 -0.01826066 -0.00829024
v -0.02584827 -0.01813562 -0.00843186
v -0.02592160 -0.01798656 -0.00857856
v -0.02594880 -0.01782079 -0.00872312
v -0.02467477 -0.01900281 -0.00856637
v -0.02489854 -0.01904062 -0.00864912
v -0.02510925 -0.01903373 -0.00876704
v -0.02529461 -0.01898254 -0.00891323
v -0.02544380 -0.01889005 -0.00907918
v -0.02554812 -0.01876163 -0.00925519
v -0.02560147 -0.01860480 -0.00943099
v -0.00802108 -0.02455274 -0.02033262
v -0.00793872 -0.02456031 -0.02034297
v -0.00809909 -0.02444039 -0.02053037
v -0.00816501 -0.02428055 -0.02069746
v -0.00821502 -0.02408245 -0.02082423
v -0.00824623 -0.02385755 -0.02090334
v -0.00825684 -0.02361885 -0.02093023
v -0.00420237 -0.02361885 -0.02210408
v -0.00000000 -0.02361885 -0.02250000
v 0.00420237 -0.02361885 -0.02210408
v 0.00825684 -0.02361885 -0.02093023
v 0.00802108 -0.02455274 -0.02033262
v 0.00809909 -0.02444039 -0.02053037
v 0.00816501 -0.02428055 -0.02069746
v 0.00821502 -0.02408245 -0.02082423
v 0.00824623 -0.02385755 -0.02090334
v 0.00793872 -0.02456031 -0.02034297
v 0.00648074 -0.02461885 -0.02050000
v -0.00648074 -0.02461885 -0.02050000
v -0.00220585 -0.02461885 -0.02138654
v 0.00220585 -0.02461885 -0.02138654
v 0.00742829 -0.02432595 -0.02092788
v 0.00739433 -0.02441463 -0.02083221
v 0.00735956 -0.02448392 -0.02073426
v 0.00640525 -0.02410789 -0.02143574
v 0.00543495 -0.02432595 -0.02153176
v 0.00435359 -0.02449111 -0.02155375
v 0.00321739 -0.02432595 -0.02197280
v 0.00216723 -0.02410789 -0.02226704
v 0.00114146 -0.02432595 -0.02217775
v 0.00000000 -0.02449111 -0.02198904
v -0.00114146 -0.02432595 -0.02217775
v -0.00216723 -0.02410789 -0.02226704
v -0.00321739 -0.02432595 -0.02197280
v -0.00435359 -0.02449111 -0.02155375
v -0.00543495 -0.02432595 -0.02153176
v -0.00640525 -0.02410789 -0.02143574
v -0.00742829 -0.02432595 -0.02092788
v -0.00739433 -0.02441463 -0.02083221
v -0.00735956 -0.02448392 -0.02073426
v 0.00646214 -0.02449111 -0.02101806
v 0.00430409 -0.02410789 -0.02195434
v 0.00219308 -0.02449111 -0.02187940
v 0.00000000 -0.02410789 -0.02237226
v -0.00219308 -0.02449111 -0.02187940
v -0.00430409 -0.02410789 -0.02195434
v -0.00646214 -0.02449111 -0.02101806
v 0.01123774 -0.02461885 -0.01832930
v 0.01493783 -0.02461885 -0.01546323
v 0.01801505 -0.02461885 -0.01173490
v 0.02026235 -0.02461885 -0.00718939
v 0.02119740 -0.02461885 -0.00359446
v 0.02150000 -0.02461885 0.00000000
v 0.01055058 -0.02455225 -0.01914402
v 0.01093155 -0.02459898 -0.01874598
v 0.01065301 -0.02443977 -0.01932987
v 0.01073954 -0.02427994 -0.01948688
v 0.01080518 -0.02408197 -0.01960598
v 0.01084614 -0.02385729 -0.01968030
v 0.01086006 -0.02361885 -0.01970556
v 0.01478736 -0.02361885 -0.01695830
v 0.01804369 -0.02361885 -0.01344155
v 0.02048128 -0.02361885 -0.00931489
v 0.02198953 -0.02361885 -0.00476556
v 0.02250000 -0.02361885 0.00000000
v 0.02247493 -0.02384137 0.00000000
v 0.02240097 -0.02405273 0.00000000
v 0.02228183 -0.02424234 0.00000000
v 0.02212349 -0.02440068 0.00000000
v 0.02193388 -0.02451982 0.00000000
v 0.02172252 -0.02459377 0.00000000
v 0.02213033 -0.02432595 -0.00184504
v 0.02203623 -0.02440918 -0.00183719
v 0.02193999 -0.02447537 -0.00182917
v 0.02219429 -0.02410789 -0.00281631
v 0.02180474 -0.02432595 -0.00420822
v 0.02136102 -0.02432595 -0.00607143
v 0.02118921 -0.02410789 -0.00717883
v 0.02059126 -0.02432595 -0.00831598
v 0.01981710 -0.02449111 -0.00952892
v 0.01946668 -0.02432595 -0.01068662
v 0.01909447 -0.02410789 -0.01165844
v 0.01821695 -0.02432595 -0.01270033
v 0.01718372 -0.02449111 -0.01371997
v 0.01666935 -0.02432595 -0.01467271
v 0.01612367 -0.02410789 -0.01550952
v 0.01501608 -0.02432595 -0.01636071
v 0.01378517 -0.02449111 -0.01713146
v 0.01313417 -0.02432595 -0.01790668
v 0.01243512 -0.02410789 -0.01859801
v 0.01116466 -0.02432595 -0.01919651
v 0.01111368 -0.02441454 -0.01910885
v 0.01094570 -0.02434074 -0.01930483
v 0.02175172 -0.02449111 -0.00322192
v 0.02077529 -0.02449111 -0.00720452
v 0.02026492 -0.02410789 -0.00947898
v 0.01859808 -0.02449111 -0.01173156
v 0.01771459 -0.02410789 -0.01366423
v 0.01556484 -0.02449111 -0.01553235
v 0.01436665 -0.02410789 -0.01714985
v 0.01185918 -0.02449111 -0.01851696
v 0.00000000 -0.01101885 -0.01620000
v 0.00019145 -0.01101885 -0.01622325
v 0.00037178 -0.01101885 -0.01629164
v 0.00053050 -0.01101885 -0.01640119
v 0.00065839 -0.01101885 -0.01654555
v 0.00074801 -0.01101885 -0.01671632
v 0.00079417 -0.01101885 -0.01690357
v 0.00079417 -0.01101885 -0.01709643
v 0.00074801 -0.01101885 -0.01728368
v 0.00065839 -0.01101885 -0.01745445
v 0.00053050 -0.01101885 -0.01759881
v 0.00037178 -0.01101885 -0.01770836
v 0.00019145 -0.01101885 -0.01777675
v 0.00000000 -0.01101885 -0.01780000
v 0.00000000 -0.01351885 -0.01620000
v 0.00080000 -0.01351885 -0.01700000
v 0.00077994 -0.01351885 -0.01682198
v 0.00072078 -0.01351885 -0.01665289
v 0.00062547 -0.01351885 -0.01650121
v 0.00049879 -0.01351885 -0.01637453
v 0.00034711 -0.01351885 -0.01627922
v 0.00017802 -0.01351885 -0.01622006
v 0.00000000 -0.01351885 -0.01780000
v 0.00017802 -0.01351885 -0.01777994
v 0.00034711 -0.01351885 -0.01772078
v 0.00049879 -0.01351885 -0.01762547
v 0.00062547 -0.01351885 -0.01749879
v 0.00072078 -0.01351885 -0.01734711
v 0.00077994 -0.01351885 -0.01717802
v -0.01780000 -0.01101885 0.00000000
v -0.01777675 -0.01101885 0.00019145
v -0.01770836 -0.01101885 0.00037178
v -0.01759881 -0.01101885 0.00053050
v -0.01745445 -0.01101885 0.00065839
v -0.01728368 -0.01101885 0.00074801
v -0.01709643 -0.01101885 0.00079417
v -0.01690357 -0.01101885 0.00079417
v -0.01671632 -0.01101885 0.00074801
v -0.01654555 -0.01101885 0.00065839
v -0.01640119 -0.01101885 0.00053050
v -0.01629164 -0.01101885 0.00037178
v -0.01622325 -0.01101885 0.00019145
v -0.01620000 -0.01101885 0.00000000
v -0.01780000 -0.01351885 0.00000000
v -0.01620000 -0.01351885 0.00000000
v -0.01622325 -0.01351885 0.00019145
v -0.01629164 -0.01351885 0.00037178
v -0.01640119 -0.01351885 0.00053050
v -0.01654555 -0.01351885 0.00065839
v -0.01671632 -0.01351885 0.00074801
v -0.01690357 -0.01351885 0.00079417
v -0.01709643 -0.01351885 0.00079417
v -0.01728368 -0.01351885 0.00074801
v -0.01745445 -0.01351885 0.00065839
v -0.01759881 -0.01351885 0.00053050
v -0.01770836 -0.01351885 0.00037178
v -0.01777675 -0.01351885 0.00019145
v 0.00000000 -0.01101885 0.01780000
v 0.00019145 -0.01101885 0.01777675
v 0.00037178 -0.01101885 0.01770836
v 0.00053050 -0.01101885 0.01759881
v 0.00065839 -0.01101885 0.01745445
v 0.00074801 -0.01101885 0.01728368
v 0.00079417 -0.01101885 0.01709643
v 0.00079417 -0.01101885 0.01690357
v 0.00074801 -0.01101885 0.01671632
v 0.00065839 -0.01101885 0.01654555
v 0.00053050 -0.01101885 0.01640119
v 0.00037178 -0.01101885 0.01629164
v 0.00019145 -0.01101885 0.01622325
v 0.00000000 -0.01101885 0.01620000
v 0.00000000 -0.01351885 0.01780000
v 0.00080000 -0.01351885 0.01700000
v 0.00077994 -0.01351885 0.01717802
v 0.00072078 -0.01351885 0.01734711
v 0.00062547 -0.01351885 0.01749879
v 0.00049879 -0.01351885 0.01762547
v 0.00034711 -0.01351885 0.01772078
v 0.00017802 -0.01351885 0.01777994
v 0.00000000 -0.01351885 0.01620000
v 0.00017802 -0.01351885 0.01622006
v 0.00034711 -0.01351885 0.01627922
v 0.00049879 -0.01351885 0.01637453
v 0.00062547 -0.01351885 0.01650121
v 0.00072078 -0.01351885 0.01665289
v 0.00077994 -0.01351885 0.01682198
v 0.01620000 -0.01101885 -0.00000000
v 0.01622325 -0.01101885 0.00019145
v 0.01629164 -0.01101885 0.00037178
v 0.01640119 -0.01101885 0.00053050
v 0.01654555 -0.01101885 0.00065839
v 0.01671632 -0.01101885 0.00074801
v 0.01690357 -0.01101885 0.00079417
v 0.01709643 -0.01101885 0.00079417
v 0.01728368 -0.01101885 0.00074801
v 0.01745445 -0.01101885 0.00065839
v 0.01759881 -0.01101885 0.00053050
v 0.01770836 -0.01101885 0.00037178
v 0.01777675 -0.01101885 0.00019145
v 0.01780000 -0.01101885 -0.00000000
v 0.01620000 -0.01351885 -0.00000000
v 0.01780000 -0.01351885 -0.00000000
v 0.01777675 -0.01351885 0.00019145
v 0.01770836 -0.01351885 0.00037178
v 0.01759881 -0.01351885 0.00053050
v 0.01745445 -0.01351885 0.00065839
v 0.01728368 -0.01351885 0.00074801
v 0.01709643 -0.01351885 0.00079417
v 0.01690357 -0.01351885 0.00079417
v 0.01671632 -0.01351885 0.00074801
v 0.01654555 -0.01351885 0.00065839
v 0.01640119 -0.01351885 0.00053050
v 0.01629164 -0.01351885 0.00037178
v 0.01622325 -0.01351885 0.00019145
v -0.01055058 -0.02455225 0.01914402
v -0.01065301 -0.02443977 0.01932987
v -0.01073954 -0.02427994 0.01948688
v -0.01080518 -0.02408197 0.01960598
v -0.01084614 -0.02385729 0.01968030
v -0.01086006 -0.02361885 0.01970556
v -0.01269503 -0.02361885 0.01857650
v -0.01441360 -0.02361885 0.01727710
v -0.01600000 -0.02361885 0.01581929
v -0.01600000 -0.02378064 0.01580027
v -0.01600000 -0.02393361 0.01574661
v -0.01600000 -0.02407354 0.01566337
v -0.01600000 -0.02419659 0.01555689
v -0.01600000 -0.02430212 0.01543317
v -0.01600000 -0.02441667 0.01524924
v -0.01600000 -0.02451212 0.01502636
v -0.01600000 -0.02459294 0.01469825
v -0.01600000 -0.02461885 0.01436141
v -0.01123774 -0.02461885 0.01832930
v -0.01376262 -0.02461885 0.01651788
v -0.01093143 -0.02459898 0.01874601
v -0.01494872 -0.02443936 0.01623862
v -0.01492576 -0.02448137 0.01617054
v -0.01422061 -0.02432595 0.01705666
v -0.01338741 -0.02432595 0.01771815
v -0.01207197 -0.02432595 0.01863929
v -0.01190557 -0.02424118 0.01883556
v -0.01600000 -0.02461885 -0.01436141
v -0.01376262 -0.02461885 -0.01651788
v -0.01123774 -0.02461885 -0.01832930
v -0.01600000 -0.02455578 -0.01487954
v -0.01600000 -0.02442219 -0.01523849
v -0.01600000 -0.02424531 -0.01550411
v -0.01600000 -0.02412997 -0.01561886
v -0.01600000 -0.02399682 -0.01571341
v -0.01600000 -0.02384447 -0.01578214
v -0.01600000 -0.02373343 -0.01580970
v -0.01600000 -0.02361885 -0.01581929
v -0.01441360 -0.02361885 -0.01727710
v -0.01269503 -0.02361885 -0.01857650
v -0.01086006 -0.02361885 -0.01970556
v -0.01084614 -0.02385729 -0.01968030
v -0.01080518 -0.02408197 -0.01960598
v -0.01073954 -0.02427994 -0.01948688
v -0.01065301 -0.02443977 -0.01932987
v -0.01055058 -0.02455225 -0.01914402
v -0.01093145 -0.02459898 -0.01874598
v -0.01190558 -0.02424119 -0.01883555
v -0.01207197 -0.02432595 -0.01863929
v -0.01338741 -0.02432595 -0.01771815
v -0.01422061 -0.02432595 -0.01705666
v -0.01493762 -0.02445884 -0.01620936
v -0.01491822 -0.02449725 -0.01613925
v -0.01476074 -0.02408056 -0.01683151
v -0.01554976 -0.02408056 -0.01610541
v -0.01476347 -0.02511885 0.00842852
v -0.01482147 -0.02511885 0.00832611
v -0.01487876 -0.02511885 0.00822329
v -0.01493534 -0.02511885 0.00812008
v -0.01509717 -0.02658001 0.00781546
v -0.01536921 -0.02795239 0.00726547
v -0.01571004 -0.02919664 0.00649574
v -0.01607718 -0.03028948 0.00552488
v -0.01642458 -0.03119695 0.00438551
v -0.01647281 -0.03140841 0.00420095
v -0.01598398 -0.03024281 0.00578900
v -0.01546441 -0.02875148 0.00706058
v -0.01502132 -0.02700053 0.00795991
v -0.01486580 -0.02607839 0.00824672
v -0.01700000 -0.01551885 0.00000000
v -0.01695696 -0.01560525 -0.00120893
v -0.01688705 -0.01574702 -0.00195589
v -0.01678600 -0.01595535 -0.00268888
v -0.01693259 -0.01570277 -0.00151242
v -0.01698294 -0.01563026 -0.00076133
v -0.01700000 -0.01562491 0.00000000
v -0.01723857 -0.02411885 -0.00882089
v -0.01723857 -0.02615303 -0.00857390
v -0.01723857 -0.02806899 -0.00784727
v -0.01723857 -0.02975539 -0.00668323
v -0.01723857 -0.03111421 -0.00514944
v -0.01723857 -0.03206648 -0.00333503
v -0.01723857 -0.03255687 -0.00134545
v -0.01723857 -0.03255687 0.00070367
v -0.01723857 -0.03206648 0.00269325
v -0.01723857 -0.03111421 0.00450766
v -0.01723857 -0.02975539 0.00604145
v -0.01723857 -0.02806899 0.00720549
v -0.01723857 -0.02615303 0.00793212
v -0.01723857 -0.02411885 0.00817911
v -0.01723857 -0.02208466 0.00793212
v -0.01723857 -0.02016870 0.00720549
v -0.01723857 -0.01848230 0.00604145
v -0.01723857 -0.01712348 0.00450766
v -0.01723857 -0.01617121 0.00269325
v -0.01723857 -0.01568082 0.00070367
v -0.01723857 -0.01568082 -0.00134545
v -0.01723857 -0.01617121 -0.00333503
v -0.01723857 -0.01712348 -0.00514944
v -0.01723857 -0.01848230 -0.00668323
v -0.01723857 -0.02016870 -0.00784727
v -0.01723857 -0.02208466 -0.00857390
v -0.01723857 -0.02411885 -0.00632089
v -0.01723857 -0.02555474 -0.00614654
v -0.01723857 -0.02690719 -0.00563363
v -0.01723857 -0.02809758 -0.00481196
v -0.01723857 -0.02905675 -0.00372928
v -0.01723857 -0.02972894 -0.00244852
v -0.01723857 -0.03007510 -0.00104411
v -0.01723857 -0.03007510 0.00040233
v -0.01723857 -0.02972894 0.00180674
v -0.01723857 -0.02905675 0.00308750
v -0.01723857 -0.02809758 0.00417017
v -0.01723857 -0.02690719 0.00499185
v -0.01723857 -0.02555474 0.00550476
v -0.01723857 -0.02411885 0.00567911
v -0.01723857 -0.02268295 0.00550476
v -0.01723857 -0.02133051 0.00499185
v -0.01723857 -0.02014011 0.00417017
v -0.01723857 -0.01918094 0.00308750
v -0.01723857 -0.01850875 0.00180674
v -0.01723857 -0.01816259 0.00040233
v -0.01723857 -0.01816259 -0.00104411
v -0.01723857 -0.01850875 -0.00244852
v -0.01723857 -0.01918094 -0.00372928
v -0.01723857 -0.02014011 -0.00481196
v -0.01723857 -0.02133051 -0.00563363
v -0.01723857 -0.02268295 -0.00614654
v 0.00270031 -0.01898088 -0.02723354
v 0.00745745 -0.01907563 -0.02633101
v 0.01169197 -0.01905465 -0.02473523
v 0.01581129 -0.01889878 -0.02230389
v 0.01579458 -0.01812686 -0.02238953
v 0.01580794 -0.01838510 -0.02237189
v 0.01581351 -0.01864263 -0.02234332
v 0.00271886 -0.01840835 -0.02726477
v 0.00733662 -0.01849801 -0.02639941
v 0.01174309 -0.01841566 -0.02475599
v -0.00329125 -0.01886726 -0.02716989
v -0.00029778 -0.01891917 -0.02736573
v 0.00270031 -0.01898088 -0.02723354
v 0.00271886 -0.01840835 -0.02726477
v -0.00328703 -0.01830699 -0.02720212
v -0.00028543 -0.01834894 -0.02739851
v -0.02591865 -0.01766916 0.00888726
v -0.02668060 -0.01601742 0.00623743
v -0.02721029 -0.01496694 0.00321881
v -0.02735141 -0.01469773 0.00163100
v -0.02740000 -0.01460595 0.00000000
v -0.02593922 -0.01784330 0.00875144
v -0.02591225 -0.01800887 0.00860635
v -0.02583905 -0.01815773 0.00845912
v -0.02572324 -0.01828255 0.00831700
v -0.02557051 -0.01837720 0.00818697
v -0.02538837 -0.01843702 0.00807544
v -0.02518578 -0.01845907 0.00798788
v -0.02497272 -0.01844226 0.00792862
v -0.02571064 -0.01690526 0.00554927
v -0.02621574 -0.01594287 0.00288258
v -0.02639778 -0.01560996 0.00031556
v -0.02631009 -0.01576954 -0.00201563
v -0.02599383 -0.01635840 -0.00427142
v -0.02554349 -0.01723825 -0.00617601
v -0.02498222 -0.01842123 -0.00790292
v -0.02519514 -0.01843784 -0.00796211
v -0.02539761 -0.01841557 -0.00804945
v -0.02557968 -0.01835553 -0.00816065
v -0.02573240 -0.01826066 -0.00829024
v -0.02584827 -0.01813562 -0.00843186
v -0.02592160 -0.01798656 -0.00857856
v -0.02594880 -0.01782079 -0.00872312
v -0.02592851 -0.01764645 -0.00885845
v -0.02724775 -0.01489512 -0.00288449
v -0.02681474 -0.01574490 -0.00563300
v -0.02640505 -0.01659280 -0.00731644
v -0.02643506 -0.01668136 0.00583950
v -0.02671768 -0.01609192 0.00445823
v -0.02692840 -0.01566601 0.00302663
v -0.02700520 -0.01551347 0.00228733
v -0.02709010 -0.01534634 0.00093480
v -0.02710657 -0.01531412 0.00016593
v -0.02708496 -0.01535636 -0.00106710
v -0.02699351 -0.01553660 -0.00241466
v -0.02685241 -0.01581837 -0.00361041
v -0.02663778 -0.01625631 -0.00489026
v -0.02642242 -0.01670823 -0.00589343
v -0.02622590 -0.01713288 -0.00667209
v -0.02612910 -0.01750738 -0.00780458
v -0.02591611 -0.01749393 -0.00690943
v -0.02564033 -0.01811182 -0.00778835
v -0.02573761 -0.01806573 -0.00785516
v -0.02630901 -0.01709895 -0.00712564
v 0.02740005 -0.01736321 -0.00000000
v 0.02740000 -0.00811885 0.00000000
v 0.02700972 -0.01733110 -0.00460808
v 0.02635215 -0.01734253 -0.00750459
v 0.02536258 -0.01737819 -0.01036820
v 0.02297611 -0.01752054 -0.01492844
v 0.01979689 -0.01778422 -0.01894315
v 0.01579458 -0.01812686 -0.02238953
v 0.00271886 -0.01840835 -0.02726477
v 0.00733662 -0.01849801 -0.02639941
v 0.01174309 -0.01841566 -0.02475599
v -0.00328703 -0.01830699 -0.02720212
v -0.00028543 -0.01834894 -0.02739851
v -0.00809922 -0.01828974 -0.02617561
v -0.01269621 -0.01828949 -0.02428098
v -0.01692347 -0.01814246 -0.02154892
v -0.02059258 -0.01791178 -0.01807500
v -0.02315283 -0.01777001 -0.01465294
v -0.02464555 -0.01770078 -0.01197344
v -0.02592851 -0.01764645 -0.00885845
v -0.02740000 -0.01460595 0.00000000
v -0.02724775 -0.01489512 -0.00288449
v -0.02681474 -0.01574490 -0.00563300
v -0.02640505 -0.01659280 -0.00731644
v -0.02740000 -0.00811885 0.00000000
v 0.02680124 -0.00811885 -0.00569678
v 0.02503115 -0.00811885 -0.01114458
v 0.02216707 -0.00811885 -0.01610532
v 0.01833418 -0.00811885 -0.02036217
v 0.01370000 -0.00811885 -0.02372910
v 0.00846707 -0.00811885 -0.02605895
v 0.00286408 -0.00811885 -0.02724990
v -0.00286408 -0.00811885 -0.02724990
v -0.00846707 -0.00811885 -0.02605895
v -0.01370000 -0.00811885 -0.02372910
v -0.01833418 -0.00811885 -0.02036217
v -0.02216707 -0.00811885 -0.01610532
v -0.02503115 -0.00811885 -0.01114458
v -0.02680124 -0.00811885 -0.00569678
v 0.01581129 -0.01889878 -0.02230389
v 0.01967153 -0.01874798 -0.01894043
v 0.02281372 -0.01865694 -0.01494000
v 0.02522630 -0.01862079 -0.01028686
v 0.02536258 -0.01737819 -0.01036820
v 0.02534939 -0.01779629 -0.01035418
v 0.02530385 -0.01821146 -0.01032700
v 0.02297611 -0.01752054 -0.01492844
v 0.01979689 -0.01778422 -0.01894315
v 0.01579458 -0.01812686 -0.02238953
v 0.01580794 -0.01838510 -0.02237189
v 0.01581351 -0.01864263 -0.02234332
v -0.00812768 -0.02454436 0.02031524
v -0.00900418 -0.02451404 0.02008509
v -0.00982267 -0.02451525 0.01968889
v -0.01055058 -0.02455225 0.01914402
v -0.01065301 -0.02443977 0.01932987
v -0.01073954 -0.02427994 0.01948688
v -0.01080518 -0.02408197 0.01960598
v -0.01084614 -0.02385729 0.01968030
v -0.01086006 -0.02361885 0.01970556
v -0.00837209 -0.02361981 0.02088440
v -0.00820595 -0.02442969 0.02050545
v -0.00827279 -0.02427011 0.02066520
v -0.00832451 -0.02407448 0.02078564
v -0.00835824 -0.02385362 0.02086008
v -0.00872472 -0.02415091 0.02058412
v -0.00913289 -0.02414046 0.02042453
v -0.01039115 -0.02415456 0.01978950
v -0.00802108 -0.02455274 0.02033262
v -0.00812768 -0.02454436 0.02031524
v -0.00820595 -0.02442969 0.02050545
v -0.00827279 -0.02427011 0.02066520
v -0.00832451 -0.02407448 0.02078564
v -0.00835824 -0.02385362 0.02086008
v -0.00837209 -0.02361981 0.02088440
v -0.00825684 -0.02361885 0.02093023
v -0.00809909 -0.02444039 0.02053037
v -0.00816501 -0.02428055 0.02069746
v -0.00821502 -0.02408245 0.02082423
v -0.00824623 -0.02385755 0.02090334
v -0.00648074 -0.02461885 0.02050000
v -0.00793872 -0.02456031 0.02034297
v 0.00648074 -0.02461885 0.02050000
v 0.00220585 -0.02461885 0.02138654
v -0.00220585 -0.02461885 0.02138654
v 0.00793872 -0.02456031 0.02034297
v 0.00802108 -0.02455274 0.02033262
v 0.00825684 -0.02361885 0.02093023
v 0.00824623 -0.02385755 0.02090334
v 0.00821502 -0.02408245 0.02082423
v 0.00816501 -0.02428055 0.02069746
v 0.00809909 -0.02444039 0.02053037
v 0.00420237 -0.02361885 0.02210408
v 0.00000000 -0.02361885 0.02250000
v -0.00420237 -0.02361885 0.02210408
v -0.00825684 -0.02361885 0.02093023
v -0.00802108 -0.02455274 0.02033262
v -0.00809909 -0.02444039 0.02053037
v -0.00816501 -0.02428055 0.02069746
v -0.00821502 -0.02408245 0.02082423
v -0.00824623 -0.02385755 0.02090334
v -0.00742829 -0.02432595 0.02092788
v -0.00739433 -0.02441463 0.02083221
v -0.00735956 -0.02448392 0.02073426
v -0.00640525 -0.02410789 0.02143574
v -0.00543495 -0.02432595 0.02153176
v -0.00435359 -0.02449111 0.02155375
v -0.00321739 -0.02432595 0.02197280
v -0.00216723 -0.02410789 0.02226704
v -0.00114146 -0.02432595 0.02217775
v 0.00000000 -0.02449111 0.02198904
v 0.00114146 -0.02432595 0.02217775
v 0.00216723 -0.02410789 0.02226704
v 0.00321739 -0.02432595 0.02197280
v 0.00435359 -0.02449111 0.02155375
v 0.00543495 -0.02432595 0.02153176
v 0.00640525 -0.02410789 0.02143574
v 0.00742829 -0.02432595 0.02092788
v 0.00739433 -0.02441463 0.02083221
v 0.00735956 -0.02448392 0.02073426
v -0.00646214 -0.02449111 0.02101806
v -0.00430409 -0.02410789 0.02195434
v -0.00219308 -0.02449111 0.02187940
v 0.00000000 -0.02410789 0.02237226
v 0.00219308 -0.02449111 0.02187940
v 0.00430409 -0.02410789 0.02195434
v 0.00646214 -0.02449111 0.02101806
v 0.01086006 -0.02361885 -0.01970556
v 0.00837209 -0.02361981 -0.02088440
v 0.00825684 -0.02361885 -0.02093023
v -0.00825684 -0.02361885 -0.02093023
v -0.00420237 -0.02361885 -0.02210408
v -0.00000000 -0.02361885 -0.02250000
v 0.00420237 -0.02361885 -0.02210408
v -0.00837209 -0.02361981 -0.02088440
v -0.01086006 -0.02361885 -0.01970556
v -0.01600000 -0.02361885 -0.01581929
v -0.01441360 -0.02361885 -0.01727710
v -0.01269503 -0.02361885 -0.01857650
v -0.01600000 -0.01451885 -0.01581929
v -0.01600000 -0.01451885 0.01581929
v -0.01206845 -0.01451885 0.01898954
v -0.00752884 -0.01451885 0.02120299
v -0.00260988 -0.01451885 0.02234812
v 0.00244058 -0.01451885 0.02236724
v 0.00736807 -0.01451885 0.02125939
v 0.01192432 -0.01451885 0.01908037
v 0.01587976 -0.01451885 0.01593999
v 0.01903509 -0.01451885 0.01199647
v 0.02123134 -0.01451885 0.00744851
v 0.02235784 -0.01451885 0.00252525
v 0.02235784 -0.01451885 -0.00252525
v 0.02123134 -0.01451885 -0.00744851
v 0.01903509 -0.01451885 -0.01199647
v 0.01587976 -0.01451885 -0.01593999
v 0.01192432 -0.01451885 -0.01908037
v 0.00736807 -0.01451885 -0.02125939
v 0.00244058 -0.01451885 -0.02236724
v -0.00260988 -0.01451885 -0.02234812
v -0.00752884 -0.01451885 -0.02120299
v -0.01206845 -0.01451885 -0.01898954
v -0.01600000 -0.02361885 0.01581929
v -0.01086006 -0.02361885 0.01970556
v -0.01269503 -0.02361885 0.01857650
v -0.01441360 -0.02361885 0.01727710
v -0.00837209 -0.02361981 0.02088440
v -0.00825684 -0.02361885 0.02093023
v 0.00825684 -0.02361885 0.02093023
v 0.00420237 -0.02361885 0.02210408
v 0.00000000 -0.02361885 0.02250000
v -0.00420237 -0.02361885 0.02210408
v 0.00837209 -0.02361981 0.02088440
v 0.01086006 -0.02361885 0.01970556
v 0.02250000 -0.02361885 0.00000000
v 0.02198953 -0.02361885 0.00476556
v 0.02048128 -0.02361885 0.00931489
v 0.01804369 -0.02361885 0.01344155
v 0.01478736 -0.02361885 0.01695830
v 0.01478736 -0.02361885 -0.01695830
v 0.01804369 -0.02361885 -0.01344155
v 0.02048128 -0.02361885 -0.00931489
v 0.02198953 -0.02361885 -0.00476556
v -0.01123774 -0.02461885 0.01832930
v -0.01376262 -0.02461885 0.01651788
v -0.01600000 -0.02461885 0.01436141
v -0.01150000 -0.02461885 0.01700000
v -0.01147053 -0.02461885 0.01745323
v -0.01138262 -0.02461885 0.01789883
v -0.01150000 -0.02461885 0.01428286
v -0.01154926 -0.02461885 0.01378900
v -0.01169511 -0.02461885 0.01331461
v -0.01193180 -0.02461885 0.01287838
v -0.01225000 -0.02461885 0.01249750
v -0.01547878 -0.02461885 0.00816439
v -0.01455397 -0.02461885 0.00971761
v -0.01347387 -0.02461885 0.01116713
v -0.01600000 -0.02461885 0.00816439
v -0.01225000 -0.02461885 0.01249750
v -0.01190000 -0.02511885 0.01214043
v -0.01150000 -0.02461885 0.01428286
v -0.01154926 -0.02461885 0.01378900
v -0.01169511 -0.02461885 0.01331461
v -0.01193180 -0.02461885 0.01287838
v -0.01100000 -0.02511885 0.01428286
v -0.01105912 -0.02511885 0.01369023
v -0.01123414 -0.02511885 0.01312096
v -0.01151816 -0.02511885 0.01259748
v -0.01123774 -0.02461885 -0.01832930
v -0.01138262 -0.02461885 -0.01789883
v -0.01147053 -0.02461885 -0.01745323
v -0.01150000 -0.02461885 -0.01700000
v -0.01600000 -0.02461885 -0.01436141
v -0.01376262 -0.02461885 -0.01651788
v -0.01600000 -0.02461885 -0.00880617
v -0.01512287 -0.02461885 -0.00880617
v -0.01225000 -0.02461885 -0.01249750
v -0.01331645 -0.02461885 -0.01135439
v -0.01427663 -0.02461885 -0.01012066
v -0.01193180 -0.02461885 -0.01287838
v -0.01169511 -0.02461885 -0.01331461
v -0.01154926 -0.02461885 -0.01378900
v -0.01150000 -0.02461885 -0.01428286
v -0.01100000 -0.02511885 -0.01428286
v -0.01150000 -0.02461885 -0.01428286
v -0.01225000 -0.02461885 -0.01249750
v -0.01193180 -0.02461885 -0.01287838
v -0.01169511 -0.02461885 -0.01331461
v -0.01154926 -0.02461885 -0.01378900
v -0.01190000 -0.02511885 -0.01214043
v -0.01151816 -0.02511885 -0.01259748
v -0.01123414 -0.02511885 -0.01312096
v -0.01105912 -0.02511885 -0.01369023
v -0.00812768 -0.02454436 -0.02031524
v -0.00802108 -0.02455274 -0.02033262
v -0.00809909 -0.02444039 -0.02053037
v -0.00816501 -0.02428055 -0.02069746
v -0.00821502 -0.02408245 -0.02082423
v -0.00824623 -0.02385755 -0.02090334
v -0.00825684 -0.02361885 -0.02093023
v -0.00837209 -0.02361981 -0.02088440
v -0.00820595 -0.02442969 -0.02050545
v -0.00827279 -0.02427011 -0.02066520
v -0.00832451 -0.02407448 -0.02078564
v -0.00835824 -0.02385362 -0.02086008
v -0.01055058 -0.02455225 -0.01914402
v -0.00982539 -0.02451529 -0.01968721
v -0.00900720 -0.02451401 -0.02008400
v -0.00812768 -0.02454436 -0.02031524
v -0.00820595 -0.02442969 -0.02050545
v -0.00827279 -0.02427011 -0.02066520
v -0.00832451 -0.02407448 -0.02078564
v -0.00835824 -0.02385362 -0.02086008
v -0.00837209 -0.02361981 -0.02088440
v -0.01086006 -0.02361885 -0.01970556
v -0.01084614 -0.02385729 -0.01968030
v -0.01080518 -0.02408197 -0.01960598
v -0.01073954 -0.02427994 -0.01948688
v -0.01065301 -0.02443977 -0.01932987
v -0.01039264 -0.02415463 -0.01978862
v -0.00913504 -0.02414042 -0.02042364
v -0.00872622 -0.02415086 -0.02058356
v -0.00648074 -0.02461885 -0.02050000
v -0.00220585 -0.02461885 -0.02138654
v 0.00220585 -0.02461885 -0.02138654
v 0.00648074 -0.02461885 -0.02050000
v 0.00812768 -0.02454436 -0.02031524
v 0.00900417 -0.02451405 -0.02008509
v 0.00982267 -0.02451524 -0.01968890
v 0.01055058 -0.02455225 -0.01914402
v 0.01065301 -0.02443977 -0.01932987
v 0.01073954 -0.02427994 -0.01948688
v 0.01080518 -0.02408197 -0.01960598
v 0.01084614 -0.02385729 -0.01968030
v 0.01086006 -0.02361885 -0.01970556
v 0.00837209 -0.02361981 -0.02088440
v 0.00820595 -0.02442969 -0.02050545
v 0.00827279 -0.02427011 -0.02066520
v 0.00832451 -0.02407448 -0.02078564
v 0.00835824 -0.02385362 -0.02086008
v 0.00872471 -0.02415091 -0.02058412
v 0.00913289 -0.02414046 -0.02042453
v 0.01039115 -0.02415456 -0.01978951
v 0.00802108 -0.02455274 -0.02033262
v 0.00812768 -0.02454436 -0.02031524
v 0.00820595 -0.02442969 -0.02050545
v 0.00827279 -0.02427011 -0.02066520
v 0.00832451 -0.02407448 -0.02078564
v 0.00835824 -0.02385362 -0.02086008
v 0.00837209 -0.02361981 -0.02088440
v 0.00825684 -0.02361885 -0.02093023
v 0.00809909 -0.02444039 -0.02053037
v 0.00816501 -0.02428055 -0.02069746
v 0.00821502 -0.02408245 -0.02082423
v 0.00824623 -0.02385755 -0.02090334
v 0.01150000 -0.02461885 -0.01700000
v 0.01150000 -0.02461885 -0.01428286
v 0.01154926 -0.02461885 -0.01378900
v 0.01169511 -0.02461885 -0.01331461
v 0.01193180 -0.02461885 -0.01287838
v 0.01225000 -0.02461885 -0.01249750
v 0.01225000 -0.02461885 0.01249750
v 0.01475079 -0.02461885 0.00941617
v 0.01649303 -0.02461885 0.00585063
v 0.01738715 -0.02461885 0.00198422
v 0.01738715 -0.02461885 -0.00198422
v 0.01649303 -0.02461885 -0.00585063
v 0.01475079 -0.02461885 -0.00941617
v 0.01193180 -0.02461885 0.01287838
v 0.01169511 -0.02461885 0.01331461
v 0.01154926 -0.02461885 0.01378900
v 0.01150000 -0.02461885 0.01428286
v 0.01150000 -0.02461885 0.01700000
v 0.01123774 -0.02461885 0.01832930
v 0.01138262 -0.02461885 0.01789883
v 0.01147053 -0.02461885 0.01745323
v 0.02150000 -0.02461885 0.00000000
v 0.02099058 -0.02461885 0.00465247
v 0.01942051 -0.02461885 0.00922463
v 0.01671997 -0.02461885 0.01351638
v 0.01414395 -0.02461885 0.01619255
v 0.01123774 -0.02461885 -0.01832930
v 0.01493783 -0.02461885 -0.01546323
v 0.01801505 -0.02461885 -0.01173490
v 0.02026235 -0.02461885 -0.00718939
v 0.02119740 -0.02461885 -0.00359446
v 0.01147053 -0.02461885 -0.01745323
v 0.01138262 -0.02461885 -0.01789883
v 0.01225000 -0.02461885 -0.01249750
v 0.01190000 -0.02511885 -0.01214043
v 0.01150000 -0.02461885 -0.01428286
v 0.01154926 -0.02461885 -0.01378900
v 0.01169511 -0.02461885 -0.01331461
v 0.01193180 -0.02461885 -0.01287838
v 0.01100000 -0.02511885 -0.01428286
v 0.01105912 -0.02511885 -0.01369023
v 0.01123414 -0.02511885 -0.01312096
v 0.01151816 -0.02511885 -0.01259748
v 0.01100000 -0.02511885 0.01428286
v 0.01150000 -0.02461885 0.01428286
v 0.01225000 -0.02461885 0.01249750
v 0.01193180 -0.02461885 0.01287838
v 0.01169511 -0.02461885 0.01331461
v 0.01154926 -0.02461885 0.01378900
v 0.01190000 -0.02511885 0.01214043
v 0.01151816 -0.02511885 0.01259748
v 0.01123414 -0.02511885 0.01312096
v 0.01105912 -0.02511885 0.01369023
v -0.01190000 -0.02511885 0.01214043
v -0.01296739 -0.02511885 0.01099303
v -0.01392460 -0.02511885 0.00975221
v -0.01476347 -0.02511885 0.00842852
v -0.01225000 -0.02461885 0.01249750
v -0.01547878 -0.02461885 0.00816439
v -0.01455397 -0.02461885 0.00971761
v -0.01347387 -0.02461885 0.01116713
v -0.01493534 -0.02511885 0.00812008
v -0.01482147 -0.02511885 0.00832611
v -0.01487876 -0.02511885 0.00822329
v -0.01600000 -0.01451885 0.01581929
v -0.01600000 -0.02361885 0.01581929
v -0.01600000 -0.01451885 0.00733212
v -0.01600000 -0.01511885 0.00574456
v -0.01600000 -0.01775386 0.00574456
v -0.01600000 -0.01816399 0.00574456
v -0.01600000 -0.01944538 0.00677902
v -0.01600000 -0.02090220 0.00754697
v -0.01600000 -0.02247976 0.00801958
v -0.01600000 -0.02411885 0.00817911
v -0.01600000 -0.02428560 0.00817747
v -0.01600000 -0.02445229 0.00817257
v -0.01600000 -0.02461885 0.00816439
v -0.01600000 -0.02461885 0.01436141
v -0.01600000 -0.02378064 0.01580027
v -0.01600000 -0.02393361 0.01574661
v -0.01600000 -0.02407354 0.01566337
v -0.01600000 -0.02419659 0.01555689
v -0.01600000 -0.02430212 0.01543317
v -0.01600000 -0.02441667 0.01524924
v -0.01600000 -0.02451212 0.01502636
v -0.01600000 -0.02459294 0.01469825
v -0.01600000 -0.01451885 -0.00733212
v -0.01688277 -0.01451885 -0.00497313
v -0.01741977 -0.01451885 -0.00251229
v -0.01760000 -0.01451885 0.00000000
v -0.01600000 -0.01511885 -0.00574456
v -0.01700000 -0.01511885 0.00000000
v -0.01688791 -0.01511885 -0.00194901
v -0.01655310 -0.01511885 -0.00387232
v -0.01600000 -0.02461885 -0.00880617
v -0.01600000 -0.02461885 -0.01436141
v -0.01600000 -0.02445229 -0.00881435
v -0.01600000 -0.02428560 -0.00881926
v -0.01600000 -0.02411885 -0.00882089
v -0.01600000 -0.02226639 -0.00861658
v -0.01600000 -0.02050299 -0.00801346
v -0.01600000 -0.01891342 -0.00704053
v -0.01600000 -0.01757409 -0.00574456
v -0.01600000 -0.01511885 -0.00574456
v -0.01600000 -0.01451885 -0.00733212
v -0.01600000 -0.01451885 -0.01581929
v -0.01600000 -0.02361885 -0.01581929
v -0.01600000 -0.02455578 -0.01487954
v -0.01600000 -0.02442219 -0.01523849
v -0.01600000 -0.02424531 -0.01550411
v -0.01600000 -0.02412997 -0.01561886
v -0.01600000 -0.02399682 -0.01571341
v -0.01600000 -0.02384447 -0.01578214
v -0.01600000 -0.02373343 -0.01580970
v -0.01311176 -0.02401885 0.00850000
v -0.01319280 -0.02255880 0.00837367
v -0.01341949 -0.02116155 0.00800534
v -0.01375527 -0.01986063 0.00741359
v -0.01415311 -0.01869039 0.00662250
v -0.01456650 -0.01767333 0.00565560
v -0.01495586 -0.01682443 0.00452660
v -0.01528147 -0.01616994 0.00326262
v -0.01551133 -0.01573130 0.00188850
v -0.01561959 -0.01553036 0.00044351
v -0.01559263 -0.01558012 -0.00101876
v -0.01543358 -0.01587768 -0.00244401
v -0.01516023 -0.01640865 -0.00378627
v -0.01480408 -0.01714552 -0.00500064
v -0.01439864 -0.01806883 -0.00607020
v -0.01398741 -0.01914753 -0.00696567
v -0.01360876 -0.02037463 -0.00767918
v -0.01331379 -0.02170805 -0.00817998
v -0.01316411 -0.02284616 -0.00841869
v -0.01311176 -0.02401885 -0.00850000
v -0.01472243 -0.02401885 -0.00850000
v -0.01678600 -0.01595535 -0.00268888
v -0.01639398 -0.01680658 -0.00449889
v -0.01588832 -0.01804485 -0.00604660
v -0.01537048 -0.01960277 -0.00726280
v -0.01495152 -0.02141157 -0.00809024
v -0.01478187 -0.02269456 -0.00839621
v -0.01700000 -0.01551885 0.00000000
v -0.01695696 -0.01560525 -0.00120893
v -0.01688705 -0.01574702 -0.00195589
v -0.01600000 -0.01775386 0.00574456
v -0.01650736 -0.01655272 0.00406288
v -0.01684205 -0.01583926 0.00231210
v -0.01695934 -0.01560045 0.00117504
v -0.01472243 -0.02401885 0.00850000
v -0.01482306 -0.02229457 0.00832327
v -0.01510215 -0.02065362 0.00780545
v -0.01549935 -0.01917324 0.00698357
v -0.01574799 -0.01842861 0.00640326
v -0.01723857 -0.02411885 0.00817911
v -0.01723857 -0.02208466 0.00793212
v -0.01723857 -0.02016870 0.00720549
v -0.01723857 -0.01848230 0.00604145
v -0.01723857 -0.01712348 0.00450766
v -0.01723857 -0.01617121 0.00269325
v -0.01723857 -0.01568082 0.00070367
v -0.01723857 -0.01568082 -0.00134545
v -0.01723857 -0.01617121 -0.00333503
v -0.01723857 -0.01712348 -0.00514944
v -0.01723857 -0.01848230 -0.00668323
v -0.01723857 -0.02016870 -0.00784727
v -0.01723857 -0.02208466 -0.00857390
v -0.01723857 -0.02411885 -0.00882089
v -0.01600000 -0.02411885 0.00817911
v -0.01600000 -0.01816399 0.00574456
v -0.01600000 -0.01944538 0.00677902
v -0.01600000 -0.02090220 0.00754697
v -0.01600000 -0.02247976 0.00801958
v -0.01700000 -0.01562491 0.00000000
v -0.01691153 -0.01587049 0.00173199
v -0.01666235 -0.01646263 0.00337138
v -0.01635673 -0.01721112 0.00463222
v -0.01678600 -0.01595535 -0.00268888
v -0.01693259 -0.01570277 -0.00151242
v -0.01698294 -0.01563026 -0.00076133
v -0.01600000 -0.01757409 -0.00574456
v -0.01639837 -0.01670733 -0.00448260
v -0.01661111 -0.01628326 -0.00361537
v -0.01600000 -0.02411885 -0.00882089
v -0.01600000 -0.02226639 -0.00861658
v -0.01600000 -0.02050299 -0.00801346
v -0.01600000 -0.01891342 -0.00704053
v -0.01190000 -0.02511885 -0.01214043
v -0.01225000 -0.02461885 -0.01249750
v -0.01456811 -0.02511885 -0.00876186
v -0.01377524 -0.02511885 -0.00996207
v -0.01288374 -0.02511885 -0.01109095
v -0.01512287 -0.02461885 -0.00880617
v -0.01331645 -0.02461885 -0.01135439
v -0.01427663 -0.02461885 -0.01012066
v -0.01600000 -0.01451885 0.00733212
v -0.01600000 -0.01451885 0.01581929
v -0.01760000 -0.01451885 0.00000000
v -0.01741977 -0.01451885 0.00251229
v -0.01688277 -0.01451885 0.00497313
v -0.01600000 -0.01451885 -0.00733212
v -0.01688277 -0.01451885 -0.00497313
v -0.01741977 -0.01451885 -0.00251229
v -0.01600000 -0.01451885 -0.01581929
v -0.01206845 -0.01451885 0.01898954
v -0.00752884 -0.01451885 0.02120299
v -0.00260988 -0.01451885 0.02234812
v 0.00244058 -0.01451885 0.02236724
v 0.00736807 -0.01451885 0.02125939
v 0.01192432 -0.01451885 0.01908037
v 0.01587976 -0.01451885 0.01593999
v 0.01903509 -0.01451885 0.01199647
v 0.02123134 -0.01451885 0.00744851
v 0.02235784 -0.01451885 0.00252525
v 0.02235784 -0.01451885 -0.00252525
v 0.02123134 -0.01451885 -0.00744851
v 0.01903509 -0.01451885 -0.01199647
v 0.01587976 -0.01451885 -0.01593999
v 0.01192432 -0.01451885 -0.01908037
v 0.00736807 -0.01451885 -0.02125939
v 0.00244058 -0.01451885 -0.02236724
v -0.00260988 -0.01451885 -0.02234812
v -0.00752884 -0.01451885 -0.02120299
v -0.01206845 -0.01451885 -0.01898954
v 0.00000000 -0.01451885 -0.01700000
v -0.00406837 -0.01451885 -0.01650601
v -0.00790029 -0.01451885 -0.01505275
v -0.01127309 -0.01451885 -0.01272468
v -0.01399073 -0.01451885 -0.00965710
v -0.01589528 -0.01451885 -0.00602828
v -0.01687605 -0.01451885 -0.00204912
v -0.01687605 -0.01451885 0.00204912
v -0.01589528 -0.01451885 0.00602828
v -0.01399073 -0.01451885 0.00965710
v -0.01127309 -0.01451885 0.01272468
v -0.00790029 -0.01451885 0.01505275
v -0.00406837 -0.01451885 0.01650601
v 0.00000000 -0.01451885 0.01700000
v 0.00406837 -0.01451885 0.01650601
v 0.00790029 -0.01451885 0.01505275
v 0.01127309 -0.01451885 0.01272468
v 0.01399073 -0.01451885 0.00965710
v 0.01589528 -0.01451885 0.00602828
v 0.01687605 -0.01451885 0.00204912
v 0.01687605 -0.01451885 -0.00204912
v 0.01589528 -0.01451885 -0.00602828
v 0.01399073 -0.01451885 -0.00965710
v 0.01127309 -0.01451885 -0.01272468
v 0.00790029 -0.01451885 -0.01505275
v 0.00406837 -0.01451885 -0.01650601
v 0.01225000 -0.02461885 -0.01249750
v 0.01190000 -0.02511885 -0.01214043
v 0.01225000 -0.02461885 0.01249750
v 0.01475079 -0.02461885 0.00941617
v 0.01649303 -0.02461885 0.00585063
v 0.01738715 -0.02461885 0.00198422
v 0.01738715 -0.02461885 -0.00198422
v 0.01649303 -0.02461885 -0.00585063
v 0.01475079 -0.02461885 -0.00941617
v 0.01190000 -0.02511885 0.01214043
v 0.01432934 -0.02511885 -0.00914714
v 0.01602180 -0.02511885 -0.00568347
v 0.01689037 -0.02511885 -0.00192753
v 0.01689037 -0.02511885 0.00192753
v 0.01602180 -0.02511885 0.00568347
v 0.01432934 -0.02511885 0.00914714
v 0.00270031 -0.01898088 -0.02723354
v 0.00745745 -0.01907563 -0.02633101
v 0.01169197 -0.01905465 -0.02473523
v 0.01581129 -0.01889878 -0.02230389
v 0.01541584 -0.02174993 -0.02170425
v 0.01155783 -0.02181730 -0.02419090
v 0.00725792 -0.02189227 -0.02586841
v 0.00270098 -0.02197186 -0.02668369
v -0.02058522 -0.01851447 -0.01802797
v -0.01697711 -0.01865376 -0.02147285
v -0.01282119 -0.01877515 -0.02418828
v -0.00821902 -0.01881478 -0.02610932
v -0.00329125 -0.01886726 -0.02716989
v -0.00328703 -0.01830699 -0.02720212
v -0.00809922 -0.01828974 -0.02617561
v -0.01269621 -0.01828949 -0.02428098
v -0.01692347 -0.01814246 -0.02154892
v -0.02059258 -0.01791178 -0.01807500
v -0.02059379 -0.01831411 -0.01804898
v -0.02059625 -0.01811311 -0.01806466
v -0.00329125 -0.01886726 -0.02716989
v -0.00029778 -0.01891917 -0.02736573
v 0.00270031 -0.01898088 -0.02723354
v 0.00270098 -0.02197186 -0.02668369
v -0.00316302 -0.02207422 -0.02658031
v -0.00023467 -0.02202311 -0.02678812
v -0.02254691 -0.01847996 0.01550383
v -0.02256055 -0.01787309 0.01554933
v -0.02425063 -0.01843906 0.01265453
v -0.02560583 -0.01842274 0.00959647
v -0.02591865 -0.01766916 0.00888726
v -0.02446713 -0.01775023 0.01233367
v -0.02560583 -0.01842274 0.00959647
v -0.02462982 -0.02008510 0.01102004
v -0.02386413 -0.02122100 0.01177415
v -0.02298038 -0.02242019 0.01241562
v -0.02216913 -0.02243416 0.01113916
v -0.02236267 -0.02254175 0.01122580
v -0.02247268 -0.02259085 0.01129870
v -0.02258030 -0.02262880 0.01138984
v -0.02268272 -0.02265360 0.01149877
v -0.02277461 -0.02266320 0.01162139
v -0.02285125 -0.02265655 0.01175245
v -0.02291106 -0.02263497 0.01188692
v -0.02295403 -0.02259996 0.01202185
v -0.02297949 -0.02255329 0.01215274
v -0.02298881 -0.02249049 0.01229047
v -0.02342289 -0.02086167 0.01018677
v -0.02410528 -0.01990216 0.00943117
v -0.02467873 -0.01900315 0.00856673
v -0.02560751 -0.01859954 0.00943096
v -0.02555469 -0.01875730 0.00925494
v -0.02545049 -0.01888677 0.00907876
v -0.02530102 -0.01898034 0.00891274
v -0.02511505 -0.01903253 0.00876663
v -0.02490348 -0.01904029 0.00864899
v -0.02336444 -0.02205376 0.01160871
v -0.02338843 -0.02203319 0.01167647
v -0.02387081 -0.02125156 0.01086315
v -0.02424735 -0.02072174 0.01050770
v -0.02460148 -0.02019935 0.01011864
v -0.02481474 -0.01949923 0.00921041
v -0.02491015 -0.01948723 0.00928152
v -0.02281980 -0.02235856 0.01126784
v -0.02539675 -0.01903496 0.00946264
v -0.01923857 -0.02966277 -0.01139413
v -0.01923857 -0.02681484 -0.01142729
v -0.01923857 -0.02411217 -0.01078423
v -0.01923857 -0.02177434 -0.00960003
v -0.01923857 -0.01973240 -0.00788248
v -0.01923857 -0.01815279 -0.00576060
v -0.01923857 -0.01712642 -0.00342050
v -0.01923857 -0.01665454 -0.00105595
v -0.01923857 -0.01666798 0.00119278
v -0.01923857 -0.01714705 0.00348602
v -0.01923857 -0.01816109 0.00577491
v -0.01923857 -0.01972419 0.00787375
v -0.01923857 -0.02176381 0.00959308
v -0.01923857 -0.02412598 0.01078934
v -0.01923857 -0.02661205 0.01140255
v -0.01923857 -0.02872947 0.01148308
v -0.01923857 -0.03069513 0.01120474
v -0.01923857 -0.03241276 -0.00725513
v -0.01923857 -0.03402665 -0.00314097
v -0.01923857 -0.03455022 0.00042554
v -0.01923857 -0.03428884 0.00364302
v -0.01923857 -0.03333954 0.00674932
v -0.01923857 -0.03216896 0.00905670
v -0.01923857 -0.02411885 0.00667911
v -0.01923857 -0.02579406 0.00647570
v -0.01923857 -0.02737191 0.00587730
v -0.01923857 -0.02876071 0.00491868
v -0.01923857 -0.02987973 0.00365556
v -0.01923857 -0.03066396 0.00216134
v -0.01923857 -0.03106781 0.00052287
v -0.01923857 -0.03106781 -0.00116465
v -0.01923857 -0.03066396 -0.00280312
v -0.01923857 -0.02987973 -0.00429734
v -0.01923857 -0.02876071 -0.00556047
v -0.01923857 -0.02737191 -0.00651908
v -0.01923857 -0.02579406 -0.00711748
v -0.01923857 -0.02411885 -0.00732089
v -0.01923857 -0.02244364 -0.00711748
v -0.01923857 -0.02086578 -0.00651908
v -0.01923857 -0.01947699 -0.00556047
v -0.01923857 -0.01835796 -0.00429734
v -0.01923857 -0.01757373 -0.00280312
v -0.01923857 -0.01716988 -0.00116465
v -0.01923857 -0.01716988 0.00052287
v -0.01923857 -0.01757373 0.00216134
v -0.01923857 -0.01835796 0.00365556
v -0.01923857 -0.01947699 0.00491868
v -0.01923857 -0.02086578 0.00587730
v -0.01923857 -0.02244364 0.00647570
v -0.02023857 -0.02465380 -0.01201385
v -0.01981778 -0.02597840 -0.01222339
v -0.01949980 -0.02738344 -0.01215250
v -0.01931836 -0.02856629 -0.01188253
v -0.01925937 -0.02917023 -0.01165445
v -0.01923857 -0.02966277 -0.01139413
v -0.02023857 -0.02192650 -0.01086574
v -0.02023857 -0.01954550 -0.00910871
v -0.02023857 -0.01764423 -0.00684122
v -0.02023857 -0.01632924 -0.00419035
v -0.02023857 -0.01567423 -0.00130465
v -0.02023857 -0.01571589 0.00165417
v -0.02023857 -0.01645190 0.00452028
v -0.02023857 -0.01784101 0.00713308
v -0.02023857 -0.01980537 0.00934613
v -0.02023857 -0.02223489 0.01103543
v -0.02023857 -0.02499344 0.01210629
v -0.01923857 -0.03069513 0.01120474
v -0.01929715 -0.02967392 0.01173293
v -0.01944537 -0.02845302 0.01210405
v -0.01964208 -0.02730605 0.01227659
v -0.01989203 -0.02618722 0.01228914
v -0.02006436 -0.02555293 0.01222084
v -0.01923857 -0.02681484 -0.01142729
v -0.01923857 -0.02411217 -0.01078423
v -0.01923857 -0.02177434 -0.00960003
v -0.01923857 -0.01973240 -0.00788248
v -0.01923857 -0.01815279 -0.00576060
v -0.01923857 -0.01712642 -0.00342050
v -0.01923857 -0.01665454 -0.00105595
v -0.01923857 -0.01666798 0.00119278
v -0.01923857 -0.01714705 0.00348602
v -0.01923857 -0.01816109 0.00577491
v -0.01923857 -0.01972419 0.00787375
v -0.01923857 -0.02176381 0.00959308
v -0.01923857 -0.02412598 0.01078934
v -0.01923857 -0.02661205 0.01140255
v -0.01923857 -0.02872947 0.01148308
v -0.01938586 -0.02640116 -0.01190090
v -0.01938586 -0.02498606 -0.01161051
v -0.01953146 -0.02429968 -0.01159852
v -0.01974952 -0.02348195 -0.01147569
v -0.01953146 -0.02295737 -0.01106822
v -0.01953146 -0.02172520 -0.01040670
v -0.01974952 -0.02093803 -0.01008433
v -0.01953146 -0.02053888 -0.00957877
v -0.01953146 -0.01947765 -0.00863515
v -0.01974952 -0.01877638 -0.00812600
v -0.01953146 -0.01851376 -0.00755005
v -0.01953146 -0.01771088 -0.00639968
v -0.01974952 -0.01713691 -0.00572302
v -0.01953146 -0.01702231 -0.00511529
v -0.01953146 -0.01652575 -0.00386164
v -0.01974952 -0.01611147 -0.00303399
v -0.01953146 -0.01614625 -0.00244518
v -0.01953146 -0.01595772 -0.00119740
v -0.01953146 -0.01589886 0.00001561
v -0.01974952 -0.01574612 0.00055442
v -0.01953146 -0.01598412 0.00144034
v -0.01953146 -0.01619020 0.00265110
v -0.01974952 -0.01617679 0.00328144
v -0.01953146 -0.01659296 0.00405763
v -0.01953146 -0.01709982 0.00528000
v -0.01974952 -0.01724849 0.00593198
v -0.01953146 -0.01780608 0.00655180
v -0.01953146 -0.01861699 0.00767938
v -0.01953146 -0.01959505 0.00875088
v -0.01953146 -0.02066789 0.00967929
v -0.01953146 -0.02186669 0.01049214
v -0.01953146 -0.02311820 0.01114162
v -0.01953146 -0.02447167 0.01165356
v -0.01946494 -0.02476235 0.01166386
v -0.01946494 -0.02607782 0.01196294
v -0.01940817 -0.02639292 0.01193486
v -0.01976641 -0.02478967 -0.01192913
v -0.01936631 -0.02378353 -0.01118274
v -0.01936631 -0.02133163 -0.00989170
v -0.01936631 -0.01921909 -0.00804741
v -0.01936631 -0.01760035 -0.00577662
v -0.01936631 -0.01656665 -0.00325294
v -0.01936631 -0.01614987 0.00088835
v -0.01936631 -0.01661118 0.00340695
v -0.01936631 -0.01766049 0.00588468
v -0.02498222 -0.01842123 -0.00790292
v -0.02467477 -0.01900281 -0.00856637
v -0.02497272 -0.01844226 0.00792862
v -0.02571064 -0.01690526 0.00554927
v -0.02621574 -0.01594287 0.00288258
v -0.02639778 -0.01560996 0.00031556
v -0.02631009 -0.01576954 -0.00201563
v -0.02599383 -0.01635840 -0.00427142
v -0.02554349 -0.01723825 -0.00617601
v -0.02467873 -0.01900315 0.00856673
v -0.02216913 -0.02243416 0.01113916
v -0.02342289 -0.02086167 0.01018677
v -0.02410528 -0.01990216 0.00943117
v -0.02023857 -0.02499344 0.01210629
v -0.02023857 -0.02465380 -0.01201385
v -0.02023857 -0.02192650 -0.01086574
v -0.02023857 -0.01954550 -0.00910871
v -0.02023857 -0.01764423 -0.00684122
v -0.02023857 -0.01632924 -0.00419035
v -0.02023857 -0.01567423 -0.00130465
v -0.02023857 -0.01571589 0.00165417
v -0.02023857 -0.01645190 0.00452028
v -0.02023857 -0.01784101 0.00713308
v -0.02023857 -0.01980537 0.00934613
v -0.02023857 -0.02223489 0.01103543
v -0.02208477 -0.02241001 -0.01112682
v -0.02398324 -0.02005285 -0.00955977
v -0.02311991 -0.02119482 -0.01041525
v -0.02467477 -0.01900281 -0.00856637
v -0.02398324 -0.02005285 -0.00955977
v -0.02311991 -0.02119482 -0.01041525
v -0.02208477 -0.02241001 -0.01112682
v -0.02288061 -0.02241819 -0.01240617
v -0.02288370 -0.02252811 -0.01219651
v -0.02286454 -0.02257838 -0.01206714
v -0.02282828 -0.02261736 -0.01193200
v -0.02277417 -0.02264306 -0.01179371
v -0.02270363 -0.02265338 -0.01165874
v -0.02261933 -0.02264725 -0.01153351
v -0.02252504 -0.02262599 -0.01142157
v -0.02242332 -0.02259107 -0.01132421
v -0.02231784 -0.02254425 -0.01124397
v -0.02219948 -0.02248102 -0.01117483
v -0.02432791 -0.02049925 -0.01130232
v -0.02503475 -0.01941473 -0.01048756
v -0.02560070 -0.01842868 -0.00959631
v -0.02489854 -0.01904062 -0.00864912
v -0.02510925 -0.01903373 -0.00876704
v -0.02529461 -0.01898254 -0.00891323
v -0.02544380 -0.01889005 -0.00907918
v -0.02554812 -0.01876163 -0.00925519
v -0.02560147 -0.01860480 -0.00943099
v -0.02473213 -0.01997170 -0.00993277
v -0.02438946 -0.02047355 -0.01032404
v -0.02393744 -0.02109732 -0.01075953
v -0.02306091 -0.02198215 -0.01107867
v -0.02382937 -0.02135745 -0.01122833
v -0.02310186 -0.02228349 -0.01174534
v -0.02353271 -0.02138469 -0.01071781
v -0.02058522 -0.01851447 -0.01802797
v -0.02059379 -0.01831411 -0.01804898
v -0.02059625 -0.01811311 -0.01806466
v -0.02059258 -0.01791178 -0.01807500
v -0.02315283 -0.01777001 -0.01465294
v -0.02464555 -0.01770078 -0.01197344
v -0.02592851 -0.01764645 -0.00885845
v -0.02560070 -0.01842868 -0.00959631
v -0.02365554 -0.01844448 -0.01372850
v -0.02229452 -0.01846939 -0.01585372
v -0.02256055 -0.01787309 0.01554933
v -0.01904328 -0.01818533 0.01970060
v -0.01459604 -0.01865636 0.02318870
v -0.01061111 -0.01888626 0.02526192
v -0.00713979 -0.01890625 0.02645342
v -0.00335195 -0.01890686 0.02719420
v -0.00335284 -0.01930932 0.02717774
v -0.00335299 -0.01917533 0.02718680
v -0.00335269 -0.01904114 0.02719229
v -0.00713352 -0.01928019 0.02644063
v -0.01108224 -0.01922337 0.02504552
v -0.01441143 -0.01904092 0.02328807
v -0.01775380 -0.01876565 0.02084473
v -0.02028614 -0.01858032 0.01837772
v -0.02254691 -0.01847996 0.01550383
v 0.00010212 -0.01895116 0.02739981
v 0.00319937 -0.01903971 0.02721257
v 0.00317862 -0.01946045 0.02719712
v 0.00009163 -0.01936873 0.02738237
v 0.00009864 -0.01909050 0.02739788
v 0.00009513 -0.01922972 0.02739207
v -0.00335195 -0.01890686 0.02719420
v 0.00010212 -0.01895116 0.02739981
v 0.00009864 -0.01909050 0.02739788
v 0.00009513 -0.01922972 0.02739207
v 0.00009163 -0.01936873 0.02738237
v -0.00335284 -0.01930932 0.02717774
v -0.00335299 -0.01917533 0.02718680
v -0.00335269 -0.01904114 0.02719229
v 0.00319937 -0.01903971 0.02721257
v 0.00778281 -0.01944218 0.02627143
v 0.01217029 -0.02025431 0.02454881
v 0.01382766 -0.02021372 0.02365493
v 0.01645584 -0.01951121 0.02190812
v 0.01881409 -0.01883109 0.01991959
v 0.01888532 -0.01943050 0.01980023
v 0.01502359 -0.02035830 0.02289466
v 0.01287754 -0.02061578 0.02417325
v 0.00945444 -0.02012010 0.02570296
v 0.00640265 -0.01966761 0.02662422
v 0.00317862 -0.01946045 0.02719712
v 0.02740005 -0.01736321 -0.00000000
v 0.02700972 -0.01733110 -0.00460808
v 0.02635215 -0.01734253 -0.00750459
v 0.02536258 -0.01737819 -0.01036820
v 0.02534939 -0.01779629 -0.01035418
v 0.02530385 -0.01821146 -0.01032700
v 0.02522630 -0.01862079 -0.01028686
v 0.02649434 -0.01861389 -0.00630320
v 0.02713148 -0.01861580 -0.00236328
v 0.02719252 -0.01862538 0.00169715
v 0.02665580 -0.01865299 0.00573071
v 0.02539480 -0.01871785 0.00999761
v 0.02310751 -0.01887711 0.01458393
v 0.02114613 -0.01907819 0.01733745
v 0.01888532 -0.01943050 0.01980023
v 0.01881409 -0.01883109 0.01991959
v 0.02225338 -0.01815230 0.01598584
v 0.02488897 -0.01776573 0.01145859
v 0.02661082 -0.01752461 0.00652873
v 0.02720173 -0.01742607 0.00328944
v 0.01581129 -0.01889878 -0.02230389
v 0.01967153 -0.01874798 -0.01894043
v 0.02281372 -0.01865694 -0.01494000
v 0.02522630 -0.01862079 -0.01028686
v 0.02408030 -0.02159869 -0.00979929
v 0.02476420 -0.02011319 -0.01008632
v 0.02191100 -0.02163656 -0.01422722
v 0.01903625 -0.02168671 -0.01823385
v 0.01541584 -0.02174993 -0.02170425
v -0.01026044 -0.02501895 0.01897241
v -0.00978866 -0.02495440 0.01940846
v -0.00923040 -0.02493758 0.01973609
v -0.00871004 -0.02495474 0.01991476
v -0.00816416 -0.02500663 0.01999550
v -0.00812768 -0.02454436 0.02031524
v -0.00900418 -0.02451404 0.02008509
v -0.00982267 -0.02451525 0.01968889
v -0.01055058 -0.02455225 0.01914402
v -0.00816416 -0.02500663 0.01999550
v -0.00807431 -0.02501968 0.01999908
v -0.00802108 -0.02455274 0.02033262
v -0.00812768 -0.02454436 0.02031524
v -0.01100000 -0.02511885 0.01700000
v -0.01150000 -0.02461885 0.01700000
v -0.01097474 -0.02511885 0.01738849
v -0.01089939 -0.02511885 0.01777043
v -0.01077521 -0.02511885 0.01813940
v -0.01123774 -0.02461885 0.01832930
v -0.01147053 -0.02461885 0.01745323
v -0.01138262 -0.02461885 0.01789883
v -0.01077521 -0.02511885 0.01813940
v -0.01063367 -0.02510399 0.01843655
v -0.01046140 -0.02506706 0.01871505
v -0.01026044 -0.02501895 0.01897241
v -0.01055058 -0.02455225 0.01914402
v -0.01093143 -0.02459898 0.01874601
v -0.01123774 -0.02461885 0.01832930
v -0.00807431 -0.02501968 0.01999908
v -0.00800000 -0.02503104 0.02000000
v -0.00793872 -0.02456031 0.02034297
v -0.00802108 -0.02455274 0.02033262
v 0.00648074 -0.02461885 0.02050000
v 0.00220585 -0.02461885 0.02138654
v -0.00220585 -0.02461885 0.02138654
v -0.00648074 -0.02461885 0.02050000
v 0.01055058 -0.02455225 0.01914402
v 0.00982539 -0.02451529 0.01968721
v 0.00900720 -0.02451401 0.02008400
v 0.00812768 -0.02454436 0.02031524
v 0.00837209 -0.02361981 0.02088440
v 0.00835824 -0.02385362 0.02086008
v 0.00832451 -0.02407448 0.02078564
v 0.00827279 -0.02427011 0.02066520
v 0.00820595 -0.02442969 0.02050545
v 0.01086006 -0.02361885 0.01970556
v 0.01065301 -0.02443977 0.01932987
v 0.01073954 -0.02427994 0.01948688
v 0.01080518 -0.02408197 0.01960598
v 0.01084614 -0.02385729 0.01968030
v 0.01039264 -0.02415463 0.01978862
v 0.00913504 -0.02414042 0.02042364
v 0.00872622 -0.02415086 0.02058356
v 0.00812768 -0.02454436 0.02031524
v 0.00802108 -0.02455274 0.02033262
v 0.00825684 -0.02361885 0.02093023
v 0.00824623 -0.02385755 0.02090334
v 0.00821502 -0.02408245 0.02082423
v 0.00816501 -0.02428055 0.02069746
v 0.00809909 -0.02444039 0.02053037
v 0.00837209 -0.02361981 0.02088440
v 0.00835824 -0.02385362 0.02086008
v 0.00832451 -0.02407448 0.02078564
v 0.00827279 -0.02427011 0.02066520
v 0.00820595 -0.02442969 0.02050545
v 0.01150000 -0.02461885 0.01700000
v 0.01100000 -0.02511885 0.01700000
v 0.01150000 -0.02461885 0.01428286
v 0.01100000 -0.02511885 0.01428286
v -0.01150000 -0.02461885 0.01428286
v -0.01100000 -0.02511885 0.01428286
v -0.01150000 -0.02461885 0.01700000
v -0.01100000 -0.02511885 0.01700000
v -0.01190000 -0.03751885 0.01214043
v -0.01190000 -0.03761885 0.01214043
v -0.01190000 -0.02511885 0.01214043
v -0.01100000 -0.02511885 0.01428286
v -0.01105912 -0.02511885 0.01369023
v -0.01123414 -0.02511885 0.01312096
v -0.01151816 -0.02511885 0.01259748
v -0.01100000 -0.03761885 0.01428286
v -0.01105912 -0.03761885 0.01369023
v -0.01123414 -0.03761885 0.01312096
v -0.01151816 -0.03761885 0.01259748
v -0.01150000 -0.02461885 -0.01700000
v -0.01100000 -0.02511885 -0.01700000
v -0.01150000 -0.02461885 -0.01428286
v -0.01100000 -0.02511885 -0.01428286
v -0.01190000 -0.03761885 -0.01214043
v -0.01151816 -0.03761885 -0.01259748
v -0.01123414 -0.03761885 -0.01312096
v -0.01105912 -0.03761885 -0.01369023
v -0.01100000 -0.03761885 -0.01428286
v -0.01100000 -0.02511885 -0.01428286
v -0.01190000 -0.02511885 -0.01214043
v -0.01151816 -0.02511885 -0.01259748
v -0.01123414 -0.02511885 -0.01312096
v -0.01105912 -0.02511885 -0.01369023
v -0.01190000 -0.03751885 -0.01214043
v -0.00800000 -0.02503104 -0.02000000
v -0.00807431 -0.02501968 -0.01999908
v -0.00802108 -0.02455274 -0.02033262
v -0.00793872 -0.02456031 -0.02034297
v -0.00807431 -0.02501968 -0.01999908
v -0.00816416 -0.02500663 -0.01999550
v -0.00812768 -0.02454436 -0.02031524
v -0.00802108 -0.02455274 -0.02033262
v -0.00816416 -0.02500663 -0.01999550
v -0.00879890 -0.02494979 -0.01989166
v -0.00940074 -0.02493834 -0.01965292
v -0.00986130 -0.02496019 -0.01935278
v -0.01026044 -0.02501895 -0.01897241
v -0.01055058 -0.02455225 -0.01914402
v -0.00982539 -0.02451529 -0.01968721
v -0.00900720 -0.02451401 -0.02008400
v -0.00812768 -0.02454436 -0.02031524
v -0.01026044 -0.02501895 -0.01897241
v -0.01052212 -0.02508115 -0.01862444
v -0.01065945 -0.02510829 -0.01838825
v -0.01077521 -0.02511885 -0.01813940
v -0.01123774 -0.02461885 -0.01832930
v -0.01093145 -0.02459898 -0.01874598
v -0.01055058 -0.02455225 -0.01914402
v -0.01077521 -0.02511885 -0.01813940
v -0.01123774 -0.02461885 -0.01832930
v -0.01089939 -0.02511885 -0.01777043
v -0.01097474 -0.02511885 -0.01738849
v -0.01100000 -0.02511885 -0.01700000
v -0.01150000 -0.02461885 -0.01700000
v -0.01138262 -0.02461885 -0.01789883
v -0.01147053 -0.02461885 -0.01745323
v 0.00800000 -0.02503104 -0.02000000
v 0.00648074 -0.02511885 -0.02000000
v 0.00648074 -0.02461885 -0.02050000
v 0.00793872 -0.02456031 -0.02034297
v 0.00648074 -0.02461885 -0.02050000
v 0.00648074 -0.02511885 -0.02000000
v -0.00648074 -0.02461885 -0.02050000
v -0.00648074 -0.02511885 -0.02000000
v -0.00648074 -0.02511885 -0.02000000
v -0.00800000 -0.02503104 -0.02000000
v -0.00793872 -0.02456031 -0.02034297
v -0.00648074 -0.02461885 -0.02050000
v 0.01100000 -0.02511885 -0.01700000
v 0.01150000 -0.02461885 -0.01700000
v 0.01097474 -0.02511885 -0.01738849
v 0.01089939 -0.02511885 -0.01777043
v 0.01077521 -0.02511885 -0.01813940
v 0.01123774 -0.02461885 -0.01832930
v 0.01147053 -0.02461885 -0.01745323
v 0.01138262 -0.02461885 -0.01789883
v 0.01077521 -0.02511885 -0.01813940
v 0.01063367 -0.02510408 -0.01843656
v 0.01046140 -0.02506714 -0.01871505
v 0.01026044 -0.02501895 -0.01897241
v 0.01055058 -0.02455225 -0.01914402
v 0.01093155 -0.02459898 -0.01874598
v 0.01123774 -0.02461885 -0.01832930
v 0.01026044 -0.02501895 -0.01897241
v 0.00978866 -0.02495441 -0.01940846
v 0.00923040 -0.02493758 -0.01973609
v 0.00871004 -0.02495475 -0.01991476
v 0.00816416 -0.02500663 -0.01999550
v 0.00812768 -0.02454436 -0.02031524
v 0.00900417 -0.02451405 -0.02008509
v 0.00982267 -0.02451524 -0.01968890
v 0.01055058 -0.02455225 -0.01914402
v 0.00816416 -0.02500663 -0.01999550
v 0.00807431 -0.02501968 -0.01999908
v 0.00802108 -0.02455274 -0.02033262
v 0.00812768 -0.02454436 -0.02031524
v 0.00807431 -0.02501968 -0.01999908
v 0.00800000 -0.02503104 -0.02000000
v 0.00793872 -0.02456031 -0.02034297
v 0.00802108 -0.02455274 -0.02033262
v 0.01150000 -0.02461885 -0.01428286
v 0.01100000 -0.02511885 -0.01428286
v 0.01150000 -0.02461885 -0.01700000
v 0.01100000 -0.02511885 -0.01700000
v 0.01190000 -0.03751885 -0.01214043
v 0.01190000 -0.03761885 -0.01214043
v 0.01190000 -0.02511885 -0.01214043
v 0.01100000 -0.02511885 -0.01428286
v 0.01105912 -0.02511885 -0.01369023
v 0.01123414 -0.02511885 -0.01312096
v 0.01151816 -0.02511885 -0.01259748
v 0.01100000 -0.03761885 -0.01428286
v 0.01105912 -0.03761885 -0.01369023
v 0.01123414 -0.03761885 -0.01312096
v 0.01151816 -0.03761885 -0.01259748
v 0.01190000 -0.03761885 0.01214043
v 0.01151816 -0.03761885 0.01259748
v 0.01123414 -0.03761885 0.01312096
v 0.01105912 -0.03761885 0.01369023
v 0.01100000 -0.03761885 0.01428286
v 0.01100000 -0.02511885 0.01428286
v 0.01190000 -0.02511885 0.01214043
v 0.01151816 -0.02511885 0.01259748
v 0.01123414 -0.02511885 0.01312096
v 0.01105912 -0.02511885 0.01369023
v 0.01190000 -0.03751885 0.01214043
v -0.01190000 -0.03751885 -0.01214043
v -0.01406375 -0.03751885 -0.00955045
v -0.01567323 -0.03751885 -0.00658407
v -0.01666501 -0.03751885 -0.00335821
v -0.01700000 -0.03751885 0.00000000
v -0.01190000 -0.03761885 -0.01214043
v -0.01406375 -0.03761885 -0.00955045
v -0.01567323 -0.03761885 -0.00658407
v -0.01666501 -0.03761885 -0.00335821
v -0.01700000 -0.03761885 0.00000000
v 0.01700000 -0.03761885 0.00000000
v 0.01666501 -0.03761885 -0.00335821
v 0.01567323 -0.03761885 -0.00658407
v 0.01406375 -0.03761885 -0.00955045
v 0.01190000 -0.03761885 -0.01214043
v 0.01190000 -0.03751885 -0.01214043
v 0.01190000 -0.03751885 0.01214043
v 0.01432934 -0.03751885 0.00914714
v 0.01602180 -0.03751885 0.00568347
v 0.01689037 -0.03751885 0.00192753
v 0.01689037 -0.03751885 -0.00192753
v 0.01602180 -0.03751885 -0.00568347
v 0.01432934 -0.03751885 -0.00914714
v 0.01190000 -0.03761885 0.01214043
v 0.01406375 -0.03761885 0.00955045
v 0.01567323 -0.03761885 0.00658407
v 0.01666501 -0.03761885 0.00335821
v 0.00000000 -0.01451885 0.01700000
v 0.00000000 -0.03751885 0.01700000
v 0.00000000 -0.01451885 -0.01700000
v -0.00406837 -0.01451885 -0.01650601
v -0.00790029 -0.01451885 -0.01505275
v -0.01127309 -0.01451885 -0.01272468
v -0.01399073 -0.01451885 -0.00965710
v -0.01589528 -0.01451885 -0.00602828
v -0.01687605 -0.01451885 -0.00204912
v -0.01687605 -0.01451885 0.00204912
v -0.01589528 -0.01451885 0.00602828
v -0.01399073 -0.01451885 0.00965710
v -0.01127309 -0.01451885 0.01272468
v -0.00790029 -0.01451885 0.01505275
v -0.00406837 -0.01451885 0.01650601
v 0.00000000 -0.03751885 -0.01700000
v -0.00327484 -0.03751885 -0.01668159
v -0.00642700 -0.03751885 -0.01573829
v -0.00933841 -0.03751885 -0.01420543
v -0.01190000 -0.03751885 -0.01214043
v -0.01190000 -0.02511885 -0.01214043
v -0.01456811 -0.02511885 -0.00876186
v -0.01377524 -0.02511885 -0.00996207
v -0.01288374 -0.02511885 -0.01109095
v -0.01683427 -0.03218234 0.00236799
v -0.01697743 -0.03253423 0.00087594
v -0.01698695 -0.03261185 -0.00066591
v -0.01685911 -0.03241212 -0.00218415
v -0.01660648 -0.03194553 -0.00363668
v -0.01626017 -0.03124091 -0.00496052
v -0.01585468 -0.03032004 -0.00613427
v -0.01543567 -0.02921573 -0.00712319
v -0.01504775 -0.02794769 -0.00790990
v -0.01474867 -0.02658774 -0.00845440
v -0.01472243 -0.02401885 -0.00850000
v -0.01479558 -0.02548817 -0.00837217
v -0.01500261 -0.02690472 -0.00799511
v -0.01530922 -0.02821674 -0.00739107
v -0.01567574 -0.02940205 -0.00657807
v -0.01605585 -0.03042524 -0.00558666
v -0.01641373 -0.03127560 -0.00442600
v -0.01670793 -0.03191853 -0.00313772
v -0.01691154 -0.03234052 -0.00173190
v -0.01699781 -0.03251458 -0.00027447
v -0.01696676 -0.03245218 0.00106243
v -0.01678600 -0.01595535 -0.00268888
v -0.01639398 -0.01680658 -0.00449889
v -0.01588832 -0.01804485 -0.00604660
v -0.01537048 -0.01960277 -0.00726280
v -0.01495152 -0.02141157 -0.00809024
v -0.01478187 -0.02269456 -0.00839621
v -0.01600000 -0.01757409 -0.00574456
v -0.01639837 -0.01670733 -0.00448260
v -0.01661111 -0.01628326 -0.00361537
v -0.01600000 -0.01511885 -0.00574456
v -0.01700000 -0.01511885 0.00000000
v -0.01688791 -0.01511885 -0.00194901
v -0.01655310 -0.01511885 -0.00387232
v -0.01600000 -0.01511885 0.00574456
v -0.01655310 -0.01511885 0.00387232
v -0.01688791 -0.01511885 0.00194901
v -0.01600000 -0.01775386 0.00574456
v -0.01472243 -0.02401885 0.00850000
v -0.01482306 -0.02229457 0.00832327
v -0.01510215 -0.02065362 0.00780545
v -0.01549935 -0.01917324 0.00698357
v -0.01574799 -0.01842861 0.00640326
v -0.01476347 -0.02511885 0.00842852
v -0.01190000 -0.02511885 0.01214043
v -0.01296739 -0.02511885 0.01099303
v -0.01392460 -0.02511885 0.00975221
v -0.01190000 -0.03751885 0.01214043
v -0.00933841 -0.03751885 0.01420543
v -0.00642700 -0.03751885 0.01573829
v -0.00327484 -0.03751885 0.01668159
v 0.01297909 -0.04366101 -0.02198906
v 0.01190965 -0.04140282 -0.02103409
v 0.01140256 -0.03934400 -0.02047918
v 0.01130327 -0.03809725 -0.02029904
v 0.01136261 -0.03687388 -0.02024996
v 0.01159673 -0.03689671 -0.01993954
v 0.01320653 -0.04369271 -0.02164022
v 0.01219936 -0.04163037 -0.02077810
v 0.01164456 -0.03952180 -0.02019636
v 0.01152972 -0.03819667 -0.01999624
v 0.01541584 -0.02174993 -0.02170425
v 0.01155783 -0.02181730 -0.02419090
v 0.00725792 -0.02189227 -0.02586841
v 0.00270098 -0.02197186 -0.02668369
v 0.00304314 -0.02987909 -0.02507297
v 0.00321728 -0.03374189 -0.02468822
v 0.00336544 -0.03688615 -0.02469102
v 0.00834543 -0.03671348 -0.02321696
v 0.00687968 -0.03671300 -0.02395317
v 0.00519225 -0.03676509 -0.02441573
v 0.01136261 -0.03687388 -0.02024996
v 0.00987974 -0.03676656 -0.02194326
v 0.01159673 -0.03689671 -0.01993954
v 0.01289495 -0.02983228 -0.02056020
v 0.01204001 -0.03372250 -0.02015935
v 0.00831523 -0.03364089 -0.02338673
v 0.00615044 -0.03529735 -0.02415701
v 0.00833772 -0.03185757 -0.02357103
v 0.00852096 -0.02983215 -0.02378356
v 0.00684837 -0.03121112 -0.02422154
v 0.01060869 -0.02615131 -0.02348085
v 0.01089306 -0.02477888 -0.02369006
v 0.00818707 -0.02743853 -0.02435151
v -0.00316302 -0.02207422 -0.02658031
v -0.00023467 -0.02202311 -0.02678812
v 0.00270098 -0.02197186 -0.02668369
v 0.00304314 -0.02987909 -0.02507297
v 0.00321728 -0.03374189 -0.02468822
v 0.00336544 -0.03688615 -0.02469102
v 0.00056681 -0.03726084 -0.02489336
v -0.00216305 -0.03800100 -0.02491423
v -0.00240146 -0.03403254 -0.02470747
v -0.00272648 -0.02880166 -0.02519186
v -0.02058522 -0.01851447 -0.01802797
v -0.01697711 -0.01865376 -0.02147285
v -0.01282119 -0.01877515 -0.02418828
v -0.00821902 -0.01881478 -0.02610932
v -0.00329125 -0.01886726 -0.02716989
v -0.00316302 -0.02207422 -0.02658031
v -0.00873877 -0.02217155 -0.02531055
v -0.01341237 -0.02225315 -0.02316333
v -0.01687748 -0.02231360 -0.02056998
v -0.01978105 -0.02236429 -0.01740476
v -0.02028902 -0.02045408 -0.01779989
v -0.02560583 -0.01842274 0.00959647
v -0.02462982 -0.02008510 0.01102004
v -0.02386413 -0.02122100 0.01177415
v -0.02298038 -0.02242019 0.01241562
v -0.02162669 -0.02239650 0.01495349
v -0.02254691 -0.01847996 0.01550383
v -0.02221088 -0.02045335 0.01530462
v -0.02425063 -0.01843906 0.01265453
v -0.02023857 -0.02499344 0.01210629
v -0.02216913 -0.02243416 0.01113916
v -0.02236267 -0.02254175 0.01122580
v -0.02247268 -0.02259085 0.01129870
v -0.02258030 -0.02262880 0.01138984
v -0.02268272 -0.02265360 0.01149877
v -0.02277461 -0.02266320 0.01162139
v -0.02285125 -0.02265655 0.01175245
v -0.02291106 -0.02263497 0.01188692
v -0.02295403 -0.02259996 0.01202185
v -0.02297949 -0.02255329 0.01215274
v -0.02298881 -0.02249049 0.01229047
v -0.02298038 -0.02242019 0.01241562
v -0.02106140 -0.02514872 0.01347417
v -0.02043653 -0.02510114 0.01216179
v -0.02062383 -0.02518963 0.01226647
v -0.02079038 -0.02525413 0.01241470
v -0.02092720 -0.02529118 0.01259849
v -0.02102692 -0.02529877 0.01280794
v -0.02108418 -0.02527650 0.01303176
v -0.02109588 -0.02522557 0.01325790
v -0.01923857 -0.03069513 0.01120474
v -0.01929715 -0.02967392 0.01173293
v -0.01944537 -0.02845302 0.01210405
v -0.01964208 -0.02730605 0.01227659
v -0.01989203 -0.02618722 0.01228914
v -0.02006436 -0.02555293 0.01222084
v -0.02023857 -0.02499344 0.01210629
v -0.02043653 -0.02510114 0.01216179
v -0.02062383 -0.02518963 0.01226647
v -0.02079038 -0.02525413 0.01241470
v -0.02092720 -0.02529118 0.01259849
v -0.02102692 -0.02529877 0.01280794
v -0.02108418 -0.02527650 0.01303176
v -0.02109588 -0.02522557 0.01325790
v -0.02106140 -0.02514872 0.01347417
v -0.02052294 -0.02612790 0.01360850
v -0.02005866 -0.02718294 0.01354107
v -0.01968261 -0.02824784 0.01329037
v -0.01939286 -0.02928596 0.01287118
v -0.01919453 -0.03025454 0.01228300
v -0.01913423 -0.03070568 0.01190794
v -0.01911459 -0.03107545 0.01150129
v -0.01922453 -0.03082680 0.01130741
v -0.01918281 -0.03095477 0.01140719
v -0.01956273 -0.02889455 0.01249721
v -0.01969746 -0.02839550 0.01264489
v -0.01987187 -0.02781983 0.01276588
v -0.02004000 -0.02732161 0.01282819
v -0.02024833 -0.02676472 0.01284910
v -0.02044601 -0.02628702 0.01282220
v -0.02058344 -0.02598019 0.01278034
v -0.01923857 -0.02966277 -0.01139413
v -0.01923857 -0.03241276 -0.00725513
v -0.01923857 -0.03402665 -0.00314097
v -0.01923857 -0.03455022 0.00042554
v -0.01923857 -0.03428884 0.00364302
v -0.01923857 -0.03333954 0.00674932
v -0.01923857 -0.03216896 0.00905670
v -0.01923857 -0.03069513 0.01120474
v -0.01922453 -0.03082680 0.01130741
v -0.01918281 -0.03095477 0.01140719
v -0.01911459 -0.03107545 0.01150129
v -0.01914236 -0.03353319 0.00737526
v -0.01915308 -0.03468003 0.00375168
v -0.01915330 -0.03494799 0.00023841
v -0.01914475 -0.03442895 -0.00327389
v -0.01912905 -0.03325145 -0.00658613
v -0.01911051 -0.03182082 -0.00925186
v -0.01908693 -0.03007228 -0.01172966
v -0.01922132 -0.02980580 -0.01151132
v -0.01917019 -0.02994389 -0.01162446
v -0.02023857 -0.02465380 -0.01201385
v -0.01981778 -0.02597840 -0.01222339
v -0.01949980 -0.02738344 -0.01215250
v -0.01931836 -0.02856629 -0.01188253
v -0.01925937 -0.02917023 -0.01165445
v -0.01923857 -0.02966277 -0.01139413
v -0.01922132 -0.02980580 -0.01151132
v -0.01917019 -0.02994389 -0.01162446
v -0.01908693 -0.03007228 -0.01172966
v -0.01913027 -0.02954248 -0.01225342
v -0.01924587 -0.02893568 -0.01267396
v -0.01947875 -0.02807697 -0.01309799
v -0.01984605 -0.02705223 -0.01341214
v -0.02030431 -0.02604804 -0.01353524
v -0.02065980 -0.02540309 -0.01350708
v -0.02103941 -0.02481230 -0.01338691
v -0.02042956 -0.02476828 -0.01207445
v -0.02061038 -0.02486196 -0.01218301
v -0.02077140 -0.02492984 -0.01233375
v -0.02090404 -0.02496832 -0.01251863
v -0.02100124 -0.02497533 -0.01272782
v -0.02105782 -0.02495052 -0.01295017
v -0.02107078 -0.02489519 -0.01317384
v -0.02087242 -0.02522215 -0.01295082
v -0.02042929 -0.02584101 -0.01274687
v -0.02028997 -0.02613440 -0.01277614
v -0.02009086 -0.02658901 -0.01278408
v -0.01982092 -0.02728759 -0.01271734
v -0.01965817 -0.02776979 -0.01261902
v -0.02040108 -0.02528202 -0.01230695
v -0.02208477 -0.02241001 -0.01112682
v -0.02023857 -0.02465380 -0.01201385
v -0.02042956 -0.02476828 -0.01207445
v -0.02061038 -0.02486196 -0.01218301
v -0.02077140 -0.02492984 -0.01233375
v -0.02090404 -0.02496832 -0.01251863
v -0.02100124 -0.02497533 -0.01272782
v -0.02105782 -0.02495052 -0.01295017
v -0.02107078 -0.02489519 -0.01317384
v -0.02103941 -0.02481230 -0.01338691
v -0.02288061 -0.02241819 -0.01240617
v -0.02288370 -0.02252811 -0.01219651
v -0.02286454 -0.02257838 -0.01206714
v -0.02282828 -0.02261736 -0.01193200
v -0.02277417 -0.02264306 -0.01179371
v -0.02270363 -0.02265338 -0.01165874
v -0.02261933 -0.02264725 -0.01153351
v -0.02252504 -0.02262599 -0.01142157
v -0.02242332 -0.02259107 -0.01132421
v -0.02231784 -0.02254425 -0.01124397
v -0.02219948 -0.02248102 -0.01117483
v -0.02288061 -0.02241819 -0.01240617
v -0.02432791 -0.02049925 -0.01130232
v -0.02503475 -0.01941473 -0.01048756
v -0.02560070 -0.01842868 -0.00959631
v -0.02365554 -0.01844448 -0.01372850
v -0.02229452 -0.01846939 -0.01585372
v -0.02058522 -0.01851447 -0.01802797
v -0.02028902 -0.02045408 -0.01779989
v -0.01978105 -0.02236429 -0.01740476
v -0.02145899 -0.02239300 -0.01499045
v -0.00335284 -0.01930932 0.02717774
v -0.00713352 -0.01928019 0.02644063
v -0.01108224 -0.01922337 0.02504552
v -0.01441143 -0.01904092 0.02328807
v -0.01775380 -0.01876565 0.02084473
v -0.02028614 -0.01858032 0.01837772
v -0.02254691 -0.01847996 0.01550383
v -0.02221088 -0.02045335 0.01530462
v -0.02162669 -0.02239650 0.01495349
v -0.01851398 -0.02234219 0.01919024
v -0.01495393 -0.02228006 0.02243534
v -0.01121657 -0.02221471 0.02464077
v -0.00732916 -0.02214687 0.02606060
v -0.00326621 -0.02207602 0.02686094
v 0.00317862 -0.01946045 0.02719712
v 0.00009163 -0.01936873 0.02738237
v 0.00013785 -0.02201663 0.02706700
v 0.00319177 -0.02196330 0.02690241
v 0.00009163 -0.01936873 0.02738237
v -0.00335284 -0.01930932 0.02717774
v -0.00326621 -0.02207602 0.02686094
v 0.00013785 -0.02201663 0.02706700
v 0.01888532 -0.01943050 0.01980023
v 0.01502359 -0.02035830 0.02289466
v 0.01287754 -0.02061578 0.02417325
v 0.00945444 -0.02012010 0.02570296
v 0.00640265 -0.01966761 0.02662422
v 0.00317862 -0.01946045 0.02719712
v 0.00319177 -0.02196330 0.02690241
v 0.00890361 -0.02186361 0.02572303
v 0.01324986 -0.02178772 0.02386924
v 0.01611211 -0.02173764 0.02189894
v 0.01862912 -0.02169384 0.01950108
v 0.02522630 -0.01862079 -0.01028686
v 0.02649434 -0.01861389 -0.00630320
v 0.02713148 -0.01861580 -0.00236328
v 0.02719252 -0.01862538 0.00169715
v 0.02665580 -0.01865299 0.00573071
v 0.02539480 -0.01871785 0.00999761
v 0.02310751 -0.01887711 0.01458393
v 0.02114613 -0.01907819 0.01733745
v 0.01888532 -0.01943050 0.01980023
v 0.01862912 -0.02169384 0.01950108
v 0.02600018 -0.02156518 -0.00009072
v 0.02558463 -0.02157200 0.00534382
v 0.02420943 -0.02159609 0.01039939
v 0.02192635 -0.02163616 0.01510287
v 0.02408030 -0.02159869 -0.00979929
v 0.02535440 -0.02157686 -0.00557838
v 0.02581078 -0.02156881 -0.00285057
v 0.02476420 -0.02011319 -0.01008632
v 0.01767239 -0.04515878 -0.01154055
v 0.01660269 -0.04303188 -0.01092269
v 0.01606892 -0.04086847 -0.01045309
v 0.01601260 -0.03963446 -0.01026418
v 0.01608302 -0.03879383 -0.01017273
v 0.01624371 -0.03797060 -0.01011606
v 0.01774596 -0.04519433 -0.01128354
v 0.01631575 -0.03800290 -0.00989426
v 0.01608278 -0.03970415 -0.01004389
v 0.01622555 -0.04146029 -0.01032634
v 0.01673974 -0.04323561 -0.01072439
v 0.01718616 -0.04422064 -0.01099017
v 0.02408030 -0.02159869 -0.00979929
v 0.02191100 -0.02163656 -0.01422722
v 0.01903625 -0.02168671 -0.01823385
v 0.01541584 -0.02174993 -0.02170425
v 0.01289495 -0.02983228 -0.02056020
v 0.01204001 -0.03372250 -0.02015935
v 0.01159673 -0.03689671 -0.01993954
v 0.01296720 -0.03707287 -0.01778036
v 0.01297229 -0.03707369 -0.01777113
v 0.01624371 -0.03797060 -0.01011606
v 0.01466417 -0.03742871 -0.01420281
v 0.01818828 -0.03240193 -0.00998018
v 0.02052220 -0.02765406 -0.00989038
v 0.01517413 -0.03311944 -0.01568641
v 0.01730420 -0.03012883 -0.01404292
v 0.01584992 -0.03122250 -0.01579767
v 0.01457492 -0.03207835 -0.01735951
v 0.01684149 -0.02881933 -0.01594684
v 0.01998709 -0.02488486 -0.01417692
v 0.01296720 -0.03707287 -0.01778036
v 0.01285417 -0.03875748 -0.01787569
v 0.01306584 -0.04047289 -0.01815951
v 0.01360177 -0.04218757 -0.01861081
v 0.01404128 -0.04313171 -0.01892742
v 0.01458140 -0.04406034 -0.01928593
v 0.01458630 -0.04406190 -0.01927664
v 0.01297229 -0.03707369 -0.01777113
v 0.01285815 -0.03827385 -0.01781927
v 0.01291118 -0.03950321 -0.01796818
v 0.01314332 -0.04078449 -0.01822005
v 0.01371328 -0.04244047 -0.01868126
v 0.00648074 -0.02511885 0.02000000
v 0.00800000 -0.02503104 0.02000000
v 0.00793872 -0.02456031 0.02034297
v 0.00648074 -0.02461885 0.02050000
v -0.01100000 -0.02511885 0.01700000
v -0.01100000 -0.04711885 0.01700000
v -0.00847481 -0.04711885 0.01996219
v -0.00915235 -0.04711885 0.01976985
v -0.00976636 -0.04711885 0.01942486
v -0.01028303 -0.04711885 0.01894622
v -0.01067386 -0.04711885 0.01836031
v -0.01091733 -0.04711885 0.01769943
v -0.00800000 -0.04656342 0.02000000
v -0.00823679 -0.04678877 0.01999076
v -0.00836379 -0.04694708 0.01997794
v -0.00800000 -0.02503104 0.02000000
v -0.00807431 -0.02501968 0.01999908
v -0.00816416 -0.02500663 0.01999550
v -0.01026044 -0.02501895 0.01897241
v -0.00978866 -0.02495440 0.01940846
v -0.00923040 -0.02493758 0.01973609
v -0.00871004 -0.02495474 0.01991476
v -0.01077521 -0.02511885 0.01813940
v -0.01063367 -0.02510399 0.01843655
v -0.01046140 -0.02506706 0.01871505
v -0.01097474 -0.02511885 0.01738849
v -0.01089939 -0.02511885 0.01777043
v -0.00800000 -0.02503104 0.02000000
v -0.00648074 -0.02511885 0.02000000
v -0.00648074 -0.02461885 0.02050000
v -0.00793872 -0.02456031 0.02034297
v -0.00648074 -0.02461885 0.02050000
v -0.00648074 -0.02511885 0.02000000
v 0.00648074 -0.02461885 0.02050000
v 0.00648074 -0.02511885 0.02000000
v 0.00816416 -0.02500663 0.01999550
v 0.00879890 -0.02494979 0.01989166
v 0.00940074 -0.02493834 0.01965292
v 0.00986130 -0.02496019 0.01935278
v 0.01026044 -0.02501895 0.01897241
v 0.01055058 -0.02455225 0.01914402
v 0.00982539 -0.02451529 0.01968721
v 0.00900720 -0.02451401 0.02008400
v 0.00812768 -0.02454436 0.02031524
v 0.01026044 -0.02501895 0.01897241
v 0.01052212 -0.02508115 0.01862444
v 0.01065945 -0.02510829 0.01838825
v 0.01077521 -0.02511885 0.01813940
v 0.01123774 -0.02461885 0.01832930
v 0.01093145 -0.02459898 0.01874598
v 0.01055058 -0.02455225 0.01914402
v 0.01077521 -0.02511885 0.01813940
v 0.01123774 -0.02461885 0.01832930
v 0.01089939 -0.02511885 0.01777043
v 0.01097474 -0.02511885 0.01738849
v 0.01100000 -0.02511885 0.01700000
v 0.01150000 -0.02461885 0.01700000
v 0.01138262 -0.02461885 0.01789883
v 0.01147053 -0.02461885 0.01745323
v 0.00800000 -0.02503104 0.02000000
v 0.00807431 -0.02501968 0.01999908
v 0.00802108 -0.02455274 0.02033262
v 0.00793872 -0.02456031 0.02034297
v 0.00807431 -0.02501968 0.01999908
v 0.00816416 -0.02500663 0.01999550
v 0.00812768 -0.02454436 0.02031524
v 0.00802108 -0.02455274 0.02033262
v 0.01100000 -0.04711885 0.01109811
v 0.01100000 -0.03811885 0.01109811
v 0.01100000 -0.03811885 0.01423255
v 0.01100000 -0.03761885 0.01428286
v 0.01100000 -0.02511885 0.01428286
v 0.01100000 -0.02511885 0.01700000
v 0.01100000 -0.04711885 0.01700000
v -0.01100000 -0.03811885 0.01109811
v -0.01100000 -0.04711885 0.01109811
v -0.01100000 -0.04711885 0.01700000
v -0.01100000 -0.02511885 0.01700000
v -0.01100000 -0.02511885 0.01428286
v -0.01100000 -0.03761885 0.01428286
v -0.01100000 -0.03811885 0.01423255
v -0.01190000 -0.03761885 0.01214043
v -0.01190883 -0.03766971 0.01212818
v -0.01191982 -0.03769480 0.01211291
v -0.01193516 -0.03771962 0.01209154
v -0.01199609 -0.03778306 0.01200634
v -0.01217171 -0.03788465 0.01175815
v -0.01242336 -0.03796939 0.01139311
v -0.01308663 -0.03807959 0.01036520
v -0.01400000 -0.03811885 0.00873212
v -0.01100000 -0.03811885 0.01423255
v -0.01109569 -0.03811885 0.01345912
v -0.01136747 -0.03811886 0.01272580
v -0.01197902 -0.03811900 0.01174801
v -0.01262805 -0.03811904 0.01085642
v -0.01100000 -0.03761885 0.01428286
v -0.01105912 -0.03761885 0.01369023
v -0.01123414 -0.03761885 0.01312096
v -0.01151816 -0.03761885 0.01259748
v -0.01400000 -0.03811885 0.00873212
v -0.01559449 -0.03811885 0.00539090
v -0.01641888 -0.03811885 0.00163410
v -0.01634503 -0.03811885 -0.00225610
v -0.01549211 -0.03811885 -0.00567842
v -0.01400000 -0.03811885 -0.00873212
v -0.01190000 -0.03761885 0.01214043
v -0.01190883 -0.03766971 0.01212818
v -0.01191982 -0.03769480 0.01211291
v -0.01193516 -0.03771962 0.01209154
v -0.01199609 -0.03778306 0.01200634
v -0.01217171 -0.03788465 0.01175815
v -0.01242336 -0.03796939 0.01139311
v -0.01308663 -0.03807959 0.01036520
v -0.01700000 -0.03761885 0.00000000
v -0.01666501 -0.03761885 0.00335821
v -0.01567323 -0.03761885 0.00658407
v -0.01406375 -0.03761885 0.00955045
v -0.01190000 -0.03761885 -0.01214043
v -0.01406375 -0.03761885 -0.00955045
v -0.01567323 -0.03761885 -0.00658407
v -0.01666501 -0.03761885 -0.00335821
v -0.01295254 -0.03806514 -0.01058167
v -0.01210970 -0.03785539 -0.01184639
v -0.01196384 -0.03775371 -0.01205149
v -0.01193598 -0.03772077 -0.01209040
v -0.01191602 -0.03768722 -0.01211819
v -0.01190401 -0.03765319 -0.01213487
v -0.01249369 -0.03787277 -0.01142617
v -0.01356886 -0.03787277 -0.01012598
v -0.01496091 -0.03797240 -0.00775974
v -0.01412344 -0.03797240 -0.00919623
v -0.01568504 -0.03797240 -0.00616618
v -0.01621803 -0.03797240 -0.00458452
v -0.01661614 -0.03797240 -0.00281887
v -0.01681384 -0.03797240 -0.00115629
v -0.01683280 -0.03797240 0.00083610
v -0.01666652 -0.03797240 0.00250385
v -0.01626019 -0.03797240 0.00443266
v -0.01574112 -0.03797240 0.00602158
v -0.01496091 -0.03797240 0.00775974
v -0.01412344 -0.03797240 0.00919623
v -0.01363881 -0.03788770 0.01001610
v -0.01381913 -0.03805760 -0.00944734
v -0.01384941 -0.03806170 0.00938925
v -0.01399498 -0.03786573 -0.00953562
v -0.01401169 -0.03786951 0.00950718
v -0.01400000 -0.03811885 -0.00873212
v -0.01295254 -0.03806514 -0.01058167
v -0.01210970 -0.03785539 -0.01184639
v -0.01196384 -0.03775371 -0.01205149
v -0.01193598 -0.03772077 -0.01209040
v -0.01191602 -0.03768722 -0.01211819
v -0.01190401 -0.03765319 -0.01213487
v -0.01190000 -0.03761885 -0.01214043
v -0.01151816 -0.03761885 -0.01259748
v -0.01123414 -0.03761885 -0.01312096
v -0.01105912 -0.03761885 -0.01369023
v -0.01100000 -0.03761885 -0.01428286
v -0.01100000 -0.03811885 -0.01423255
v -0.01241062 -0.03811901 -0.01115590
v -0.01141132 -0.03811888 -0.01263938
v -0.01110884 -0.03811885 -0.01340790
v -0.01103064 -0.03811885 -0.01379468
v -0.01100000 -0.02511885 -0.01700000
v -0.01100000 -0.03811885 -0.01700000
v -0.01100000 -0.03811885 -0.01423255
v -0.01100000 -0.03761885 -0.01428286
v -0.01100000 -0.02511885 -0.01428286
v -0.00800000 -0.02503104 -0.02000000
v -0.00800000 -0.03811885 -0.02000000
v -0.01100000 -0.03811885 -0.01700000
v -0.01092478 -0.03811885 -0.01766756
v -0.01070291 -0.03811885 -0.01830165
v -0.01034549 -0.03811885 -0.01887047
v -0.00987047 -0.03811885 -0.01934549
v -0.00930165 -0.03811885 -0.01970291
v -0.00866756 -0.03811885 -0.01992478
v -0.01100000 -0.02511885 -0.01700000
v -0.01077521 -0.02511885 -0.01813940
v -0.01089939 -0.02511885 -0.01777043
v -0.01097474 -0.02511885 -0.01738849
v -0.01026044 -0.02501895 -0.01897241
v -0.01052212 -0.02508115 -0.01862444
v -0.01065945 -0.02510829 -0.01838825
v -0.00816416 -0.02500663 -0.01999550
v -0.00879890 -0.02494979 -0.01989166
v -0.00940074 -0.02493834 -0.01965292
v -0.00986130 -0.02496019 -0.01935278
v -0.00807431 -0.02501968 -0.01999908
v -0.00648074 -0.02511885 -0.02000000
v -0.00800000 -0.02503104 -0.02000000
v 0.00648074 -0.02511885 -0.02000000
v 0.00800000 -0.02503104 -0.02000000
v 0.00800000 -0.03811885 -0.02000000
v -0.00800000 -0.03811885 -0.02000000
v 0.00816416 -0.02500663 -0.01999550
v 0.00807431 -0.02501968 -0.01999908
v 0.01026044 -0.02501895 -0.01897241
v 0.00978866 -0.02495441 -0.01940846
v 0.00923040 -0.02493758 -0.01973609
v 0.00871004 -0.02495475 -0.01991476
v 0.01077521 -0.02511885 -0.01813940
v 0.01063367 -0.02510408 -0.01843656
v 0.01046140 -0.02506714 -0.01871505
v 0.01100000 -0.02511885 -0.01700000
v 0.01097474 -0.02511885 -0.01738849
v 0.01089939 -0.02511885 -0.01777043
v 0.01100000 -0.03811885 -0.01700000
v 0.00800000 -0.03811885 -0.02000000
v 0.00866756 -0.03811885 -0.01992478
v 0.00930165 -0.03811885 -0.01970291
v 0.00987047 -0.03811885 -0.01934549
v 0.01034549 -0.03811885 -0.01887047
v 0.01070291 -0.03811885 -0.01830165
v 0.01092478 -0.03811885 -0.01766756
v 0.00800000 -0.02503104 -0.02000000
v 0.01100000 -0.03761885 -0.01428286
v 0.01100000 -0.02511885 -0.01428286
v 0.01100000 -0.03811885 -0.01423255
v 0.01100000 -0.03811885 -0.01700000
v 0.01100000 -0.02511885 -0.01700000
v 0.01190000 -0.03761885 -0.01214043
v 0.01190883 -0.03766971 -0.01212818
v 0.01191982 -0.03769480 -0.01211291
v 0.01193516 -0.03771962 -0.01209154
v 0.01199609 -0.03778306 -0.01200634
v 0.01217171 -0.03788465 -0.01175815
v 0.01242336 -0.03796939 -0.01139311
v 0.01308663 -0.03807959 -0.01036520
v 0.01400000 -0.03811885 -0.00873212
v 0.01100000 -0.03811885 -0.01423255
v 0.01109569 -0.03811885 -0.01345912
v 0.01136747 -0.03811886 -0.01272580
v 0.01197902 -0.03811900 -0.01174801
v 0.01262805 -0.03811904 -0.01085642
v 0.01100000 -0.03761885 -0.01428286
v 0.01105912 -0.03761885 -0.01369023
v 0.01123414 -0.03761885 -0.01312096
v 0.01151816 -0.03761885 -0.01259748
v 0.01400000 -0.03811885 -0.00873212
v 0.01536948 -0.03811885 -0.00600242
v 0.01621737 -0.03811885 -0.00304087
v 0.01650000 -0.03811885 0.00000000
v 0.01190000 -0.03761885 -0.01214043
v 0.01190883 -0.03766971 -0.01212818
v 0.01191982 -0.03769480 -0.01211291
v 0.01193516 -0.03771962 -0.01209154
v 0.01199609 -0.03778306 -0.01200634
v 0.01217171 -0.03788465 -0.01175815
v 0.01242336 -0.03796939 -0.01139311
v 0.01308663 -0.03807959 -0.01036520
v 0.01700000 -0.03761885 0.00000000
v 0.01666501 -0.03761885 -0.00335821
v 0.01567323 -0.03761885 -0.00658407
v 0.01406375 -0.03761885 -0.00955045
v 0.01698746 -0.03773011 0.00000000
v 0.01695048 -0.03783579 0.00000000
v 0.01689092 -0.03793059 0.00000000
v 0.01681175 -0.03800976 0.00000000
v 0.01671694 -0.03806933 0.00000000
v 0.01661126 -0.03810631 0.00000000
v 0.01678226 -0.03797240 -0.00154853
v 0.01673525 -0.03801401 -0.00154419
v 0.01668716 -0.03804711 -0.00153975
v 0.01654354 -0.03797240 -0.00321769
v 0.01617195 -0.03797240 -0.00474452
v 0.01561977 -0.03797240 -0.00632969
v 0.01496599 -0.03797240 -0.00774993
v 0.01412380 -0.03797240 -0.00919568
v 0.01364023 -0.03788770 -0.01001417
v 0.01385148 -0.03806170 -0.00938619
v 0.01401274 -0.03786951 -0.00950563
v 0.01400000 -0.03811885 0.00873212
v 0.01295254 -0.03806514 0.01058167
v 0.01210970 -0.03785539 0.01184639
v 0.01196384 -0.03775371 0.01205149
v 0.01193598 -0.03772077 0.01209040
v 0.01191602 -0.03768722 0.01211819
v 0.01190401 -0.03765319 0.01213487
v 0.01190000 -0.03761885 0.01214043
v 0.01151816 -0.03761885 0.01259748
v 0.01123414 -0.03761885 0.01312096
v 0.01105912 -0.03761885 0.01369023
v 0.01100000 -0.03761885 0.01428286
v 0.01100000 -0.03811885 0.01423255
v 0.01241062 -0.03811901 0.01115590
v 0.01141132 -0.03811888 0.01263938
v 0.01110884 -0.03811885 0.01340790
v 0.01103064 -0.03811885 0.01379468
v 0.00000000 -0.03801885 -0.01650000
v 0.00000000 -0.03751885 -0.01700000
v -0.00394871 -0.03801885 -0.01602054
v -0.00766793 -0.03801885 -0.01461002
v -0.01094152 -0.03801885 -0.01235043
v -0.01357923 -0.03801885 -0.00937307
v -0.01542777 -0.03801885 -0.00585098
v -0.01637970 -0.03801885 -0.00198886
v -0.01637970 -0.03801885 0.00198886
v -0.01542777 -0.03801885 0.00585098
v -0.01357923 -0.03801885 0.00937307
v -0.01094152 -0.03801885 0.01235043
v -0.00766793 -0.03801885 0.01461002
v -0.00394871 -0.03801885 0.01602054
v 0.00000000 -0.03801885 0.01650000
v 0.00000000 -0.03751885 0.01700000
v -0.01190000 -0.03751885 0.01214043
v -0.00933841 -0.03751885 0.01420543
v -0.00642700 -0.03751885 0.01573829
v -0.00327484 -0.03751885 0.01668159
v -0.01700000 -0.03751885 0.00000000
v -0.01666501 -0.03751885 0.00335821
v -0.01567323 -0.03751885 0.00658407
v -0.01406375 -0.03751885 0.00955045
v -0.01190000 -0.03751885 -0.01214043
v -0.01406375 -0.03751885 -0.00955045
v -0.01567323 -0.03751885 -0.00658407
v -0.01666501 -0.03751885 -0.00335821
v -0.00327484 -0.03751885 -0.01668159
v -0.00642700 -0.03751885 -0.01573829
v -0.00933841 -0.03751885 -0.01420543
v 0.01239064 -0.04911885 -0.01542371
v 0.01239064 -0.04911885 -0.01542371
v 0.01216812 -0.04911885 -0.01539863
v 0.01195676 -0.04911885 -0.01532467
v 0.01176715 -0.04911885 -0.01520554
v 0.01160881 -0.04911885 -0.01504720
v 0.01148968 -0.04911885 -0.01485759
v 0.01141572 -0.04911885 -0.01464623
v 0.01139064 -0.04911885 -0.01442371
v 0.01141516 -0.04889876 -0.01442371
v 0.01148752 -0.04868946 -0.01442371
v 0.01160417 -0.04850122 -0.01442371
v 0.01175939 -0.04834327 -0.01442371
v 0.01194556 -0.04822336 -0.01442371
v 0.01215356 -0.04814736 -0.01442371
v 0.01237319 -0.04811900 -0.01442371
v 0.01237363 -0.04814407 -0.01464623
v 0.01237492 -0.04821801 -0.01485759
v 0.01237700 -0.04833713 -0.01504720
v 0.01237976 -0.04849545 -0.01520554
v 0.01238307 -0.04868503 -0.01532467
v 0.01238676 -0.04889636 -0.01539863
v 0.01188630 -0.04862323 -0.01513081
v 0.01239064 -0.04811885 -0.01442371
v 0.01239064 -0.04811885 -0.01077004
v 0.01715299 -0.04811885 -0.01442371
v 0.01715299 -0.04811885 -0.01077004
v 0.01237319 -0.04811900 -0.01077004
v 0.01215356 -0.04814736 -0.01077004
v 0.01194556 -0.04822336 -0.01077004
v 0.01175939 -0.04834327 -0.01077004
v 0.01160417 -0.04850122 -0.01077004
v 0.01148752 -0.04868946 -0.01077004
v 0.01141516 -0.04889876 -0.01077004
v 0.01139064 -0.04911885 -0.01077004
v 0.01139097 -0.04911885 -0.01074456
v 0.01139194 -0.04911885 -0.01071911
v 0.01139356 -0.04911885 -0.01069368
v 0.01140488 -0.04897757 -0.01068165
v 0.01143749 -0.04884383 -0.01064675
v 0.01148933 -0.04872464 -0.01059073
v 0.01155830 -0.04862692 -0.01051537
v 0.01164057 -0.04855593 -0.01042417
v 0.01173087 -0.04851547 -0.01032250
v 0.01181462 -0.04850828 -0.01022657
v 0.01188851 -0.04852640 -0.01014050
v 0.01195833 -0.04856619 -0.01005805
v 0.01202163 -0.04862581 -0.00998236
v 0.01207599 -0.04870339 -0.00991659
v 0.01211940 -0.04879576 -0.00986353
v 0.01215101 -0.04889918 -0.00982458
v 0.01216978 -0.04900696 -0.00980129
v 0.01217618 -0.04911885 -0.00979331
v 0.01224704 -0.04911885 -0.00978040
v 0.01231866 -0.04911885 -0.00977263
v 0.01239064 -0.04911885 -0.00977004
v 0.01239064 -0.04911885 -0.00977004
v 0.01238676 -0.04889636 -0.00979511
v 0.01238307 -0.04868503 -0.00986907
v 0.01237976 -0.04849545 -0.00998821
v 0.01237700 -0.04833713 -0.01014655
v 0.01237492 -0.04821801 -0.01033615
v 0.01237363 -0.04814407 -0.01054752
v 0.01320653 -0.04369271 -0.02164022
v 0.01219936 -0.04163037 -0.02077810
v 0.01164456 -0.03952180 -0.02019636
v 0.01152972 -0.03819667 -0.01999624
v 0.01159673 -0.03689671 -0.01993954
v 0.01296720 -0.03707287 -0.01778036
v 0.01285417 -0.03875748 -0.01787569
v 0.01306584 -0.04047289 -0.01815951
v 0.01360177 -0.04218757 -0.01861081
v 0.01404128 -0.04313171 -0.01892742
v 0.01458140 -0.04406034 -0.01928593
v 0.00996433 -0.04417645 -0.02587097
v 0.00906085 -0.04175283 -0.02442006
v 0.00851343 -0.03924126 -0.02352858
v 0.00838054 -0.03797491 -0.02329901
v 0.00834543 -0.03671348 -0.02321696
v 0.01136801 -0.04373277 -0.02422120
v 0.01218785 -0.04363323 -0.02313384
v 0.01297909 -0.04366101 -0.02198906
v 0.01190965 -0.04140282 -0.02103409
v 0.01140256 -0.03934400 -0.02047918
v 0.01130327 -0.03809725 -0.02029904
v 0.01136261 -0.03687388 -0.02024996
v 0.00987974 -0.03676656 -0.02194326
v 0.00595109 -0.04762903 -0.03167763
v 0.00670462 -0.04667580 -0.03056752
v 0.00746123 -0.04585769 -0.02935537
v 0.00418080 -0.04663675 -0.03136048
v 0.00201532 -0.04580594 -0.03059806
v -0.00075493 -0.04509670 -0.02927650
v -0.00577884 -0.04389537 -0.02679356
v -0.00499505 -0.04179259 -0.02570310
v -0.00399378 -0.03959909 -0.02507015
v -0.00340416 -0.03878699 -0.02494870
v -0.00289950 -0.03835236 -0.02491476
v -0.00254223 -0.03815370 -0.02491081
v -0.00216305 -0.03800100 -0.02491423
v 0.00001846 -0.03975876 -0.02556442
v 0.00276434 -0.04186872 -0.02691627
v 0.00556522 -0.04412607 -0.02847365
v 0.00206429 -0.04384974 -0.02857081
v 0.00073896 -0.04321993 -0.02785069
v -0.00290909 -0.04370912 -0.02734310
v -0.00086195 -0.04248862 -0.02698644
v -0.00276176 -0.04035628 -0.02549704
v -0.00068028 -0.04098987 -0.02613308
v -0.00216305 -0.03800100 -0.02491423
v 0.00001846 -0.03975876 -0.02556442
v 0.00276434 -0.04186872 -0.02691627
v 0.00556522 -0.04412607 -0.02847365
v 0.00746123 -0.04585769 -0.02935537
v 0.00863377 -0.04488995 -0.02749964
v 0.00336544 -0.03688615 -0.02469102
v 0.00489347 -0.03943176 -0.02506030
v 0.00667601 -0.04226195 -0.02615072
v 0.00056681 -0.03726084 -0.02489336
v 0.00336544 -0.03688615 -0.02469102
v 0.00489347 -0.03943176 -0.02506030
v 0.00667601 -0.04226195 -0.02615072
v 0.00863377 -0.04488995 -0.02749964
v 0.00996433 -0.04417645 -0.02587097
v 0.00906085 -0.04175283 -0.02442006
v 0.00851343 -0.03924126 -0.02352858
v 0.00838054 -0.03797491 -0.02329901
v 0.00834543 -0.03671348 -0.02321696
v 0.00687968 -0.03671300 -0.02395317
v 0.00519225 -0.03676509 -0.02441573
v 0.00739128 -0.04086477 -0.02490594
v 0.00514586 -0.04876624 -0.03267607
v 0.00301752 -0.04782667 -0.03247219
v 0.00087315 -0.04715879 -0.03185733
v -0.00174492 -0.04658848 -0.03076280
v -0.00655425 -0.04574197 -0.02856501
v 0.00595109 -0.04762903 -0.03167763
v 0.00418080 -0.04663675 -0.03136048
v 0.00201532 -0.04580594 -0.03059806
v -0.00075493 -0.04509670 -0.02927650
v -0.00577884 -0.04389537 -0.02679356
v -0.00614222 -0.04480334 -0.02753021
v -0.01234746 -0.04401001 -0.02052784
v -0.01221673 -0.04400775 -0.02101648
v -0.01134188 -0.04399248 -0.02324884
v -0.01064135 -0.04398025 -0.02426774
v -0.00948003 -0.04395998 -0.02534479
v -0.00840074 -0.04394114 -0.02598463
v -0.00712761 -0.04391892 -0.02647697
v -0.00577884 -0.04389537 -0.02679356
v -0.00499505 -0.04179259 -0.02570310
v -0.00399378 -0.03959909 -0.02507015
v -0.00340416 -0.03878699 -0.02494870
v -0.00289950 -0.03835236 -0.02491476
v -0.00254223 -0.03815370 -0.02491081
v -0.00216305 -0.03800100 -0.02491423
v -0.00240146 -0.03403254 -0.02470747
v -0.00272648 -0.02880166 -0.02519186
v -0.00316302 -0.02207422 -0.02658031
v -0.00873877 -0.02217155 -0.02531055
v -0.01341237 -0.02225315 -0.02316333
v -0.01687748 -0.02231360 -0.02056998
v -0.01978105 -0.02236429 -0.01740476
v -0.01555693 -0.03126242 -0.01775450
v -0.01336902 -0.03741490 -0.01849869
v -0.01251344 -0.04150921 -0.01936573
v -0.01244147 -0.04401167 -0.02015776
v -0.00987848 -0.04253862 -0.02421356
v -0.01132752 -0.04288541 -0.02258317
v -0.01009308 -0.04163989 -0.02366643
v -0.00859917 -0.03978134 -0.02407699
v -0.00827702 -0.03864033 -0.02396717
v -0.00799361 -0.03690362 -0.02382673
v -0.01019184 -0.03987847 -0.02312484
v -0.01000806 -0.03857520 -0.02306966
v -0.01117734 -0.04046183 -0.02213965
v -0.00988167 -0.03813547 -0.02310527
v -0.00981961 -0.03585280 -0.02300441
v -0.00774704 -0.02889353 -0.02421799
v -0.01032529 -0.03274780 -0.02283834
v -0.01169501 -0.03448533 -0.02172111
v -0.01111605 -0.02974842 -0.02277361
v -0.01494334 -0.02717793 -0.02046490
v -0.00776352 -0.04217532 -0.02524076
v -0.00793552 -0.04171067 -0.02497204
v -0.00864372 -0.04199988 -0.02478364
v -0.01183882 -0.03802356 -0.02114377
v -0.01354514 -0.04403093 0.01771502
v -0.01514775 -0.04405891 0.00749681
v -0.01544719 -0.04406413 -0.00097140
v -0.01461715 -0.04404965 -0.00957575
v -0.01360769 -0.04403203 -0.01509256
v -0.01244147 -0.04401167 -0.02015776
v -0.01302886 -0.04402192 0.02021352
v -0.01324757 -0.04134590 0.01939664
v -0.01454708 -0.03673719 0.01807922
v -0.01708474 -0.03073652 0.01659401
v -0.02162669 -0.02239650 0.01495349
v -0.02298038 -0.02242019 0.01241562
v -0.02106140 -0.02514872 0.01347417
v -0.02052294 -0.02612790 0.01360850
v -0.02005866 -0.02718294 0.01354107
v -0.01968261 -0.02824784 0.01329037
v -0.01939286 -0.02928596 0.01287118
v -0.01919453 -0.03025454 0.01228300
v -0.01913423 -0.03070568 0.01190794
v -0.01911459 -0.03107545 0.01150129
v -0.01914236 -0.03353319 0.00737526
v -0.01915308 -0.03468003 0.00375168
v -0.01915330 -0.03494799 0.00023841
v -0.01914475 -0.03442895 -0.00327389
v -0.01912905 -0.03325145 -0.00658613
v -0.01911051 -0.03182082 -0.00925186
v -0.01908693 -0.03007228 -0.01172966
v -0.01913027 -0.02954248 -0.01225342
v -0.01924587 -0.02893568 -0.01267396
v -0.01947875 -0.02807697 -0.01309799
v -0.01984605 -0.02705223 -0.01341214
v -0.02030431 -0.02604804 -0.01353524
v -0.02065980 -0.02540309 -0.01350708
v -0.02103941 -0.02481230 -0.01338691
v -0.02288061 -0.02241819 -0.01240617
v -0.02145899 -0.02239300 -0.01499045
v -0.01978105 -0.02236429 -0.01740476
v -0.01555693 -0.03126242 -0.01775450
v -0.01336902 -0.03741490 -0.01849869
v -0.01251344 -0.04150921 -0.01936573
v -0.01451778 -0.04288629 0.01373897
v -0.01584252 -0.03814945 0.01347404
v -0.01638430 -0.04042323 0.00788255
v -0.01665558 -0.04084452 0.00411509
v -0.01674537 -0.04081966 -0.00002326
v -0.01622805 -0.04065607 -0.00600168
v -0.01602462 -0.04031770 -0.00777768
v -0.01375924 -0.04295735 -0.01480586
v -0.01542290 -0.03817839 -0.01276248
v -0.01512760 -0.03767514 -0.01407970
v -0.01456723 -0.03758990 -0.01562843
v -0.01591406 -0.03416549 -0.01505241
v -0.01587905 -0.03395202 -0.01530072
v -0.01741962 -0.03774562 -0.00540806
v -0.01482649 -0.04874744 -0.02120166
v -0.01471131 -0.04814586 -0.02113269
v -0.01447513 -0.04758190 -0.02104995
v -0.01327023 -0.04585217 -0.02074427
v -0.01264681 -0.04487266 -0.02060183
v -0.01246045 -0.04443484 -0.02055760
v -0.01234746 -0.04401001 -0.02052784
v -0.01486559 -0.04874812 -0.02077598
v -0.01244147 -0.04401167 -0.02015776
v -0.01264503 -0.04469626 -0.02020461
v -0.01298247 -0.04533640 -0.02027707
v -0.01439543 -0.04736387 -0.02060243
v -0.01471183 -0.04803142 -0.02069827
v -0.01481277 -0.04838245 -0.02073995
v -0.01290003 -0.04401974 0.02081150
v -0.01302886 -0.04402192 0.02021352
v -0.01324757 -0.04134590 0.01939664
v -0.01454708 -0.03673719 0.01807922
v -0.01708474 -0.03073652 0.01659401
v -0.02162669 -0.02239650 0.01495349
v -0.01851398 -0.02234219 0.01919024
v -0.01495393 -0.02228006 0.02243534
v -0.01121657 -0.02221471 0.02464077
v -0.00732916 -0.02214687 0.02606060
v -0.00326621 -0.02207602 0.02686094
v -0.00305643 -0.03076914 0.02603397
v -0.00292079 -0.03618848 0.02638196
v -0.00281019 -0.04051333 0.02760493
v -0.00276285 -0.04239425 0.02855477
v -0.00272829 -0.04384213 0.02954496
v -0.00687052 -0.04391442 0.02887775
v -0.00882392 -0.04394853 0.02801402
v -0.01008867 -0.04397060 0.02704032
v -0.01118728 -0.04398978 0.02567472
v -0.01218866 -0.04400726 0.02349968
v -0.01282389 -0.04401835 0.02115443
v -0.01187843 -0.04289036 0.02357888
v -0.01007839 -0.04215808 0.02598571
v -0.01014558 -0.04097109 0.02545684
v -0.00702321 -0.04244219 0.02781941
v -0.01033327 -0.03904709 0.02478655
v -0.01176361 -0.03844229 0.02312908
v -0.00844043 -0.03950458 0.02600313
v -0.01069097 -0.03651874 0.02415177
v -0.01490233 -0.03066879 0.02023761
v -0.01647932 -0.02682171 0.01966212
v -0.01157295 -0.03285067 0.02341904
v -0.01709857 -0.02540172 0.01949647
v -0.00859779 -0.03058436 0.02488689
v -0.00678793 -0.03051160 0.02539182
v -0.00706156 -0.02694668 0.02554120
v -0.01255780 -0.04005412 0.02153951
v -0.00755875 -0.03628148 0.02553951
v -0.01430898 -0.04873841 0.02065841
v -0.01411343 -0.04772476 0.02057091
v -0.01367404 -0.04638011 0.02042838
v -0.01302886 -0.04402192 0.02021352
v -0.01422693 -0.04873698 0.02130243
v -0.01290003 -0.04401974 0.02081150
v -0.01358668 -0.04637583 0.02105258
v -0.01402892 -0.04771237 0.02120605
v 0.00386581 -0.04372703 0.02951712
v 0.00376082 -0.04372886 0.02952464
v 0.00379485 -0.04074288 0.02781963
v 0.00365843 -0.03608865 0.02648749
v 0.00346982 -0.03029412 0.02611627
v 0.00319177 -0.02196330 0.02690241
v 0.00013785 -0.02201663 0.02706700
v -0.00326621 -0.02207602 0.02686094
v -0.00305643 -0.03076914 0.02603397
v -0.00292079 -0.03618848 0.02638196
v -0.00281019 -0.04051333 0.02760493
v -0.00276285 -0.04239425 0.02855477
v -0.00272829 -0.04384213 0.02954496
v -0.00139921 -0.04381894 0.02961290
v 0.01715800 -0.04349489 0.02039127
v 0.01682444 -0.04350076 0.02283339
v 0.01638643 -0.04350840 0.02398583
v 0.01557161 -0.04352264 0.02524127
v 0.01459079 -0.04353977 0.02622542
v 0.01346726 -0.04355938 0.02703188
v 0.01185617 -0.04358752 0.02785906
v 0.00931980 -0.04363180 0.02870166
v 0.00662931 -0.04367878 0.02922540
v 0.00386581 -0.04372703 0.02951712
v 0.00379485 -0.04074288 0.02781963
v 0.00365843 -0.03608865 0.02648749
v 0.00346982 -0.03029412 0.02611627
v 0.00319177 -0.02196330 0.02690241
v 0.00890361 -0.02186361 0.02572303
v 0.01324986 -0.02178772 0.02386924
v 0.01611211 -0.02173764 0.02189894
v 0.01862912 -0.02169384 0.01950108
v 0.01641277 -0.03045899 0.01953800
v 0.01582198 -0.03641079 0.01964840
v 0.01626254 -0.04066685 0.01980668
v 0.01717677 -0.04349468 0.01997188
v 0.00796750 -0.04239346 0.02817990
v 0.00892424 -0.04239020 0.02799228
v 0.01280168 -0.04058325 0.02575546
v 0.01578372 -0.04212550 0.02361710
v 0.01006231 -0.03782872 0.02589721
v 0.01602602 -0.04215752 0.02311364
v 0.01623607 -0.04219010 0.02255222
v 0.01244931 -0.03853246 0.02518696
v 0.01519695 -0.04057586 0.02336794
v 0.00557481 -0.03024478 0.02586336
v 0.01567007 -0.04057252 0.02227131
v 0.00656514 -0.03021804 0.02570814
v 0.01207088 -0.03606717 0.02476501
v 0.00893216 -0.03013889 0.02523739
v 0.00636965 -0.02644892 0.02589986
v 0.01211784 -0.03241884 0.02424913
v 0.01527448 -0.03042468 0.02126681
v 0.01516606 -0.02650570 0.02196042
v 0.01468298 -0.03041999 0.02202290
v 0.01543118 -0.02502121 0.02193394
v 0.01380457 -0.03694482 0.02365876
v 0.01449319 -0.03739395 0.02288055
v 0.01432148 -0.03612120 0.02277926
v 0.01431489 -0.03444809 0.02250830
v 0.00392419 -0.04835175 0.03420632
v 0.00389475 -0.04728572 0.03330319
v 0.00384350 -0.04602523 0.03188647
v 0.00379088 -0.04475472 0.03043539
v 0.00376082 -0.04372886 0.02952464
v 0.00405967 -0.04834939 0.03419704
v 0.00386581 -0.04372703 0.02951712
v 0.00390216 -0.04475372 0.03042841
v 0.00396376 -0.04602304 0.03187821
v 0.00402392 -0.04728425 0.03329546
v 0.01752950 -0.04348852 0.00916556
v 0.01717677 -0.04349468 0.01997188
v 0.01751132 -0.04348884 0.00549276
v 0.01790388 -0.03980379 0.00123752
v 0.01778969 -0.04061656 0.00274272
v 0.01762988 -0.04172120 0.00404612
v 0.01754423 -0.04257225 0.00480744
v 0.01791073 -0.03933088 -0.00032638
v 0.01782180 -0.03904008 -0.00193363
v 0.01728307 -0.03848035 -0.00603312
v 0.01631575 -0.03800290 -0.00989426
v 0.01624371 -0.03797060 -0.01011606
v 0.01818828 -0.03240193 -0.00998018
v 0.02052220 -0.02765406 -0.00989038
v 0.02408030 -0.02159869 -0.00979929
v 0.02535440 -0.02157686 -0.00557838
v 0.02581078 -0.02156881 -0.00285057
v 0.02600018 -0.02156518 -0.00009072
v 0.02558463 -0.02157200 0.00534382
v 0.02420943 -0.02159609 0.01039939
v 0.02192635 -0.02163616 0.01510287
v 0.01862912 -0.02169384 0.01950108
v 0.01641277 -0.03045899 0.01953800
v 0.01582198 -0.03641079 0.01964840
v 0.01626254 -0.04066685 0.01980668
v 0.01718005 -0.04221295 0.01455810
v 0.01707042 -0.04054770 0.01463614
v 0.01745998 -0.04097431 0.01114629
v 0.01750396 -0.03932320 0.01211349
v 0.01769030 -0.03866187 0.01147457
v 0.01778721 -0.03978244 0.00903192
v 0.01801682 -0.03052800 0.01654030
v 0.01870727 -0.03056315 0.01496923
v 0.01908006 -0.03590100 0.00480570
v 0.01980652 -0.03348719 0.00658259
v 0.02014860 -0.03278999 0.00584448
v 0.01930489 -0.03533484 0.00205493
v 0.02027071 -0.03285600 0.00325558
v 0.02044585 -0.03245811 0.00247435
v 0.01925366 -0.03502245 -0.00080703
v 0.02032021 -0.03252346 -0.00023280
v 0.02182366 -0.02940727 0.00161842
v 0.02035770 -0.03227960 -0.00104160
v 0.01901954 -0.03465532 -0.00364005
v 0.02018504 -0.03231196 -0.00240580
v 0.02170874 -0.02926433 -0.00164571
v 0.02004149 -0.03185570 -0.00448758
v 0.01956370 -0.03205776 0.01088412
v 0.01954079 -0.04814756 0.02041376
v 0.01915194 -0.04695173 0.02040978
v 0.01815718 -0.04522855 0.02039950
v 0.01715800 -0.04349489 0.02039127
v 0.01954468 -0.04814749 0.01999135
v 0.01717677 -0.04349468 0.01997188
v 0.01803185 -0.04503003 0.01997755
v 0.01894527 -0.04653348 0.01998582
v 0.01932630 -0.04736766 0.01998943
v 0.01631575 -0.03800290 -0.00989426
v 0.01608278 -0.03970415 -0.01004389
v 0.01622555 -0.04146029 -0.01032634
v 0.01673974 -0.04323561 -0.01072439
v 0.01718616 -0.04422064 -0.01099017
v 0.01774596 -0.04519433 -0.01128354
v 0.01864650 -0.04581072 -0.00782815
v 0.01914825 -0.04642239 -0.00616688
v 0.01967894 -0.04727351 -0.00469310
v 0.01838284 -0.04444686 -0.00231483
v 0.01777754 -0.04188371 -0.00039043
v 0.01774670 -0.04076962 0.00045077
v 0.01790388 -0.03980379 0.00123752
v 0.01791073 -0.03933088 -0.00032638
v 0.01782180 -0.03904008 -0.00193363
v 0.01728307 -0.03848035 -0.00603312
v 0.01730615 -0.04360773 -0.00875265
v 0.01689583 -0.04185189 -0.00782330
v 0.01717485 -0.04205843 -0.00655996
v 0.01748368 -0.04231821 -0.00490941
v 0.01724130 -0.04098328 -0.00513831
v 0.01761396 -0.04212108 -0.00347460
v 0.01297229 -0.03707369 -0.01777113
v 0.01285815 -0.03827385 -0.01781927
v 0.01291118 -0.03950321 -0.01796818
v 0.01314332 -0.04078449 -0.01822005
v 0.01371328 -0.04244047 -0.01868126
v 0.01458630 -0.04406190 -0.01927664
v 0.01624794 -0.04457360 -0.01561083
v 0.01767239 -0.04515878 -0.01154055
v 0.01660269 -0.04303188 -0.01092269
v 0.01606892 -0.04086847 -0.01045309
v 0.01601260 -0.03963446 -0.01026418
v 0.01608302 -0.03879383 -0.01017273
v 0.01624371 -0.03797060 -0.01011606
v 0.01466417 -0.03742871 -0.01420281
v 0.01421781 -0.04090810 -0.01582509
v 0.01470621 -0.04097154 -0.01459778
v 0.01518655 -0.04091887 -0.01321874
v 0.01790388 -0.03980379 0.00123752
v 0.01778969 -0.04061656 0.00274272
v 0.01762988 -0.04172120 0.00404612
v 0.01754423 -0.04257225 0.00480744
v 0.01751132 -0.04348884 0.00549276
v 0.02026824 -0.04850249 -0.00326318
v 0.01850830 -0.04602273 0.00107510
v 0.01772812 -0.04465343 0.00346355
v 0.01967894 -0.04727351 -0.00469310
v 0.01838284 -0.04444686 -0.00231483
v 0.01777754 -0.04188371 -0.00039043
v 0.01774670 -0.04076962 0.00045077
v 0.01768709 -0.04246646 0.00223809
v 0.01803668 -0.04384616 0.00064901
v -0.01237479 -0.05211187 -0.01198054
v -0.01237455 -0.05211885 -0.01198030
v -0.01252471 -0.04781885 -0.01213046
v -0.01374634 -0.04781885 -0.01213046
v -0.01389625 -0.05211187 -0.01198054
v -0.01389650 -0.05211885 -0.01198030
v -0.01389625 -0.05211187 -0.01800383
v -0.01389650 -0.05211885 -0.01800407
v -0.01374634 -0.04781885 -0.01785392
v -0.01252471 -0.04781885 -0.01785392
v -0.01237479 -0.05211187 -0.01800383
v -0.01237455 -0.05211885 -0.01800407
v -0.01237479 -0.05211187 0.01722716
v -0.01237479 -0.05211187 0.01722716
v -0.01237455 -0.05211885 0.01722740
v -0.01252471 -0.04781885 0.01707724
v -0.01361964 -0.04781885 0.01707724
v -0.01376955 -0.05211187 0.01722716
v -0.01376955 -0.05211187 0.01722716
v -0.01376980 -0.05211885 0.01722740
v -0.01376980 -0.05211885 0.01722740
v -0.01376955 -0.05211187 0.01332325
v -0.01376980 -0.05211885 0.01332301
v -0.01376980 -0.05211885 0.01332301
v -0.01361964 -0.04781885 0.01347317
v -0.01252471 -0.04781885 0.01347317
v -0.01237479 -0.05211187 0.01332325
v -0.01237479 -0.05211187 0.01332325
v -0.01237455 -0.05211885 0.01332301
v 0.01100000 -0.04711885 0.01109811
v 0.00863796 -0.04711885 0.01302128
v 0.00594770 -0.04711885 0.01444967
v 0.00303145 -0.04711885 0.01532901
v 0.00000000 -0.04711885 0.01562588
v -0.00303145 -0.04711885 0.01532901
v -0.00594770 -0.04711885 0.01444967
v -0.00863796 -0.04711885 0.01302128
v -0.01100000 -0.04711885 0.01109811
v -0.01100000 -0.04711885 0.01700000
v -0.00847481 -0.04711885 0.01996219
v -0.00915235 -0.04711885 0.01976985
v -0.00915235 -0.04711885 0.01976985
v -0.00976636 -0.04711885 0.01942486
v -0.01028303 -0.04711885 0.01894622
v -0.01028303 -0.04711885 0.01894622
v -0.01028303 -0.04711885 0.01894622
v -0.01067386 -0.04711885 0.01836031
v -0.01091733 -0.04711885 0.01769943
v -0.00847481 -0.04711885 0.01955715
v -0.00760879 -0.04711885 0.01869113
v -0.00783451 -0.04711885 0.01871865
v -0.00802547 -0.04711885 0.01879152
v -0.00817779 -0.04711885 0.01889442
v -0.00817779 -0.04711885 0.01889442
v -0.00825895 -0.04711885 0.01897372
v -0.00825895 -0.04711885 0.01897372
v -0.00834191 -0.04711885 0.01908422
v -0.00834191 -0.04711885 0.01908422
v -0.00840570 -0.04711885 0.01920667
v -0.00844877 -0.04711885 0.01933772
v -0.00844877 -0.04711885 0.01933772
v -0.00846831 -0.04711885 0.01944645
v -0.00846831 -0.04711885 0.01944645
v 0.01047792 -0.04711885 0.01869113
v 0.01100000 -0.04711885 0.01700000
v 0.01094042 -0.04711885 0.01759490
v 0.01076406 -0.04711885 0.01816617
v -0.00760879 -0.04711885 0.01869113
v -0.00768322 -0.04743987 0.01854227
v -0.00772788 -0.04777685 0.01845295
v -0.00774276 -0.04811885 0.01842318
v -0.00783451 -0.04711885 0.01871865
v -0.00802547 -0.04711885 0.01879152
v -0.00817779 -0.04711885 0.01889442
v -0.00825895 -0.04711885 0.01897372
v -0.00834191 -0.04711885 0.01908422
v -0.00840570 -0.04711885 0.01920667
v -0.00844877 -0.04711885 0.01933772
v -0.00846831 -0.04711885 0.01944645
v -0.00847481 -0.04711885 0.01955715
v -0.00874276 -0.04811885 0.01942318
v -0.00871299 -0.04777685 0.01943806
v -0.00862368 -0.04743987 0.01948272
v -0.00796528 -0.04811885 0.01844825
v -0.00817665 -0.04811885 0.01852221
v -0.00836625 -0.04811885 0.01864135
v -0.00852460 -0.04811885 0.01879969
v -0.00864373 -0.04811885 0.01898929
v -0.00871769 -0.04811885 0.01920066
v -0.00836898 -0.04750222 0.01879696
v -0.00695435 -0.04616421 0.02000002
v -0.00717217 -0.04618058 0.02000001
v -0.00738503 -0.04622861 0.02000000
v -0.00758912 -0.04630675 0.02000000
v -0.00674276 -0.04611885 0.02042318
v -0.00674276 -0.04611885 0.02042318
v -0.00677767 -0.04611915 0.02040572
v -0.00729916 -0.04619779 0.02014553
v -0.00706032 -0.04614417 0.02026475
v -0.00707103 -0.04615526 0.02009491
v -0.00695435 -0.04616421 0.02000002
v 0.00800000 -0.04616413 0.02000000
v 0.00800000 -0.02503104 0.02000000
v 0.00648074 -0.02511885 0.02000000
v -0.00648074 -0.02511885 0.02000000
v -0.00800000 -0.02503104 0.02000000
v -0.00800000 -0.02503104 0.02000000
v -0.00800000 -0.04656342 0.02000000
v -0.00787012 -0.04646686 0.02000000
v -0.00773286 -0.04638112 0.02000000
v -0.00758912 -0.04630675 0.02000000
v -0.00717217 -0.04618058 0.02000001
v -0.00717217 -0.04618058 0.02000001
v -0.00738503 -0.04622861 0.02000000
v -0.00738503 -0.04622861 0.02000000
v 0.00800000 -0.04616413 0.02000000
v 0.00800000 -0.02503104 0.02000000
v 0.00868951 -0.04618322 0.01991971
v 0.00927908 -0.04624892 0.01971366
v 0.00975249 -0.04638010 0.01943488
v 0.01007493 -0.04656279 0.01916672
v 0.01030969 -0.04680588 0.01891450
v 0.01047792 -0.04711885 0.01869113
v 0.01100000 -0.04711885 0.01700000
v 0.01094042 -0.04711885 0.01759490
v 0.01076406 -0.04711885 0.01816617
v 0.01100000 -0.02511885 0.01700000
v 0.01077521 -0.02511885 0.01813940
v 0.01089939 -0.02511885 0.01777043
v 0.01097474 -0.02511885 0.01738849
v 0.01026044 -0.02501895 0.01897241
v 0.01052212 -0.02508115 0.01862444
v 0.01065945 -0.02510829 0.01838825
v 0.00816416 -0.02500663 0.01999550
v 0.00879890 -0.02494979 0.01989166
v 0.00940074 -0.02493834 0.01965292
v 0.00986130 -0.02496019 0.01935278
v 0.00807431 -0.02501968 0.01999908
v 0.01333138 -0.04611885 0.02042318
v 0.01333138 -0.04611885 0.02042318
v 0.01433138 -0.04811885 0.01842318
v 0.01431091 -0.04771675 0.01846402
v 0.01424918 -0.04732477 0.01858757
v 0.01414174 -0.04694725 0.01880227
v 0.01399503 -0.04662284 0.01909579
v 0.01381803 -0.04637181 0.01944960
v 0.01363546 -0.04621362 0.01981462
v 0.01350268 -0.04614852 0.02007979
v 0.01533138 -0.04811885 0.01942318
v 0.01530631 -0.04811885 0.01920066
v 0.01523235 -0.04811885 0.01898929
v 0.01511321 -0.04811885 0.01879969
v 0.01495487 -0.04811885 0.01864135
v 0.01476527 -0.04811885 0.01852221
v 0.01455390 -0.04811885 0.01844825
v 0.01383788 -0.04618404 0.02017033
v 0.01422897 -0.04633158 0.01997445
v 0.01463580 -0.04660277 0.01977105
v 0.01496188 -0.04696062 0.01960802
v 0.01517339 -0.04733977 0.01950218
v 0.01528511 -0.04769160 0.01944631
v 0.01531982 -0.04790471 0.01942896
v 0.01499286 -0.04765296 0.01876171
v 0.01486539 -0.04723071 0.01888917
v 0.01467680 -0.04687646 0.01907776
v 0.01444674 -0.04659524 0.01930782
v 0.01391282 -0.04623528 0.01984174
v 0.01333138 -0.04611885 0.02042318
v -0.00674276 -0.04611885 0.02042318
v 0.01333138 -0.04611885 0.02698219
v -0.00674276 -0.04611885 0.02698219
v 0.01333138 -0.04611885 0.02698219
v 0.01333138 -0.04611885 0.02698219
v 0.01533138 -0.04811885 0.02798219
v 0.01529055 -0.04771675 0.02796171
v 0.01516699 -0.04732477 0.02789998
v 0.01495229 -0.04694725 0.02779255
v 0.01465877 -0.04662284 0.02764584
v 0.01430497 -0.04637181 0.02746884
v 0.01393994 -0.04621362 0.02728626
v 0.01367477 -0.04614852 0.02715348
v 0.01433138 -0.04811885 0.02898219
v 0.01455390 -0.04811885 0.02895712
v 0.01476527 -0.04811885 0.02888316
v 0.01495487 -0.04811885 0.02876402
v 0.01511321 -0.04811885 0.02860568
v 0.01523235 -0.04811885 0.02841607
v 0.01530631 -0.04811885 0.02820471
v 0.01358423 -0.04618404 0.02748868
v 0.01378011 -0.04633158 0.02787978
v 0.01398352 -0.04660277 0.02828661
v 0.01414654 -0.04696062 0.02861268
v 0.01425238 -0.04733977 0.02882419
v 0.01430825 -0.04769160 0.02893592
v 0.01432560 -0.04790471 0.02897062
v 0.01499286 -0.04765296 0.02864366
v 0.01486539 -0.04723071 0.02851620
v 0.01467680 -0.04687646 0.02832760
v 0.01444674 -0.04659524 0.02809754
v 0.01391282 -0.04623528 0.02756363
v -0.00677767 -0.04611915 0.02699964
v -0.00731693 -0.04620303 0.02726897
v -0.00776083 -0.04639736 0.02749109
v -0.00813465 -0.04668266 0.02767812
v -0.00841429 -0.04702066 0.02781785
v -0.00860879 -0.04739917 0.02791520
v -0.00870927 -0.04775490 0.02796544
v -0.00874276 -0.04811885 0.02798219
v -0.00674276 -0.04611885 0.02698219
v -0.00674276 -0.04611885 0.02698219
v -0.00774276 -0.04811885 0.02898219
v -0.00772229 -0.04771675 0.02894135
v -0.00766056 -0.04732477 0.02881779
v -0.00755313 -0.04694725 0.02860310
v -0.00740641 -0.04662284 0.02830958
v -0.00722941 -0.04637181 0.02795577
v -0.00704684 -0.04621362 0.02759074
v -0.00691406 -0.04614852 0.02732558
v -0.00796528 -0.04811885 0.02895712
v -0.00817665 -0.04811885 0.02888316
v -0.00836625 -0.04811885 0.02876402
v -0.00852460 -0.04811885 0.02860568
v -0.00864373 -0.04811885 0.02841607
v -0.00871769 -0.04811885 0.02820471
v -0.00840424 -0.04765296 0.02864366
v -0.00827677 -0.04723071 0.02851620
v -0.00808818 -0.04687646 0.02832760
v -0.00785812 -0.04659524 0.02809754
v -0.00732420 -0.04623528 0.02756363
v -0.00903856 -0.03911263 -0.01659007
v -0.00900859 -0.03876769 -0.01659007
v -0.00891958 -0.03843308 -0.01659007
v -0.00877419 -0.03811885 -0.01659007
v -0.00854160 -0.03811885 -0.01745799
v -0.00866928 -0.03811885 -0.01718450
v -0.00874750 -0.03811885 -0.01689309
v -0.00881229 -0.03841662 -0.01719793
v -0.00898117 -0.03875434 -0.01690298
v -0.00703856 -0.04784881 -0.02963360
v -0.00703856 -0.03811885 -0.01849261
v 0.00696144 -0.04784881 -0.02963360
v 0.00696144 -0.03811885 -0.01849261
v 0.00896144 -0.03911263 -0.01659007
v 0.00890404 -0.03875434 -0.01690298
v 0.00873516 -0.03841662 -0.01719793
v 0.00846448 -0.03811885 -0.01745799
v 0.00869706 -0.03811885 -0.01659007
v 0.00867087 -0.03811885 -0.01689076
v 0.00859289 -0.03811885 -0.01718223
v 0.00884245 -0.03843308 -0.01659007
v 0.00893147 -0.03876769 -0.01659007
v 0.00696144 -0.03811885 -0.01849261
v -0.00703856 -0.03811885 -0.01849261
v 0.00846448 -0.03811885 -0.01745799
v 0.00808648 -0.03811885 -0.01796595
v 0.00771822 -0.03811885 -0.01826654
v 0.00738618 -0.03811885 -0.01842326
v 0.00717320 -0.03811885 -0.01847552
v 0.00869706 -0.03811885 -0.01659007
v 0.00867087 -0.03811885 -0.01689076
v 0.00859289 -0.03811885 -0.01718223
v 0.00869706 -0.03811885 -0.01298188
v 0.01133443 -0.03811885 -0.01075634
v 0.01133443 -0.03811885 -0.01075634
v 0.01133443 -0.03811885 -0.01075634
v 0.01341898 -0.03811885 -0.00800619
v 0.01341898 -0.03811885 -0.00800619
v 0.01341898 -0.03811885 -0.00800619
v 0.01484905 -0.03811885 -0.00486556
v 0.01555491 -0.03811885 -0.00148762
v 0.01550211 -0.03811885 0.00196287
v 0.01469323 -0.03811885 0.00531763
v 0.01316772 -0.03811885 0.00841303
v 0.01316772 -0.03811885 0.00841303
v 0.01316772 -0.03811885 0.00841303
v 0.01100000 -0.03811885 0.01109811
v 0.01100000 -0.03811885 0.01109811
v 0.01100000 -0.03811885 0.01109811
v 0.01100000 -0.03811885 0.01423255
v 0.01400000 -0.03811885 0.00873212
v 0.01400000 -0.03811885 0.00873212
v 0.01241062 -0.03811901 0.01115590
v 0.01241062 -0.03811901 0.01115590
v 0.01241062 -0.03811901 0.01115590
v 0.01141132 -0.03811888 0.01263938
v 0.01110884 -0.03811885 0.01340790
v 0.01110884 -0.03811885 0.01340790
v 0.01103064 -0.03811885 0.01379468
v 0.01103064 -0.03811885 0.01379468
v 0.01650000 -0.03811885 0.00000000
v 0.01621737 -0.03811885 0.00304087
v 0.01536948 -0.03811885 0.00600242
v 0.01400000 -0.03811885 -0.00873212
v 0.01400000 -0.03811885 -0.00873212
v 0.01536948 -0.03811885 -0.00600242
v 0.01621737 -0.03811885 -0.00304087
v 0.01100000 -0.03811885 -0.01423255
v 0.01109569 -0.03811885 -0.01345912
v 0.01136747 -0.03811886 -0.01272580
v 0.01136747 -0.03811886 -0.01272580
v 0.01197902 -0.03811900 -0.01174801
v 0.01197902 -0.03811900 -0.01174801
v 0.01262805 -0.03811904 -0.01085642
v 0.01262805 -0.03811904 -0.01085642
v 0.01100000 -0.03811885 -0.01700000
v 0.00800000 -0.03811885 -0.02000000
v 0.00866756 -0.03811885 -0.01992478
v 0.00930165 -0.03811885 -0.01970291
v 0.00987047 -0.03811885 -0.01934549
v 0.01034549 -0.03811885 -0.01887047
v 0.01070291 -0.03811885 -0.01830165
v 0.01092478 -0.03811885 -0.01766756
v -0.00800000 -0.03811885 -0.02000000
v -0.01100000 -0.03811885 -0.01700000
v -0.01092478 -0.03811885 -0.01766756
v -0.01070291 -0.03811885 -0.01830165
v -0.01034549 -0.03811885 -0.01887047
v -0.00987047 -0.03811885 -0.01934549
v -0.00930165 -0.03811885 -0.01970291
v -0.00866756 -0.03811885 -0.01992478
v -0.01100000 -0.03811885 -0.01423255
v -0.01400000 -0.03811885 -0.00873212
v -0.01400000 -0.03811885 -0.00873212
v -0.01241062 -0.03811901 -0.01115590
v -0.01241062 -0.03811901 -0.01115590
v -0.01141132 -0.03811888 -0.01263938
v -0.01141132 -0.03811888 -0.01263938
v -0.01110884 -0.03811885 -0.01340790
v -0.01103064 -0.03811885 -0.01379468
v -0.01400000 -0.03811885 0.00873212
v -0.01400000 -0.03811885 0.00873212
v -0.01559449 -0.03811885 0.00539090
v -0.01641888 -0.03811885 0.00163410
v -0.01634503 -0.03811885 -0.00225610
v -0.01549211 -0.03811885 -0.00567842
v -0.01100000 -0.03811885 0.01423255
v -0.01109569 -0.03811885 0.01345912
v -0.01136747 -0.03811886 0.01272580
v -0.01136747 -0.03811886 0.01272580
v -0.01197902 -0.03811900 0.01174801
v -0.01197902 -0.03811900 0.01174801
v -0.01262805 -0.03811904 0.01085642
v -0.01262805 -0.03811904 0.01085642
v -0.01262805 -0.03811904 0.01085642
v -0.01100000 -0.03811885 0.01109811
v -0.01100000 -0.03811885 0.01109811
v -0.01100000 -0.03811885 0.01109811
v -0.01100000 -0.03811885 0.01109811
v -0.01316146 -0.03811885 0.00842283
v -0.01316146 -0.03811885 0.00842283
v -0.01316146 -0.03811885 0.00842283
v -0.01468530 -0.03811885 0.00533949
v -0.01549768 -0.03811885 0.00199747
v -0.01555926 -0.03811885 -0.00144132
v -0.01486706 -0.03811885 -0.00481028
v -0.01345459 -0.03811885 -0.00794620
v -0.01139030 -0.03811885 -0.01069716
v -0.01139030 -0.03811885 -0.01069716
v -0.01139030 -0.03811885 -0.01069716
v -0.00877419 -0.03811885 -0.01292988
v -0.00877419 -0.03811885 -0.01659007
v -0.00854160 -0.03811885 -0.01745799
v -0.00866928 -0.03811885 -0.01718450
v -0.00874750 -0.03811885 -0.01689309
v -0.00731634 -0.03811885 -0.01846315
v -0.00759421 -0.03811885 -0.01837292
v -0.00786353 -0.03811885 -0.01822191
v -0.00811586 -0.03811885 -0.01801384
v -0.00834378 -0.03811885 -0.01775591
v 0.00000000 -0.03801885 0.01650000
v 0.00394871 -0.03801885 0.01602054
v 0.00766793 -0.03801885 0.01461002
v 0.01094152 -0.03801885 0.01235043
v 0.01357923 -0.03801885 0.00937307
v 0.01542777 -0.03801885 0.00585098
v 0.01637970 -0.03801885 0.00198886
v 0.01637970 -0.03801885 -0.00198886
v 0.01542777 -0.03801885 -0.00585098
v 0.01357923 -0.03801885 -0.00937307
v 0.01094152 -0.03801885 -0.01235043
v 0.00766793 -0.03801885 -0.01461002
v 0.00394871 -0.03801885 -0.01602054
v 0.00000000 -0.03801885 -0.01650000
v -0.00394871 -0.03801885 -0.01602054
v -0.00766793 -0.03801885 -0.01461002
v -0.01094152 -0.03801885 -0.01235043
v -0.01357923 -0.03801885 -0.00937307
v -0.01542777 -0.03801885 -0.00585098
v -0.01637970 -0.03801885 -0.00198886
v -0.01637970 -0.03801885 0.00198886
v -0.01542777 -0.03801885 0.00585098
v -0.01357923 -0.03801885 0.00937307
v -0.01094152 -0.03801885 0.01235043
v -0.00766793 -0.03801885 0.01461002
v -0.00394871 -0.03801885 0.01602054
v 0.00000000 -0.03801885 0.01562588
v 0.00373952 -0.03801885 0.01517182
v 0.00726171 -0.03801885 0.01383603
v 0.01036188 -0.03801885 0.01169614
v 0.01285985 -0.03801885 0.00887651
v 0.01461045 -0.03801885 0.00554101
v 0.01551195 -0.03801885 0.00188349
v 0.01551195 -0.03801885 -0.00188349
v 0.01461045 -0.03801885 -0.00554101
v 0.01285985 -0.03801885 -0.00887651
v 0.01036188 -0.03801885 -0.01169614
v 0.00726171 -0.03801885 -0.01383603
v 0.00373952 -0.03801885 -0.01517182
v 0.00000000 -0.03801885 -0.01562588
v -0.00373952 -0.03801885 -0.01517182
v -0.00726171 -0.03801885 -0.01383603
v -0.01036188 -0.03801885 -0.01169614
v -0.01285985 -0.03801885 -0.00887651
v -0.01461045 -0.03801885 -0.00554101
v -0.01551195 -0.03801885 -0.00188349
v -0.01551195 -0.03801885 0.00188349
v -0.01461045 -0.03801885 0.00554101
v -0.01285985 -0.03801885 0.00887651
v -0.01036188 -0.03801885 0.01169614
v -0.00726171 -0.03801885 0.01383603
v -0.00373952 -0.03801885 0.01517182
v 0.01139064 -0.04911885 -0.01077004
v 0.01139064 -0.04911885 -0.01442371
v 0.01237319 -0.04811900 -0.01077004
v 0.01215356 -0.04814736 -0.01077004
v 0.01194556 -0.04822336 -0.01077004
v 0.01175939 -0.04834327 -0.01077004
v 0.01160417 -0.04850122 -0.01077004
v 0.01148752 -0.04868946 -0.01077004
v 0.01141516 -0.04889876 -0.01077004
v 0.01237901 -0.04811891 -0.01077004
v 0.01238483 -0.04811887 -0.01077004
v 0.01239064 -0.04811885 -0.01077004
v 0.01239064 -0.04811885 -0.01442371
v 0.01238483 -0.04811887 -0.01442371
v 0.01237901 -0.04811891 -0.01442371
v 0.01237319 -0.04811900 -0.01442371
v 0.01141516 -0.04889876 -0.01442371
v 0.01148752 -0.04868946 -0.01442371
v 0.01160417 -0.04850122 -0.01442371
v 0.01175939 -0.04834327 -0.01442371
v 0.01194556 -0.04822336 -0.01442371
v 0.01215356 -0.04814736 -0.01442371
v 0.01239064 -0.05211885 -0.01542371
v 0.01239064 -0.04911885 -0.01542371
v 0.01139064 -0.05211885 -0.01442371
v 0.01141572 -0.05211885 -0.01464623
v 0.01148968 -0.05211885 -0.01485759
v 0.01160881 -0.05211885 -0.01504720
v 0.01176715 -0.05211885 -0.01520554
v 0.01195676 -0.05211885 -0.01532467
v 0.01216812 -0.05211885 -0.01539863
v 0.01139064 -0.04911885 -0.01442371
v 0.01216812 -0.04911885 -0.01539863
v 0.01195676 -0.04911885 -0.01532467
v 0.01176715 -0.04911885 -0.01520554
v 0.01160881 -0.04911885 -0.01504720
v 0.01148968 -0.04911885 -0.01485759
v 0.01141572 -0.04911885 -0.01464623
v 0.01715299 -0.04811885 -0.01442371
v 0.01715299 -0.04814392 -0.01464623
v 0.01715299 -0.04821788 -0.01485759
v 0.01715299 -0.04833701 -0.01504720
v 0.01715299 -0.04849536 -0.01520554
v 0.01715299 -0.04868496 -0.01532467
v 0.01715299 -0.04889633 -0.01539863
v 0.01715299 -0.04911885 -0.01542371
v 0.01239064 -0.04911885 -0.01542371
v 0.01239064 -0.04811885 -0.01442371
v 0.01239064 -0.04814392 -0.01464623
v 0.01239064 -0.04821788 -0.01485759
v 0.01239064 -0.04833701 -0.01504720
v 0.01239064 -0.04849536 -0.01520554
v 0.01239064 -0.04868496 -0.01532467
v 0.01239064 -0.04889633 -0.01539863
v 0.01715299 -0.04911885 -0.01542371
v 0.01715299 -0.04911885 -0.01542371
v 0.01715299 -0.04811885 -0.01442371
v 0.01715299 -0.04814392 -0.01464623
v 0.01715299 -0.04821788 -0.01485759
v 0.01715299 -0.04833701 -0.01504720
v 0.01715299 -0.04849536 -0.01520554
v 0.01715299 -0.04868496 -0.01532467
v 0.01715299 -0.04889633 -0.01539863
v 0.01737794 -0.04814448 -0.01442371
v 0.01759136 -0.04822005 -0.01442371
v 0.01778231 -0.04834170 -0.01442371
v 0.01794100 -0.04850318 -0.01442371
v 0.01805930 -0.04869623 -0.01442371
v 0.01803657 -0.04870682 -0.01464623
v 0.01796954 -0.04873808 -0.01485759
v 0.01786157 -0.04878843 -0.01504720
v 0.01771806 -0.04885535 -0.01520554
v 0.01754622 -0.04893548 -0.01532467
v 0.01735466 -0.04902480 -0.01539863
v 0.01753292 -0.04852248 -0.01513081
v 0.01767682 -0.04829660 -0.01464623
v 0.01766039 -0.04832239 -0.01475263
v 0.01763708 -0.04835898 -0.01485759
v 0.01715299 -0.04811885 -0.01442371
v 0.01737794 -0.04814448 -0.01442371
v 0.01759136 -0.04822005 -0.01442371
v 0.01778231 -0.04834170 -0.01442371
v 0.01794100 -0.04850318 -0.01442371
v 0.01805930 -0.04869623 -0.01442371
v 0.01715299 -0.04811885 -0.01077004
v 0.01737794 -0.04814448 -0.01077004
v 0.01759136 -0.04822005 -0.01077004
v 0.01778231 -0.04834170 -0.01077004
v 0.01794100 -0.04850318 -0.01077004
v 0.01805930 -0.04869623 -0.01077004
v 0.01715299 -0.04811885 -0.01077004
v 0.01737794 -0.04814448 -0.01077004
v 0.01759136 -0.04822005 -0.01077004
v 0.01778231 -0.04834170 -0.01077004
v 0.01794100 -0.04850318 -0.01077004
v 0.01805930 -0.04869623 -0.01077004
v 0.01715299 -0.04814392 -0.01054752
v 0.01715299 -0.04821788 -0.01033615
v 0.01715299 -0.04833701 -0.01014655
v 0.01715299 -0.04849536 -0.00998821
v 0.01715299 -0.04868496 -0.00986907
v 0.01715299 -0.04889633 -0.00979511
v 0.01715299 -0.04911885 -0.00977004
v 0.01715299 -0.04911885 -0.00977004
v 0.01735466 -0.04902480 -0.00979511
v 0.01754622 -0.04893548 -0.00986907
v 0.01771806 -0.04885535 -0.00998821
v 0.01786157 -0.04878843 -0.01014655
v 0.01796954 -0.04873808 -0.01033615
v 0.01803657 -0.04870682 -0.01054752
v 0.01764419 -0.04861020 -0.01006293
v 0.01762401 -0.04835081 -0.01033615
v 0.01764669 -0.04831382 -0.01044112
v 0.01766267 -0.04828776 -0.01054752
v 0.01715299 -0.04811885 -0.01077004
v 0.01715299 -0.04814392 -0.01054752
v 0.01715299 -0.04821788 -0.01033615
v 0.01715299 -0.04833701 -0.01014655
v 0.01715299 -0.04849536 -0.00998821
v 0.01715299 -0.04868496 -0.00986907
v 0.01715299 -0.04889633 -0.00979511
v 0.01715299 -0.04911885 -0.00977004
v 0.01239064 -0.04811885 -0.01077004
v 0.01239064 -0.04911885 -0.00977004
v 0.01239064 -0.04889633 -0.00979511
v 0.01239064 -0.04868496 -0.00986907
v 0.01239064 -0.04849536 -0.00998821
v 0.01239064 -0.04833701 -0.01014655
v 0.01239064 -0.04821788 -0.01033615
v 0.01239064 -0.04814392 -0.01054752
v 0.01139356 -0.04951885 -0.01069368
v 0.01139356 -0.04911885 -0.01069368
v 0.01139064 -0.04911885 -0.01077004
v 0.01139097 -0.04911885 -0.01074456
v 0.01139194 -0.04911885 -0.01071911
v 0.01139064 -0.05211885 -0.01077004
v 0.01239064 -0.05211885 -0.00977004
v 0.01216812 -0.05211885 -0.00979511
v 0.01195676 -0.05211885 -0.00986907
v 0.01176715 -0.05211885 -0.00998821
v 0.01160881 -0.05211885 -0.01014655
v 0.01148968 -0.05211885 -0.01033615
v 0.01141572 -0.05211885 -0.01054752
v 0.01239064 -0.04911885 -0.00977004
v 0.01217618 -0.04911885 -0.00979331
v 0.01224704 -0.04911885 -0.00978040
v 0.01231866 -0.04911885 -0.00977263
v 0.01217618 -0.04951885 -0.00979331
v 0.01143225 -0.04951885 -0.01048460
v 0.01151426 -0.04951885 -0.01028842
v 0.01163591 -0.04951885 -0.01011401
v 0.01179167 -0.04951885 -0.00996927
v 0.01197452 -0.04951885 -0.00986073
v 0.01377209 -0.04781885 -0.00754309
v 0.01378115 -0.04781885 -0.00761629
v 0.01380651 -0.04781885 -0.00768262
v 0.01384361 -0.04781885 -0.00773749
v 0.01389233 -0.04781885 -0.00778321
v 0.01394902 -0.04781885 -0.00781658
v 0.01401100 -0.04781885 -0.00783666
v 0.01407190 -0.04781885 -0.00784290
v 0.01392174 -0.05211885 -0.00799306
v 0.01362193 -0.05211885 -0.00769324
v 0.01363099 -0.05211885 -0.00776645
v 0.01365635 -0.05211885 -0.00783278
v 0.01369345 -0.05211885 -0.00788764
v 0.01374217 -0.05211885 -0.00793337
v 0.01379886 -0.05211885 -0.00796674
v 0.01386084 -0.05211885 -0.00798682
v 0.01822235 -0.05211885 -0.00799306
v 0.01829555 -0.05211885 -0.00798400
v 0.01836189 -0.05211885 -0.00795864
v 0.01841675 -0.05211885 -0.00792154
v 0.01846248 -0.05211885 -0.00787282
v 0.01849585 -0.05211885 -0.00781613
v 0.01851593 -0.05211885 -0.00775415
v 0.01852217 -0.05211885 -0.00769324
v 0.01807220 -0.04781885 -0.00784290
v 0.01814540 -0.04781885 -0.00783384
v 0.01821173 -0.04781885 -0.00780848
v 0.01826659 -0.04781885 -0.00777138
v 0.01831232 -0.04781885 -0.00772266
v 0.01834569 -0.04781885 -0.00766597
v 0.01836577 -0.04781885 -0.00760399
v 0.01837201 -0.04781885 -0.00754309
v 0.01852217 -0.05211885 -0.00456942
v 0.01851311 -0.05211885 -0.00449622
v 0.01848775 -0.05211885 -0.00442989
v 0.01845065 -0.05211885 -0.00437502
v 0.01840192 -0.05211885 -0.00432929
v 0.01834524 -0.05211885 -0.00429592
v 0.01828325 -0.05211885 -0.00427585
v 0.01822235 -0.05211885 -0.00426960
v 0.01837201 -0.04781885 -0.00471958
v 0.01836295 -0.04781885 -0.00464638
v 0.01833759 -0.04781885 -0.00458005
v 0.01830049 -0.04781885 -0.00452518
v 0.01825177 -0.04781885 -0.00447945
v 0.01819508 -0.04781885 -0.00444608
v 0.01813309 -0.04781885 -0.00442601
v 0.01807219 -0.04781885 -0.00441976
v 0.01377209 -0.04781885 -0.00738226
v 0.01424463 -0.04781885 -0.00642328
v 0.01465050 -0.04781885 -0.00543424
v 0.01498779 -0.04781885 -0.00441976
v 0.01807219 -0.04781885 -0.00441976
v 0.01837201 -0.04781885 -0.00471958
v 0.01836295 -0.04781885 -0.00464638
v 0.01836295 -0.04781885 -0.00464638
v 0.01833759 -0.04781885 -0.00458005
v 0.01833759 -0.04781885 -0.00458005
v 0.01830049 -0.04781885 -0.00452518
v 0.01825177 -0.04781885 -0.00447945
v 0.01825177 -0.04781885 -0.00447945
v 0.01819508 -0.04781885 -0.00444608
v 0.01819508 -0.04781885 -0.00444608
v 0.01813309 -0.04781885 -0.00442601
v 0.01813309 -0.04781885 -0.00442601
v 0.01837201 -0.04781885 -0.00754309
v 0.01807220 -0.04781885 -0.00784290
v 0.01814540 -0.04781885 -0.00783384
v 0.01814540 -0.04781885 -0.00783384
v 0.01821173 -0.04781885 -0.00780848
v 0.01821173 -0.04781885 -0.00780848
v 0.01826659 -0.04781885 -0.00777138
v 0.01831232 -0.04781885 -0.00772266
v 0.01834569 -0.04781885 -0.00766597
v 0.01834569 -0.04781885 -0.00766597
v 0.01836577 -0.04781885 -0.00760399
v 0.01407190 -0.04781885 -0.00784290
v 0.01407190 -0.04781885 -0.00784290
v 0.01377209 -0.04781885 -0.00754309
v 0.01377209 -0.04781885 -0.00754309
v 0.01377209 -0.04781885 -0.00754309
v 0.01378115 -0.04781885 -0.00761629
v 0.01378115 -0.04781885 -0.00761629
v 0.01378115 -0.04781885 -0.00761629
v 0.01380651 -0.04781885 -0.00768262
v 0.01380651 -0.04781885 -0.00768262
v 0.01384361 -0.04781885 -0.00773749
v 0.01389233 -0.04781885 -0.00778321
v 0.01389233 -0.04781885 -0.00778321
v 0.01394902 -0.04781885 -0.00781658
v 0.01394902 -0.04781885 -0.00781658
v 0.01394902 -0.04781885 -0.00781658
v 0.01401100 -0.04781885 -0.00783666
v 0.01401100 -0.04781885 -0.00783666
v 0.00996433 -0.04417645 -0.02587097
v 0.01299466 -0.04862280 -0.02854731
v 0.01136801 -0.04373277 -0.02422120
v 0.01218785 -0.04363323 -0.02313384
v 0.01297909 -0.04366101 -0.02198906
v 0.01320653 -0.04369271 -0.02164022
v 0.01458140 -0.04406034 -0.01928593
v 0.01458630 -0.04406190 -0.01927664
v 0.01794395 -0.04854308 -0.02017887
v 0.01497318 -0.04859404 -0.02631488
v 0.01667041 -0.04856529 -0.02341172
v 0.01608206 -0.04692220 -0.02146678
v 0.01477284 -0.04668282 -0.02368750
v 0.01275970 -0.04685327 -0.02660708
v 0.00996433 -0.04417645 -0.02587097
v 0.01299466 -0.04862280 -0.02854731
v 0.00514586 -0.04876624 -0.03267607
v 0.00876089 -0.04869787 -0.03121720
v 0.01141254 -0.04864612 -0.02973756
v 0.00595109 -0.04762903 -0.03167763
v 0.00670462 -0.04667580 -0.03056752
v 0.00746123 -0.04585769 -0.02935537
v 0.00863377 -0.04488995 -0.02749964
v 0.00401600 -0.05211885 -0.03451593
v 0.00325708 -0.05211885 -0.03463483
v 0.00391377 -0.05080980 -0.03398572
v 0.00391377 -0.05080980 -0.03398572
v 0.00067876 -0.04994787 -0.03376789
v -0.00342788 -0.04922708 -0.03274263
v -0.00753706 -0.04862026 -0.03151635
v 0.00514586 -0.04876624 -0.03267607
v 0.00301752 -0.04782667 -0.03247219
v 0.00087315 -0.04715879 -0.03185733
v -0.00174492 -0.04658848 -0.03076280
v -0.00655425 -0.04574197 -0.02856501
v -0.00704325 -0.04691275 -0.02999281
v -0.00732207 -0.04774258 -0.03084980
v -0.01234746 -0.04401001 -0.02052784
v -0.01221673 -0.04400775 -0.02101648
v -0.01134188 -0.04399248 -0.02324884
v -0.01064135 -0.04398025 -0.02426774
v -0.00948003 -0.04395998 -0.02534479
v -0.00840074 -0.04394114 -0.02598463
v -0.00712761 -0.04391892 -0.02647697
v -0.00577884 -0.04389537 -0.02679356
v -0.00614222 -0.04480334 -0.02753021
v -0.00655425 -0.04574197 -0.02856501
v -0.00704325 -0.04691275 -0.02999281
v -0.00732207 -0.04774258 -0.03084980
v -0.00753706 -0.04862026 -0.03151635
v -0.01482649 -0.04874744 -0.02120166
v -0.01481965 -0.04874732 -0.02127477
v -0.01395164 -0.04873218 -0.02620439
v -0.01325583 -0.04872005 -0.02780812
v -0.01224338 -0.04870240 -0.02921958
v -0.01109756 -0.04868242 -0.03021014
v -0.00992314 -0.04866193 -0.03085694
v -0.00877489 -0.04864188 -0.03125839
v -0.01471131 -0.04814586 -0.02113269
v -0.01447513 -0.04758190 -0.02104995
v -0.01327023 -0.04585217 -0.02074427
v -0.01264681 -0.04487266 -0.02060183
v -0.01246045 -0.04443484 -0.02055760
v -0.00906393 -0.04768914 -0.03047096
v -0.00872046 -0.04703696 -0.02987051
v -0.01092395 -0.04688339 -0.02870152
v -0.01006078 -0.04618395 -0.02812638
v -0.01165801 -0.04688905 -0.02806823
v -0.01056588 -0.04618269 -0.02777693
v -0.01108019 -0.04618671 -0.02732701
v -0.01271142 -0.04693935 -0.02665388
v -0.01168527 -0.04620032 -0.02663429
v -0.01214575 -0.04623820 -0.02596658
v -0.01393823 -0.04719243 -0.02339374
v -0.01244147 -0.04401167 -0.02015776
v -0.01264503 -0.04469626 -0.02020461
v -0.01298247 -0.04533640 -0.02027707
v -0.01439543 -0.04736387 -0.02060243
v -0.01471183 -0.04803142 -0.02069827
v -0.01481277 -0.04838245 -0.02073995
v -0.01486559 -0.04874812 -0.02077598
v -0.01555819 -0.04876021 -0.00764741
v -0.01546217 -0.04875853 0.00549565
v -0.01505239 -0.04875138 0.01309084
v -0.01430898 -0.04873841 0.02065841
v -0.01411343 -0.04772476 0.02057091
v -0.01367404 -0.04638011 0.02042838
v -0.01302886 -0.04402192 0.02021352
v -0.01354514 -0.04403093 0.01771502
v -0.01514775 -0.04405891 0.00749681
v -0.01544719 -0.04406413 -0.00097140
v -0.01461715 -0.04404965 -0.00957575
v -0.01360769 -0.04403203 -0.01509256
v -0.01385208 -0.04606986 -0.01779550
v -0.01365627 -0.04575071 -0.01777228
v -0.01516547 -0.04637592 -0.00428154
v -0.01479596 -0.04638203 0.01026279
v -0.01503735 -0.04739495 -0.01279119
v -0.01451769 -0.04572829 -0.01113846
v -0.00440603 -0.04849903 0.03407337
v -0.00408664 -0.04738119 0.03321138
v -0.00360607 -0.04611879 0.03186927
v -0.00272829 -0.04384213 0.02954496
v -0.00271934 -0.04846773 0.03433154
v -0.00348832 -0.04848141 0.03427749
v -0.00139921 -0.04381894 0.02961290
v -0.00205886 -0.04612146 0.03200268
v -0.00243883 -0.04738857 0.03342329
v -0.01290003 -0.04401974 0.02081150
v -0.01358668 -0.04637583 0.02105258
v -0.01402892 -0.04771237 0.02120605
v -0.01422693 -0.04873698 0.02130243
v -0.00440603 -0.04849903 0.03407337
v -0.00606996 -0.04853450 0.03330425
v -0.00795571 -0.04857861 0.03192288
v -0.01047104 -0.04864155 0.02932444
v -0.01271965 -0.04870005 0.02599561
v -0.01381120 -0.04872800 0.02339996
v -0.00408664 -0.04738119 0.03321138
v -0.00360607 -0.04611879 0.03186927
v -0.00272829 -0.04384213 0.02954496
v -0.00687052 -0.04391442 0.02887775
v -0.00882392 -0.04394853 0.02801402
v -0.01008867 -0.04397060 0.02704032
v -0.01118728 -0.04398978 0.02567472
v -0.01218866 -0.04400726 0.02349968
v -0.01282389 -0.04401835 0.02115443
v -0.00884189 -0.04621263 0.02951255
v -0.00884702 -0.04543811 0.02901509
v -0.00590841 -0.04727479 0.03233535
v -0.00139921 -0.04381894 0.02961290
v -0.00205886 -0.04612146 0.03200268
v -0.00243883 -0.04738857 0.03342329
v -0.00271934 -0.04846773 0.03433154
v 0.00392419 -0.04835175 0.03420632
v 0.00389475 -0.04728572 0.03330319
v 0.00384350 -0.04602523 0.03188647
v 0.00379088 -0.04475472 0.03043539
v 0.00376082 -0.04372886 0.02952464
v 0.00386581 -0.04372703 0.02951712
v 0.00390216 -0.04475372 0.03042841
v 0.00396376 -0.04602304 0.03187821
v 0.00402392 -0.04728425 0.03329546
v 0.00405967 -0.04834939 0.03419704
v 0.01954079 -0.04814756 0.02041376
v 0.01933152 -0.04814879 0.02351230
v 0.01857829 -0.04815313 0.02619298
v 0.01722427 -0.04816323 0.02856707
v 0.01522059 -0.04818241 0.03064154
v 0.01263668 -0.04821323 0.03227102
v 0.00958586 -0.04825692 0.03338274
v 0.00691133 -0.04830023 0.03391049
v 0.01915194 -0.04695173 0.02040978
v 0.01815718 -0.04522855 0.02039950
v 0.01715800 -0.04349489 0.02039127
v 0.01682444 -0.04350076 0.02283339
v 0.01638643 -0.04350840 0.02398583
v 0.01557161 -0.04352264 0.02524127
v 0.01459079 -0.04353977 0.02622542
v 0.01346726 -0.04355938 0.02703188
v 0.01185617 -0.04358752 0.02785906
v 0.00931980 -0.04363180 0.02870166
v 0.00662931 -0.04367878 0.02922540
v 0.01717677 -0.04349468 0.01997188
v 0.01803185 -0.04503003 0.01997755
v 0.01894527 -0.04653348 0.01998582
v 0.01932630 -0.04736766 0.01998943
v 0.01954468 -0.04814749 0.01999135
v 0.01940684 -0.04814989 0.00766596
v 0.01917643 -0.04744200 0.00743402
v 0.01885645 -0.04677433 0.00718756
v 0.01751132 -0.04348884 0.00549276
v 0.01762929 -0.04429543 0.00600605
v 0.01816434 -0.04554204 0.00666171
v 0.01752950 -0.04348852 0.00916556
v 0.01885645 -0.04677433 0.00718756
v 0.02094422 -0.05084881 -0.00159806
v 0.02108834 -0.05158239 -0.00125644
v 0.01940684 -0.04814989 0.00766596
v 0.01989600 -0.04952138 0.00419052
v 0.01917643 -0.04744200 0.00743402
v 0.01794395 -0.04854308 -0.02017887
v 0.01458630 -0.04406190 -0.01927664
v 0.01624794 -0.04457360 -0.01561083
v 0.01767239 -0.04515878 -0.01154055
v 0.01774596 -0.04519433 -0.01128354
v 0.01864650 -0.04581072 -0.00782815
v 0.01914825 -0.04642239 -0.00616688
v 0.01967894 -0.04727351 -0.00469310
v 0.02026824 -0.04850249 -0.00326318
v 0.01945741 -0.04851665 -0.01449684
v 0.02022800 -0.04850320 -0.00887474
v 0.01888390 -0.04720940 -0.01273369
v 0.01884788 -0.04719456 -0.01286662
v 0.01755652 -0.04713255 -0.01779992
v 0.01751132 -0.04348884 0.00549276
v 0.01762929 -0.04429543 0.00600605
v 0.01816434 -0.04554204 0.00666171
v 0.01885645 -0.04677433 0.00718756
v 0.02094422 -0.05084881 -0.00159806
v 0.02026824 -0.04850249 -0.00326318
v 0.02063945 -0.04960108 -0.00235608
v 0.01850830 -0.04602273 0.00107510
v 0.01772812 -0.04465343 0.00346355
v 0.01870602 -0.04670857 0.00170446
v 0.01296144 -0.05111885 -0.01719793
v 0.01296144 -0.05111885 -0.02369793
v 0.02052387 -0.05111885 -0.01719793
v 0.01975989 -0.05111885 -0.02043190
v 0.01856426 -0.05111885 -0.02369793
v 0.01377209 -0.04781885 0.00865118
v 0.01378115 -0.04781885 0.00857798
v 0.01380651 -0.04781885 0.00851164
v 0.01384361 -0.04781885 0.00845678
v 0.01389233 -0.04781885 0.00841105
v 0.01394902 -0.04781885 0.00837768
v 0.01401100 -0.04781885 0.00835760
v 0.01407190 -0.04781885 0.00835136
v 0.01392174 -0.05211885 0.00820120
v 0.01362193 -0.05211885 0.00850102
v 0.01363099 -0.05211885 0.00842782
v 0.01365635 -0.05211885 0.00836149
v 0.01369345 -0.05211885 0.00830662
v 0.01374217 -0.05211885 0.00826089
v 0.01379886 -0.05211885 0.00822752
v 0.01386084 -0.05211885 0.00820744
v 0.01822235 -0.05211885 0.00820120
v 0.01829555 -0.05211885 0.00821027
v 0.01836188 -0.05211885 0.00823562
v 0.01841675 -0.05211885 0.00827273
v 0.01846248 -0.05211885 0.00832145
v 0.01849585 -0.05211885 0.00837813
v 0.01851593 -0.05211885 0.00844012
v 0.01852217 -0.05211885 0.00850102
v 0.01807219 -0.04781885 0.00835136
v 0.01814539 -0.04781885 0.00836043
v 0.01821172 -0.04781885 0.00838578
v 0.01826659 -0.04781885 0.00842289
v 0.01831232 -0.04781885 0.00847161
v 0.01834569 -0.04781885 0.00852829
v 0.01836577 -0.04781885 0.00859028
v 0.01837201 -0.04781885 0.00865118
v 0.01852217 -0.05211885 0.01293394
v 0.01851310 -0.05211885 0.01300714
v 0.01848775 -0.05211885 0.01307347
v 0.01845064 -0.05211885 0.01312834
v 0.01840192 -0.05211885 0.01317407
v 0.01834523 -0.05211885 0.01320744
v 0.01828325 -0.05211885 0.01322751
v 0.01822235 -0.05211885 0.01323376
v 0.01837201 -0.04781885 0.01278378
v 0.01836294 -0.04781885 0.01285698
v 0.01833759 -0.04781885 0.01292331
v 0.01830048 -0.04781885 0.01297818
v 0.01825176 -0.04781885 0.01302391
v 0.01819508 -0.04781885 0.01305728
v 0.01813309 -0.04781885 0.01307735
v 0.01807219 -0.04781885 0.01308360
v 0.01392174 -0.05211885 0.01323376
v 0.01384854 -0.05211885 0.01322469
v 0.01378221 -0.05211885 0.01319933
v 0.01372734 -0.05211885 0.01316223
v 0.01368161 -0.05211885 0.01311351
v 0.01364824 -0.05211885 0.01305682
v 0.01362817 -0.05211885 0.01299484
v 0.01362193 -0.05211885 0.01293394
v 0.01407190 -0.04781885 0.01308360
v 0.01399870 -0.04781885 0.01307453
v 0.01393237 -0.04781885 0.01304917
v 0.01387750 -0.04781885 0.01301207
v 0.01383177 -0.04781885 0.01296335
v 0.01379840 -0.04781885 0.01290666
v 0.01377833 -0.04781885 0.01284468
v 0.01377208 -0.04781885 0.01278378
v 0.01377209 -0.04781885 0.00865118
v 0.01377209 -0.04781885 0.00865118
v 0.01377208 -0.04781885 0.01278378
v 0.01407190 -0.04781885 0.01308360
v 0.01399870 -0.04781885 0.01307453
v 0.01393237 -0.04781885 0.01304917
v 0.01387750 -0.04781885 0.01301207
v 0.01383177 -0.04781885 0.01296335
v 0.01379840 -0.04781885 0.01290666
v 0.01377833 -0.04781885 0.01284468
v 0.01807219 -0.04781885 0.01308360
v 0.01807219 -0.04781885 0.01308360
v 0.01837201 -0.04781885 0.01278378
v 0.01837201 -0.04781885 0.01278378
v 0.01836294 -0.04781885 0.01285698
v 0.01836294 -0.04781885 0.01285698
v 0.01833759 -0.04781885 0.01292331
v 0.01833759 -0.04781885 0.01292331
v 0.01830048 -0.04781885 0.01297818
v 0.01825176 -0.04781885 0.01302391
v 0.01825176 -0.04781885 0.01302391
v 0.01819508 -0.04781885 0.01305728
v 0.01819508 -0.04781885 0.01305728
v 0.01813309 -0.04781885 0.01307735
v 0.01813309 -0.04781885 0.01307735
v 0.01813309 -0.04781885 0.01307735
v 0.01837201 -0.04781885 0.00865118
v 0.01837201 -0.04781885 0.00865118
v 0.01807219 -0.04781885 0.00835136
v 0.01807219 -0.04781885 0.00835136
v 0.01814539 -0.04781885 0.00836043
v 0.01814539 -0.04781885 0.00836043
v 0.01821172 -0.04781885 0.00838578
v 0.01821172 -0.04781885 0.00838578
v 0.01826659 -0.04781885 0.00842289
v 0.01831232 -0.04781885 0.00847161
v 0.01834569 -0.04781885 0.00852829
v 0.01834569 -0.04781885 0.00852829
v 0.01836577 -0.04781885 0.00859028
v 0.01836577 -0.04781885 0.00859028
v 0.01407190 -0.04781885 0.00835136
v 0.01407190 -0.04781885 0.00835136
v 0.01378115 -0.04781885 0.00857798
v 0.01378115 -0.04781885 0.00857798
v 0.01378115 -0.04781885 0.00857798
v 0.01380651 -0.04781885 0.00851164
v 0.01380651 -0.04781885 0.00851164
v 0.01380651 -0.04781885 0.00851164
v 0.01384361 -0.04781885 0.00845678
v 0.01389233 -0.04781885 0.00841105
v 0.01389233 -0.04781885 0.00841105
v 0.01394902 -0.04781885 0.00837768
v 0.01394902 -0.04781885 0.00837768
v 0.01394902 -0.04781885 0.00837768
v 0.01401100 -0.04781885 0.00835760
v 0.01401100 -0.04781885 0.00835760
v 0.01401100 -0.04781885 0.00835760
v -0.01429601 -0.05211187 -0.01760407
v -0.01428466 -0.05211041 -0.01769728
v -0.01425203 -0.05210937 -0.01778537
v -0.01420010 -0.05210887 -0.01786360
v -0.01413109 -0.05210897 -0.01792726
v -0.01404904 -0.05210966 -0.01797297
v -0.01397415 -0.05211062 -0.01799590
v -0.01389625 -0.05211187 -0.01800383
v -0.01414609 -0.04781885 -0.01745416
v -0.01413401 -0.04781885 -0.01755176
v -0.01410020 -0.04781885 -0.01764020
v -0.01405073 -0.04781885 -0.01771336
v -0.01398577 -0.04781885 -0.01777433
v -0.01391018 -0.04781885 -0.01781882
v -0.01383002 -0.04781885 -0.01784507
v -0.01378763 -0.04781885 -0.01785178
v -0.01374634 -0.04781885 -0.01785392
v -0.01389625 -0.05211187 -0.01198054
v -0.01398945 -0.05211041 -0.01199189
v -0.01407755 -0.05210937 -0.01202452
v -0.01415578 -0.05210887 -0.01207645
v -0.01421944 -0.05210897 -0.01214546
v -0.01426515 -0.05210966 -0.01222751
v -0.01428808 -0.05211062 -0.01230241
v -0.01429601 -0.05211187 -0.01238030
v -0.01374634 -0.04781885 -0.01213046
v -0.01384394 -0.04781885 -0.01214255
v -0.01393238 -0.04781885 -0.01217636
v -0.01400554 -0.04781885 -0.01222583
v -0.01406651 -0.04781885 -0.01229079
v -0.01411100 -0.04781885 -0.01236637
v -0.01413724 -0.04781885 -0.01244653
v -0.01414396 -0.04781885 -0.01248892
v -0.01414609 -0.04781885 -0.01253022
v -0.01197503 -0.05211187 -0.01238030
v -0.01198639 -0.05211041 -0.01228710
v -0.01201901 -0.05210937 -0.01219901
v -0.01207094 -0.05210887 -0.01212077
v -0.01213995 -0.05210897 -0.01205711
v -0.01222200 -0.05210966 -0.01201140
v -0.01229690 -0.05211062 -0.01198847
v -0.01237479 -0.05211187 -0.01198054
v -0.01212495 -0.04781885 -0.01253022
v -0.01213704 -0.04781885 -0.01243261
v -0.01217085 -0.04781885 -0.01234417
v -0.01222032 -0.04781885 -0.01227101
v -0.01228528 -0.04781885 -0.01221004
v -0.01236086 -0.04781885 -0.01216555
v -0.01244102 -0.04781885 -0.01213931
v -0.01248341 -0.04781885 -0.01213260
v -0.01252471 -0.04781885 -0.01213046
v -0.01374634 -0.04781885 -0.01785392
v -0.01252471 -0.04781885 -0.01785392
v -0.01414609 -0.04781885 -0.01745416
v -0.01413401 -0.04781885 -0.01755176
v -0.01413401 -0.04781885 -0.01755176
v -0.01410020 -0.04781885 -0.01764020
v -0.01410020 -0.04781885 -0.01764020
v -0.01405073 -0.04781885 -0.01771336
v -0.01398577 -0.04781885 -0.01777433
v -0.01398577 -0.04781885 -0.01777433
v -0.01391018 -0.04781885 -0.01781882
v -0.01391018 -0.04781885 -0.01781882
v -0.01383002 -0.04781885 -0.01784507
v -0.01383002 -0.04781885 -0.01784507
v -0.01378763 -0.04781885 -0.01785178
v -0.01378763 -0.04781885 -0.01785178
v -0.01414609 -0.04781885 -0.01253022
v -0.01374634 -0.04781885 -0.01213046
v -0.01374634 -0.04781885 -0.01213046
v -0.01384394 -0.04781885 -0.01214255
v -0.01384394 -0.04781885 -0.01214255
v -0.01393238 -0.04781885 -0.01217636
v -0.01400554 -0.04781885 -0.01222583
v -0.01406651 -0.04781885 -0.01229079
v -0.01411100 -0.04781885 -0.01236637
v -0.01413724 -0.04781885 -0.01244653
v -0.01414396 -0.04781885 -0.01248892
v -0.01414396 -0.04781885 -0.01248892
v -0.01252471 -0.04781885 -0.01213046
v -0.01212495 -0.04781885 -0.01253022
v -0.01213704 -0.04781885 -0.01243261
v -0.01217085 -0.04781885 -0.01234417
v -0.01222032 -0.04781885 -0.01227101
v -0.01228528 -0.04781885 -0.01221004
v -0.01236086 -0.04781885 -0.01216555
v -0.01244102 -0.04781885 -0.01213931
v -0.01248341 -0.04781885 -0.01213260
v -0.01212495 -0.04781885 -0.01745416
v -0.01212495 -0.04781885 -0.01745416
v -0.01213704 -0.04781885 -0.01755176
v -0.01213704 -0.04781885 -0.01755176
v -0.01213704 -0.04781885 -0.01755176
v -0.01217084 -0.04781885 -0.01764020
v -0.01217084 -0.04781885 -0.01764020
v -0.01222032 -0.04781885 -0.01771336
v -0.01228528 -0.04781885 -0.01777433
v -0.01236086 -0.04781885 -0.01781882
v -0.01236086 -0.04781885 -0.01781882
v -0.01236086 -0.04781885 -0.01781882
v -0.01244102 -0.04781885 -0.01784507
v -0.01244102 -0.04781885 -0.01784507
v -0.01248341 -0.04781885 -0.01785178
v -0.01248341 -0.04781885 -0.01785178
v -0.01248341 -0.04781885 -0.01785178
v -0.01197503 -0.05211187 -0.01760407
v -0.01198722 -0.05211038 -0.01770166
v -0.01202107 -0.05210943 -0.01779002
v -0.01207053 -0.05210901 -0.01786316
v -0.01213548 -0.05210908 -0.01792408
v -0.01221103 -0.05210962 -0.01796865
v -0.01229111 -0.05211056 -0.01799488
v -0.01233349 -0.05211118 -0.01800163
v -0.01237479 -0.05211187 -0.01800383
v -0.01252471 -0.04781885 -0.01785392
v -0.01212495 -0.04781885 -0.01745416
v -0.01213704 -0.04781885 -0.01755176
v -0.01217084 -0.04781885 -0.01764020
v -0.01222032 -0.04781885 -0.01771336
v -0.01228528 -0.04781885 -0.01777433
v -0.01236086 -0.04781885 -0.01781882
v -0.01244102 -0.04781885 -0.01784507
v -0.01248341 -0.04781885 -0.01785178
v -0.01416931 -0.05211187 0.01372301
v -0.01415796 -0.05211041 0.01362981
v -0.01412534 -0.05210937 0.01354171
v -0.01407341 -0.05210887 0.01346348
v -0.01400439 -0.05210897 0.01339982
v -0.01392234 -0.05210966 0.01335411
v -0.01384745 -0.05211062 0.01333118
v -0.01376955 -0.05211187 0.01332325
v -0.01401940 -0.04781885 0.01387292
v -0.01400731 -0.04781885 0.01377532
v -0.01397350 -0.04781885 0.01368688
v -0.01392403 -0.04781885 0.01361372
v -0.01385907 -0.04781885 0.01355275
v -0.01378348 -0.04781885 0.01350826
v -0.01370332 -0.04781885 0.01348201
v -0.01366093 -0.04781885 0.01347530
v -0.01361964 -0.04781885 0.01347317
v -0.01416931 -0.05211187 0.01682740
v -0.01415713 -0.05211038 0.01692498
v -0.01412328 -0.05210943 0.01701335
v -0.01407381 -0.05210901 0.01708649
v -0.01400886 -0.05210908 0.01714741
v -0.01393332 -0.05210962 0.01719197
v -0.01385324 -0.05211056 0.01721821
v -0.01381086 -0.05211118 0.01722496
v -0.01376955 -0.05211187 0.01722716
v -0.01361964 -0.04781885 0.01707724
v -0.01371724 -0.04781885 0.01706516
v -0.01380568 -0.04781885 0.01703135
v -0.01387884 -0.04781885 0.01698188
v -0.01393981 -0.04781885 0.01691691
v -0.01398430 -0.04781885 0.01684133
v -0.01401055 -0.04781885 0.01676117
v -0.01401726 -0.04781885 0.01671878
v -0.01401940 -0.04781885 0.01667749
v -0.01197504 -0.05211187 0.01682740
v -0.01198639 -0.05211041 0.01692060
v -0.01201901 -0.05210937 0.01700869
v -0.01207094 -0.05210887 0.01708693
v -0.01213996 -0.05210897 0.01715059
v -0.01222200 -0.05210966 0.01719630
v -0.01229690 -0.05211062 0.01721923
v -0.01237479 -0.05211187 0.01722716
v -0.01212495 -0.04781885 0.01667749
v -0.01213704 -0.04781885 0.01677509
v -0.01217085 -0.04781885 0.01686353
v -0.01222032 -0.04781885 0.01693669
v -0.01228528 -0.04781885 0.01699766
v -0.01236086 -0.04781885 0.01704215
v -0.01244103 -0.04781885 0.01706839
v -0.01248341 -0.04781885 0.01707510
v -0.01252471 -0.04781885 0.01707724
v -0.01401940 -0.04781885 0.01387292
v -0.01401940 -0.04781885 0.01387292
v -0.01401940 -0.04781885 0.01667749
v -0.01361964 -0.04781885 0.01707724
v -0.01361964 -0.04781885 0.01707724
v -0.01371724 -0.04781885 0.01706516
v -0.01371724 -0.04781885 0.01706516
v -0.01380568 -0.04781885 0.01703135
v -0.01387884 -0.04781885 0.01698188
v -0.01393981 -0.04781885 0.01691691
v -0.01398430 -0.04781885 0.01684133
v -0.01401055 -0.04781885 0.01676117
v -0.01401726 -0.04781885 0.01671878
v -0.01401726 -0.04781885 0.01671878
v -0.01252471 -0.04781885 0.01707724
v -0.01212495 -0.04781885 0.01667749
v -0.01213704 -0.04781885 0.01677509
v -0.01213704 -0.04781885 0.01677509
v -0.01217085 -0.04781885 0.01686353
v -0.01217085 -0.04781885 0.01686353
v -0.01222032 -0.04781885 0.01693669
v -0.01228528 -0.04781885 0.01699766
v -0.01228528 -0.04781885 0.01699766
v -0.01236086 -0.04781885 0.01704215
v -0.01236086 -0.04781885 0.01704215
v -0.01244103 -0.04781885 0.01706839
v -0.01244103 -0.04781885 0.01706839
v -0.01248341 -0.04781885 0.01707510
v -0.01248341 -0.04781885 0.01707510
v -0.01212495 -0.04781885 0.01387292
v -0.01213704 -0.04781885 0.01377532
v -0.01213704 -0.04781885 0.01377532
v -0.01217085 -0.04781885 0.01368688
v -0.01217085 -0.04781885 0.01368688
v -0.01222032 -0.04781885 0.01361372
v -0.01228528 -0.04781885 0.01355275
v -0.01228528 -0.04781885 0.01355275
v -0.01236086 -0.04781885 0.01350826
v -0.01236086 -0.04781885 0.01350826
v -0.01244103 -0.04781885 0.01348201
v -0.01244103 -0.04781885 0.01348201
v -0.01248341 -0.04781885 0.01347530
v -0.01248341 -0.04781885 0.01347530
v -0.01252471 -0.04781885 0.01347317
v -0.01361964 -0.04781885 0.01347317
v -0.01400731 -0.04781885 0.01377532
v -0.01400731 -0.04781885 0.01377532
v -0.01400731 -0.04781885 0.01377532
v -0.01397350 -0.04781885 0.01368688
v -0.01397350 -0.04781885 0.01368688
v -0.01392403 -0.04781885 0.01361372
v -0.01385907 -0.04781885 0.01355275
v -0.01378348 -0.04781885 0.01350826
v -0.01378348 -0.04781885 0.01350826
v -0.01378348 -0.04781885 0.01350826
v -0.01370332 -0.04781885 0.01348201
v -0.01370332 -0.04781885 0.01348201
v -0.01366093 -0.04781885 0.01347530
v -0.01366093 -0.04781885 0.01347530
v -0.01366093 -0.04781885 0.01347530
v -0.01197504 -0.05211187 0.01372301
v -0.01198722 -0.05211038 0.01362542
v -0.01202107 -0.05210943 0.01353706
v -0.01207054 -0.05210901 0.01346392
v -0.01213548 -0.05210908 0.01340300
v -0.01221103 -0.05210962 0.01335843
v -0.01229111 -0.05211056 0.01333220
v -0.01233349 -0.05211118 0.01332545
v -0.01237479 -0.05211187 0.01332325
v -0.01252471 -0.04781885 0.01347317
v -0.01212495 -0.04781885 0.01387292
v -0.01213704 -0.04781885 0.01377532
v -0.01217085 -0.04781885 0.01368688
v -0.01222032 -0.04781885 0.01361372
v -0.01228528 -0.04781885 0.01355275
v -0.01236086 -0.04781885 0.01350826
v -0.01244103 -0.04781885 0.01348201
v -0.01248341 -0.04781885 0.01347530
v 0.00036534 -0.05481885 0.03486032
v -0.00165676 -0.05481885 0.03486032
v 0.00036534 -0.05481885 0.03292310
v -0.00165676 -0.05481885 0.03292310
v -0.00800000 -0.04656342 0.02000000
v -0.00787012 -0.04646686 0.02000000
v -0.00773286 -0.04638112 0.02000000
v -0.00758912 -0.04630675 0.02000000
v -0.00823679 -0.04678877 0.01999076
v -0.00836379 -0.04694708 0.01997794
v -0.00847481 -0.04711885 0.01996219
v -0.00847481 -0.04711885 0.01955715
v -0.00874276 -0.04811885 0.01942318
v -0.00871299 -0.04777685 0.01943806
v -0.00862368 -0.04743987 0.01948272
v -0.00874276 -0.04811885 0.02798219
v -0.00677767 -0.04611915 0.02699964
v -0.00731693 -0.04620303 0.02726897
v -0.00776083 -0.04639736 0.02749109
v -0.00813465 -0.04668266 0.02767812
v -0.00841429 -0.04702066 0.02781785
v -0.00860879 -0.04739917 0.02791520
v -0.00870927 -0.04775490 0.02796544
v -0.00674276 -0.04611885 0.02698219
v -0.00674276 -0.04611885 0.02042318
v -0.00677767 -0.04611915 0.02040572
v -0.00729916 -0.04619779 0.02014553
v -0.00706032 -0.04614417 0.02026475
v -0.00774276 -0.05211885 0.01842318
v -0.00774276 -0.04811885 0.01842318
v -0.00874276 -0.05211885 0.01942318
v -0.00871769 -0.05211885 0.01920066
v -0.00864373 -0.05211885 0.01898929
v -0.00852460 -0.05211885 0.01879969
v -0.00836625 -0.05211885 0.01864135
v -0.00817665 -0.05211885 0.01852221
v -0.00796528 -0.05211885 0.01844825
v -0.00874276 -0.04811885 0.01942318
v -0.00796528 -0.04811885 0.01844825
v -0.00817665 -0.04811885 0.01852221
v -0.00836625 -0.04811885 0.01864135
v -0.00852460 -0.04811885 0.01879969
v -0.00864373 -0.04811885 0.01898929
v -0.00871769 -0.04811885 0.01920066
v -0.00674276 -0.04611885 0.02042318
v -0.00695435 -0.04616421 0.02000002
v 0.01333138 -0.04611885 0.02042318
v 0.01433138 -0.04811885 0.01842318
v 0.01431091 -0.04771675 0.01846402
v 0.01424918 -0.04732477 0.01858757
v 0.01414174 -0.04694725 0.01880227
v 0.01399503 -0.04662284 0.01909579
v 0.01381803 -0.04637181 0.01944960
v 0.01363546 -0.04621362 0.01981462
v 0.01350268 -0.04614852 0.02007979
v -0.00774276 -0.04811885 0.01842318
v -0.00760879 -0.04711885 0.01869113
v -0.00768322 -0.04743987 0.01854227
v -0.00772788 -0.04777685 0.01845295
v 0.01047792 -0.04711885 0.01869113
v 0.00800000 -0.04616413 0.02000000
v 0.00868951 -0.04618322 0.01991971
v 0.00927908 -0.04624892 0.01971366
v 0.00975249 -0.04638010 0.01943488
v 0.01007493 -0.04656279 0.01916672
v 0.01030969 -0.04680588 0.01891450
v 0.01533138 -0.05211885 0.01942318
v 0.01533138 -0.04811885 0.01942318
v 0.01433138 -0.05211885 0.01842318
v 0.01455390 -0.05211885 0.01844825
v 0.01476527 -0.05211885 0.01852221
v 0.01495487 -0.05211885 0.01864135
v 0.01511321 -0.05211885 0.01879969
v 0.01523235 -0.05211885 0.01898929
v 0.01530631 -0.05211885 0.01920066
v 0.01433138 -0.04811885 0.01842318
v 0.01530631 -0.04811885 0.01920066
v 0.01523235 -0.04811885 0.01898929
v 0.01511321 -0.04811885 0.01879969
v 0.01495487 -0.04811885 0.01864135
v 0.01476527 -0.04811885 0.01852221
v 0.01455390 -0.04811885 0.01844825
v 0.01533138 -0.04811885 0.02798219
v 0.01529055 -0.04771675 0.02796171
v 0.01516699 -0.04732477 0.02789998
v 0.01495229 -0.04694725 0.02779255
v 0.01465877 -0.04662284 0.02764584
v 0.01430497 -0.04637181 0.02746884
v 0.01393994 -0.04621362 0.02728626
v 0.01367477 -0.04614852 0.02715348
v 0.01333138 -0.04611885 0.02698219
v 0.01533138 -0.04811885 0.01942318
v 0.01333138 -0.04611885 0.02042318
v 0.01383788 -0.04618404 0.02017033
v 0.01422897 -0.04633158 0.01997445
v 0.01463580 -0.04660277 0.01977105
v 0.01496188 -0.04696062 0.01960802
v 0.01517339 -0.04733977 0.01950218
v 0.01528511 -0.04769160 0.01944631
v 0.01531982 -0.04790471 0.01942896
v 0.01433138 -0.05211885 0.02898219
v 0.01433138 -0.04811885 0.02898219
v 0.01533138 -0.05211885 0.02798219
v 0.01530631 -0.05211885 0.02820471
v 0.01523235 -0.05211885 0.02841607
v 0.01511321 -0.05211885 0.02860568
v 0.01495487 -0.05211885 0.02876402
v 0.01476527 -0.05211885 0.02888316
v 0.01455390 -0.05211885 0.02895712
v 0.01533138 -0.04811885 0.02798219
v 0.01455390 -0.04811885 0.02895712
v 0.01476527 -0.04811885 0.02888316
v 0.01495487 -0.04811885 0.02876402
v 0.01511321 -0.04811885 0.02860568
v 0.01523235 -0.04811885 0.02841607
v 0.01530631 -0.04811885 0.02820471
v 0.01333138 -0.04611885 0.02698219
v 0.01358423 -0.04618404 0.02748868
v 0.01378011 -0.04633158 0.02787978
v 0.01398352 -0.04660277 0.02828661
v 0.01414654 -0.04696062 0.02861268
v 0.01425238 -0.04733977 0.02882419
v 0.01430825 -0.04769160 0.02893592
v 0.01432560 -0.04790471 0.02897062
v 0.01433138 -0.04811885 0.02898219
v -0.00674276 -0.04611885 0.02698219
v -0.00774276 -0.04811885 0.02898219
v -0.00772229 -0.04771675 0.02894135
v -0.00766056 -0.04732477 0.02881779
v -0.00755313 -0.04694725 0.02860310
v -0.00740641 -0.04662284 0.02830958
v -0.00722941 -0.04637181 0.02795577
v -0.00704684 -0.04621362 0.02759074
v -0.00691406 -0.04614852 0.02732558
v -0.00874276 -0.05211885 0.02798219
v -0.00874276 -0.04811885 0.02798219
v -0.00774276 -0.05211885 0.02898219
v -0.00796528 -0.05211885 0.02895712
v -0.00817665 -0.05211885 0.02888316
v -0.00836625 -0.05211885 0.02876402
v -0.00852460 -0.05211885 0.02860568
v -0.00864373 -0.05211885 0.02841607
v -0.00871769 -0.05211885 0.02820471
v -0.00774276 -0.04811885 0.02898219
v -0.00796528 -0.04811885 0.02895712
v -0.00817665 -0.04811885 0.02888316
v -0.00836625 -0.04811885 0.02876402
v -0.00852460 -0.04811885 0.02860568
v -0.00864373 -0.04811885 0.02841607
v -0.00871769 -0.04811885 0.02820471
v 0.00869706 -0.03811885 -0.01298188
v 0.00883991 -0.03842589 -0.01288504
v 0.00893027 -0.03876099 -0.01282258
v 0.00896144 -0.03911263 -0.01280081
v 0.00896144 -0.03911263 -0.01659007
v 0.00869706 -0.03811885 -0.01659007
v 0.00884245 -0.03843308 -0.01659007
v 0.00893147 -0.03876769 -0.01659007
v 0.00859836 -0.04311824 -0.02292349
v 0.00879667 -0.04311824 -0.02238506
v 0.00892024 -0.04311824 -0.02179047
v 0.00896144 -0.04311824 -0.02117657
v 0.00896144 -0.04311824 -0.02292349
v 0.00896144 -0.04464391 -0.02292349
v 0.00892024 -0.04410776 -0.02292349
v 0.00879667 -0.04358848 -0.02292349
v 0.00859836 -0.04311824 -0.02292349
v 0.00896144 -0.04311824 -0.02292349
v 0.00696144 -0.05146310 -0.02292349
v 0.00696144 -0.04711885 -0.01797067
v -0.00703856 -0.05146310 -0.02292349
v -0.00703856 -0.04711885 -0.01797067
v 0.00896144 -0.04880276 -0.02292349
v 0.00890096 -0.04945202 -0.02292349
v 0.00870596 -0.05010377 -0.02292349
v 0.00837565 -0.05068390 -0.02292349
v 0.00802829 -0.05105299 -0.02292349
v 0.00766804 -0.05129153 -0.02292349
v 0.00731051 -0.05142226 -0.02292349
v 0.00696144 -0.05146310 -0.02292349
v 0.00896144 -0.04711885 -0.02100369
v 0.00696144 -0.04711885 -0.01797067
v 0.00727893 -0.04711885 -0.01800913
v 0.00760479 -0.04711885 -0.01813187
v 0.00792451 -0.04711885 -0.01834547
v 0.00822178 -0.04711885 -0.01864868
v 0.00848079 -0.04711885 -0.01903132
v 0.00868888 -0.04711885 -0.01947513
v 0.00887490 -0.04711885 -0.02012115
v 0.00894073 -0.04711885 -0.02056840
v -0.00703856 -0.04711885 -0.01797067
v 0.00696144 -0.04711885 -0.01797067
v -0.00903856 -0.04711885 -0.02100369
v -0.00890620 -0.04711885 -0.01991864
v -0.00858640 -0.04711885 -0.01908293
v -0.00823416 -0.04711885 -0.01857229
v -0.00789071 -0.04711885 -0.01825975
v -0.00756294 -0.04711885 -0.01807678
v -0.00729715 -0.04711885 -0.01799613
v -0.00903856 -0.04711885 -0.01274647
v -0.00624590 -0.04711885 -0.01432330
v -0.00319014 -0.04711885 -0.01529677
v 0.00000000 -0.04711885 -0.01562588
v 0.00315935 -0.04711885 -0.01530316
v 0.00618820 -0.04711885 -0.01434832
v 0.00896144 -0.04711885 -0.01280081
v 0.00896144 -0.04711885 -0.02100369
v 0.00727893 -0.04711885 -0.01800913
v 0.00760479 -0.04711885 -0.01813187
v 0.00792451 -0.04711885 -0.01834547
v 0.00822178 -0.04711885 -0.01864868
v 0.00848079 -0.04711885 -0.01903132
v 0.00868888 -0.04711885 -0.01947513
v 0.00887490 -0.04711885 -0.02012115
v 0.00894073 -0.04711885 -0.02056840
v -0.00903856 -0.03911263 -0.01274647
v -0.00900777 -0.03876266 -0.01276826
v -0.00891757 -0.03842753 -0.01283142
v -0.00877419 -0.03811885 -0.01292988
v -0.00877419 -0.03811885 -0.01659007
v -0.00903856 -0.03911263 -0.01659007
v -0.00900859 -0.03876769 -0.01659007
v -0.00891958 -0.03843308 -0.01659007
v -0.00703856 -0.04784881 -0.02963360
v -0.00704733 -0.04784882 -0.02963359
v -0.00705609 -0.04784887 -0.02963355
v -0.00706485 -0.04784894 -0.02963349
v -0.00750555 -0.04789045 -0.02959724
v -0.00792321 -0.04800419 -0.02949790
v -0.00829725 -0.04818454 -0.02934039
v -0.00860923 -0.04842263 -0.02913246
v -0.00884375 -0.04870670 -0.02888436
v -0.00898925 -0.04902275 -0.02860834
v -0.00903856 -0.04935519 -0.02831800
v -0.00903856 -0.03911263 -0.01659007
v -0.00854160 -0.03811885 -0.01745799
v -0.00881229 -0.03841662 -0.01719793
v -0.00898117 -0.03875434 -0.01690298
v -0.00703856 -0.03811885 -0.01849261
v -0.00731634 -0.03811885 -0.01846315
v -0.00759421 -0.03811885 -0.01837292
v -0.00786353 -0.03811885 -0.01822191
v -0.00811586 -0.03811885 -0.01801384
v -0.00834378 -0.03811885 -0.01775591
v -0.00703856 -0.05146310 -0.02292349
v -0.00739209 -0.05142120 -0.02292349
v -0.00775405 -0.05128703 -0.02292349
v -0.00810403 -0.05105415 -0.02292349
v -0.00841960 -0.05072702 -0.02292349
v -0.00868043 -0.05032188 -0.02292349
v -0.00887246 -0.04986425 -0.02292349
v -0.00899914 -0.04932838 -0.02292349
v -0.00903856 -0.04880276 -0.02292349
v -0.00703856 -0.04711885 -0.01797067
v -0.00903856 -0.04711885 -0.02100369
v -0.00890620 -0.04711885 -0.01991864
v -0.00858640 -0.04711885 -0.01908293
v -0.00823416 -0.04711885 -0.01857229
v -0.00789071 -0.04711885 -0.01825975
v -0.00756294 -0.04711885 -0.01807678
v -0.00729715 -0.04711885 -0.01799613
v -0.00703856 -0.04935519 -0.03031800
v -0.00703856 -0.04935519 -0.03031800
v -0.00748360 -0.04935519 -0.03026786
v -0.00790633 -0.04935519 -0.03011994
v -0.00828554 -0.04935519 -0.02988166
v -0.00860222 -0.04935519 -0.02956498
v -0.00884050 -0.04935519 -0.02918577
v -0.00898842 -0.04935519 -0.02876304
v -0.00903856 -0.04935519 -0.02831800
v -0.00706485 -0.04784894 -0.02963349
v -0.00750555 -0.04789045 -0.02959724
v -0.00792321 -0.04800419 -0.02949790
v -0.00829725 -0.04818454 -0.02934039
v -0.00860923 -0.04842263 -0.02913246
v -0.00884375 -0.04870670 -0.02888436
v -0.00898925 -0.04902275 -0.02860834
v -0.00705940 -0.04816141 -0.02992251
v -0.00705300 -0.04852797 -0.03013885
v -0.00704595 -0.04893200 -0.03027270
v -0.00805662 -0.04836403 -0.02972553
v 0.00696144 -0.04784881 -0.02963360
v -0.00703856 -0.04784881 -0.02963360
v 0.00751868 -0.04827501 -0.03000121
v 0.00804162 -0.04879796 -0.03023880
v 0.00826989 -0.04907662 -0.03029850
v 0.00846782 -0.04935519 -0.03031800
v -0.00703856 -0.04935519 -0.03031800
v -0.00703856 -0.04816132 -0.02992258
v -0.00703856 -0.04852791 -0.03013888
v -0.00703856 -0.04893197 -0.03027271
v 0.00896144 -0.03911263 -0.01659007
v 0.00896144 -0.04311824 -0.02117657
v 0.00859836 -0.04311824 -0.02292349
v 0.00879667 -0.04311824 -0.02238506
v 0.00892024 -0.04311824 -0.02179047
v 0.00896144 -0.04464391 -0.02292349
v 0.00892024 -0.04410776 -0.02292349
v 0.00879667 -0.04358848 -0.02292349
v 0.00896144 -0.05110189 -0.03031800
v 0.00846782 -0.04935519 -0.03031800
v 0.00873566 -0.04987629 -0.03031800
v 0.00890499 -0.05047549 -0.03031800
v 0.00696144 -0.04784881 -0.02963360
v 0.00751868 -0.04827501 -0.03000121
v 0.00804162 -0.04879796 -0.03023880
v 0.00826989 -0.04907662 -0.03029850
v 0.00696144 -0.03811885 -0.01849261
v 0.00846448 -0.03811885 -0.01745799
v 0.00808648 -0.03811885 -0.01796595
v 0.00771822 -0.03811885 -0.01826654
v 0.00738618 -0.03811885 -0.01842326
v 0.00717320 -0.03811885 -0.01847552
v 0.00890404 -0.03875434 -0.01690298
v 0.00873516 -0.03841662 -0.01719793
v -0.00319000 -0.04951885 -0.00300000
v -0.00319000 -0.05211885 -0.00300000
v -0.00619000 -0.04951885 0.00000000
v -0.00552244 -0.04951885 -0.00007522
v -0.00488835 -0.04951885 -0.00029709
v -0.00431953 -0.04951885 -0.00065451
v -0.00384451 -0.04951885 -0.00112953
v -0.00348709 -0.04951885 -0.00169835
v -0.00326522 -0.04951885 -0.00233244
v -0.00619000 -0.05211885 0.00000000
v -0.00326522 -0.05211885 -0.00233244
v -0.00348709 -0.05211885 -0.00169835
v -0.00384451 -0.05211885 -0.00112953
v -0.00431953 -0.05211885 -0.00065451
v -0.00488835 -0.05211885 -0.00029709
v -0.00552244 -0.05211885 -0.00007522
v 0.00181000 -0.04951885 0.01005000
v 0.00228863 -0.04951885 0.00999188
v 0.00273945 -0.04951885 0.00982091
v 0.00313625 -0.04951885 0.00954702
v 0.00345597 -0.04951885 0.00918613
v 0.00368003 -0.04951885 0.00875921
v 0.00379542 -0.04951885 0.00829107
v 0.00379542 -0.04951885 0.00780893
v 0.00368003 -0.04951885 0.00734079
v 0.00345597 -0.04951885 0.00691387
v 0.00313625 -0.04951885 0.00655298
v 0.00273945 -0.04951885 0.00627909
v 0.00228863 -0.04951885 0.00610812
v 0.00181000 -0.04951885 0.00605000
v 0.00181000 -0.05211885 0.01005000
v 0.00181000 -0.05211885 0.00605000
v 0.00228863 -0.05211885 0.00610812
v 0.00273945 -0.05211885 0.00627909
v 0.00313625 -0.05211885 0.00655298
v 0.00345597 -0.05211885 0.00691387
v 0.00368003 -0.05211885 0.00734079
v 0.00379542 -0.05211885 0.00780893
v 0.00379542 -0.05211885 0.00829107
v 0.00368003 -0.05211885 0.00875921
v 0.00345597 -0.05211885 0.00918613
v 0.00313625 -0.05211885 0.00954702
v 0.00273945 -0.05211885 0.00982091
v 0.00228863 -0.05211885 0.00999188
v 0.00181000 -0.04951885 -0.00445000
v 0.00228863 -0.04951885 -0.00450812
v 0.00273945 -0.04951885 -0.00467909
v 0.00313625 -0.04951885 -0.00495298
v 0.00345597 -0.04951885 -0.00531387
v 0.00368003 -0.04951885 -0.00574079
v 0.00379542 -0.04951885 -0.00620893
v 0.00379542 -0.04951885 -0.00669107
v 0.00368003 -0.04951885 -0.00715921
v 0.00345597 -0.04951885 -0.00758613
v 0.00313625 -0.04951885 -0.00794702
v 0.00273945 -0.04951885 -0.00822091
v 0.00228863 -0.04951885 -0.00839188
v 0.00181000 -0.04951885 -0.00845000
v 0.00181000 -0.05211885 -0.00445000
v 0.00181000 -0.05211885 -0.00845000
v 0.00228863 -0.05211885 -0.00839188
v 0.00273945 -0.05211885 -0.00822091
v 0.00313625 -0.05211885 -0.00794702
v 0.00345597 -0.05211885 -0.00758613
v 0.00368003 -0.05211885 -0.00715921
v 0.00379542 -0.05211885 -0.00669107
v 0.00379542 -0.05211885 -0.00620893
v 0.00368003 -0.05211885 -0.00574079
v 0.00345597 -0.05211885 -0.00531387
v 0.00313625 -0.05211885 -0.00495298
v 0.00273945 -0.05211885 -0.00467909
v 0.00228863 -0.05211885 -0.00450812
v 0.01139064 -0.04911885 -0.01442371
v 0.01139064 -0.05211885 -0.01442371
v 0.01139064 -0.04911885 -0.01077004
v 0.01139064 -0.05211885 -0.01077004
v 0.01715299 -0.04911885 -0.01542371
v 0.01855191 -0.05211885 -0.01542371
v 0.01239064 -0.04911885 -0.01542371
v 0.01239064 -0.05211885 -0.01542371
v 0.01965529 -0.05211885 -0.01442371
v 0.01805930 -0.04869623 -0.01442371
v 0.01855191 -0.05211885 -0.01542371
v 0.01882119 -0.05211885 -0.01539347
v 0.01909151 -0.05211885 -0.01529597
v 0.01931028 -0.05211885 -0.01515007
v 0.01946878 -0.05211885 -0.01498003
v 0.01957996 -0.05211885 -0.01478687
v 0.01963737 -0.05211885 -0.01460319
v 0.01715299 -0.04911885 -0.01542371
v 0.01803657 -0.04870682 -0.01464623
v 0.01796954 -0.04873808 -0.01485759
v 0.01786157 -0.04878843 -0.01504720
v 0.01771806 -0.04885535 -0.01520554
v 0.01754622 -0.04893548 -0.01532467
v 0.01735466 -0.04902480 -0.01539863
v 0.01805930 -0.04869623 -0.01077004
v 0.01965529 -0.05211885 -0.01077004
v 0.01805930 -0.04869623 -0.01442371
v 0.01965529 -0.05211885 -0.01442371
v 0.01855191 -0.05211885 -0.00977004
v 0.01715299 -0.04911885 -0.00977004
v 0.01965529 -0.05211885 -0.01077004
v 0.01962846 -0.05211885 -0.01055085
v 0.01955352 -0.05211885 -0.01035056
v 0.01944296 -0.05211885 -0.01018025
v 0.01929510 -0.05211885 -0.01003090
v 0.01911821 -0.05211885 -0.00991179
v 0.01892374 -0.05211885 -0.00982853
v 0.01873549 -0.05211885 -0.00978397
v 0.01805930 -0.04869623 -0.01077004
v 0.01735466 -0.04902480 -0.00979511
v 0.01754622 -0.04893548 -0.00986907
v 0.01771806 -0.04885535 -0.00998821
v 0.01786157 -0.04878843 -0.01014655
v 0.01796954 -0.04873808 -0.01033615
v 0.01803657 -0.04870682 -0.01054752
v 0.01239064 -0.04911885 -0.00977004
v 0.01239064 -0.05211885 -0.00977004
v 0.01715299 -0.04911885 -0.00977004
v 0.01855191 -0.05211885 -0.00977004
v 0.01371272 -0.04951885 -0.00749196
v 0.01377209 -0.04781885 -0.00738226
v 0.01377209 -0.04781885 -0.00754309
v 0.01362193 -0.05211885 -0.00769324
v 0.01362193 -0.05211885 -0.00456942
v 0.01371272 -0.04951885 -0.00466021
v 0.01807220 -0.04781885 -0.00784290
v 0.01407190 -0.04781885 -0.00784290
v 0.01822235 -0.05211885 -0.00799306
v 0.01392174 -0.05211885 -0.00799306
v 0.01852217 -0.05211885 -0.00769324
v 0.01852217 -0.05211885 -0.00456942
v 0.01837201 -0.04781885 -0.00754309
v 0.01837201 -0.04781885 -0.00471958
v 0.01498779 -0.04781885 -0.00441976
v 0.01500517 -0.04951885 -0.00436040
v 0.01401254 -0.04951885 -0.00436040
v 0.01392174 -0.05211885 -0.00426960
v 0.01822235 -0.05211885 -0.00426960
v 0.01807219 -0.04781885 -0.00441976
v 0.01296144 -0.05211885 -0.01719793
v 0.01296144 -0.05211885 -0.02369793
v 0.01296144 -0.05111885 -0.02369793
v 0.01296144 -0.05111885 -0.01719793
v 0.01296144 -0.05111885 -0.02369793
v 0.01296144 -0.05211885 -0.02369793
v 0.01856426 -0.05111885 -0.02369793
v 0.01922251 -0.05211885 -0.02369793
v 0.01856426 -0.05111885 -0.02369793
v 0.01922251 -0.05211885 -0.02369793
v 0.01754703 -0.05211885 -0.02677131
v 0.01627492 -0.05211885 -0.02855149
v 0.01481125 -0.05211885 -0.03017565
v 0.01299466 -0.04862280 -0.02854731
v 0.01497318 -0.04859404 -0.02631488
v 0.01667041 -0.04856529 -0.02341172
v 0.01794395 -0.04854308 -0.02017887
v 0.01975989 -0.05111885 -0.02043190
v 0.01481125 -0.05211885 -0.03017565
v 0.01343575 -0.05211885 -0.03127107
v 0.00884046 -0.05211885 -0.03319073
v 0.00401600 -0.05211885 -0.03451593
v 0.00391377 -0.05080980 -0.03398572
v 0.00514586 -0.04876624 -0.03267607
v 0.00876089 -0.04869787 -0.03121720
v 0.01141254 -0.04864612 -0.02973756
v 0.01299466 -0.04862280 -0.02854731
v 0.01049116 -0.05019318 -0.03148445
v -0.00753706 -0.04862026 -0.03151635
v -0.00781601 -0.05027211 -0.03239110
v -0.00803157 -0.05211885 -0.03308358
v 0.00325708 -0.05211885 -0.03463483
v -0.00056167 -0.05211885 -0.03466672
v -0.00434472 -0.05211885 -0.03409405
v 0.00391377 -0.05080980 -0.03398572
v 0.00067876 -0.04994787 -0.03376789
v -0.00342788 -0.04922708 -0.03274263
v -0.00803157 -0.05211885 -0.03308358
v -0.01009125 -0.05211885 -0.03210853
v -0.01169986 -0.05211885 -0.03082156
v -0.01286511 -0.05211885 -0.02939038
v -0.01374473 -0.05211885 -0.02775853
v -0.01463260 -0.05211885 -0.02475395
v -0.01503833 -0.05211885 -0.02163250
v -0.01482649 -0.04874744 -0.02120166
v -0.01481965 -0.04874732 -0.02127477
v -0.01395164 -0.04873218 -0.02620439
v -0.01325583 -0.04872005 -0.02780812
v -0.01224338 -0.04870240 -0.02921958
v -0.01109756 -0.04868242 -0.03021014
v -0.00992314 -0.04866193 -0.03085694
v -0.00877489 -0.04864188 -0.03125839
v -0.00753706 -0.04862026 -0.03151635
v -0.00781601 -0.05027211 -0.03239110
v -0.01430898 -0.04873841 0.02065841
v -0.01422693 -0.04873698 0.02130243
v -0.01453618 -0.05211885 0.02179024
v -0.01503833 -0.05211885 -0.02163250
v -0.01584075 -0.05211885 -0.00769282
v -0.01576417 -0.05211885 0.00627278
v -0.01532987 -0.05211885 0.01404592
v -0.01482649 -0.04874744 -0.02120166
v -0.01486559 -0.04874812 -0.02077598
v -0.01555819 -0.04876021 -0.00764741
v -0.01546217 -0.04875853 0.00549565
v -0.01505239 -0.04875138 0.01309084
v -0.01453618 -0.05211885 0.02179024
v -0.01384730 -0.05211885 0.02503133
v -0.01254036 -0.05211885 0.02808317
v -0.01075639 -0.05211885 0.03088356
v -0.00853988 -0.05211885 0.03337162
v -0.00614251 -0.05211885 0.03517859
v -0.00433864 -0.05211885 0.03596073
v -0.00350262 -0.05211885 0.03614116
v -0.00265069 -0.05211885 0.03621067
v -0.00268650 -0.05019410 0.03537039
v -0.00271934 -0.04846773 0.03433154
v -0.00348832 -0.04848141 0.03427749
v -0.00440603 -0.04849903 0.03407337
v -0.00606996 -0.04853450 0.03330425
v -0.00795571 -0.04857861 0.03192288
v -0.01047104 -0.04864155 0.02932444
v -0.01271965 -0.04870005 0.02599561
v -0.01381120 -0.04872800 0.02339996
v -0.01422693 -0.04873698 0.02130243
v 0.00392419 -0.04835175 0.03420632
v 0.00391147 -0.05013736 0.03527511
v 0.00388780 -0.05211885 0.03613339
v -0.00265069 -0.05211885 0.03621067
v -0.00268650 -0.05019410 0.03537039
v -0.00271934 -0.04846773 0.03433154
v 0.00388780 -0.05211885 0.03613339
v 0.00948235 -0.05211885 0.03537194
v 0.01218919 -0.05211885 0.03451317
v 0.01520060 -0.05211885 0.03285075
v 0.01728694 -0.05211885 0.03089631
v 0.01870074 -0.05211885 0.02873079
v 0.01960586 -0.05211885 0.02631239
v 0.02007058 -0.05211885 0.02357897
v 0.02019674 -0.05211885 0.02081038
v 0.01954079 -0.04814756 0.02041376
v 0.01933152 -0.04814879 0.02351230
v 0.01857829 -0.04815313 0.02619298
v 0.01722427 -0.04816323 0.02856707
v 0.01522059 -0.04818241 0.03064154
v 0.01263668 -0.04821323 0.03227102
v 0.00958586 -0.04825692 0.03338274
v 0.00691133 -0.04830023 0.03391049
v 0.00405967 -0.04834939 0.03419704
v 0.00392419 -0.04835175 0.03420632
v 0.00391147 -0.05013736 0.03527511
v 0.02019674 -0.05211885 0.02081038
v 0.02019661 -0.05211885 0.00810171
v 0.01982414 -0.05011178 0.00803239
v 0.01940684 -0.04814989 0.00766596
v 0.01954468 -0.04814749 0.01999135
v 0.01954079 -0.04814756 0.02041376
v 0.02108834 -0.05158239 -0.00125644
v 0.02118247 -0.05211885 -0.00104857
v 0.02019661 -0.05211885 0.00810171
v 0.02049896 -0.05211885 0.00350883
v 0.01982414 -0.05011178 0.00803239
v 0.01940684 -0.04814989 0.00766596
v 0.01989600 -0.04952138 0.00419052
v 0.02052387 -0.05111885 -0.01719793
v 0.01975989 -0.05111885 -0.02043190
v 0.01794395 -0.04854308 -0.02017887
v 0.01945741 -0.04851665 -0.01449684
v 0.02022800 -0.04850320 -0.00887474
v 0.02026824 -0.04850249 -0.00326318
v 0.02063945 -0.04960108 -0.00235608
v 0.02094422 -0.05084881 -0.00159806
v 0.02108834 -0.05158239 -0.00125644
v 0.02118247 -0.05211885 -0.00104857
v 0.02178659 -0.05211885 -0.00824279
v 0.02162734 -0.05211885 -0.01273155
v 0.02105282 -0.05211885 -0.01719793
v 0.01296144 -0.05111885 -0.01719793
v 0.02052387 -0.05111885 -0.01719793
v 0.01296144 -0.05211885 -0.01719793
v 0.02105282 -0.05211885 -0.01719793
v 0.01362193 -0.05211885 0.01293394
v 0.01362193 -0.05211885 0.00850102
v 0.01377208 -0.04781885 0.01278378
v 0.01377209 -0.04781885 0.00865118
v 0.01807219 -0.04781885 0.00835136
v 0.01407190 -0.04781885 0.00835136
v 0.01822235 -0.05211885 0.00820120
v 0.01392174 -0.05211885 0.00820120
v 0.01852217 -0.05211885 0.00850102
v 0.01852217 -0.05211885 0.01293394
v 0.01837201 -0.04781885 0.00865118
v 0.01837201 -0.04781885 0.01278378
v 0.01822235 -0.05211885 0.01323376
v 0.01392174 -0.05211885 0.01323376
v 0.01807219 -0.04781885 0.01308360
v 0.01407190 -0.04781885 0.01308360
v -0.01429625 -0.05211885 -0.01238006
v -0.01429601 -0.05211187 -0.01238030
v -0.01414609 -0.04781885 -0.01253022
v -0.01414609 -0.04781885 -0.01745416
v -0.01429601 -0.05211187 -0.01760407
v -0.01429625 -0.05211885 -0.01760432
v -0.01429601 -0.05211187 -0.01760407
v -0.01429625 -0.05211885 -0.01760432
v -0.01428488 -0.05211885 -0.01769803
v -0.01425224 -0.05211885 -0.01778607
v -0.01420041 -0.05211885 -0.01786401
v -0.01413167 -0.05211885 -0.01792745
v -0.01404982 -0.05211885 -0.01797315
v -0.01397484 -0.05211885 -0.01799612
v -0.01389650 -0.05211885 -0.01800407
v -0.01389625 -0.05211187 -0.01800383
v -0.01428466 -0.05211041 -0.01769728
v -0.01425203 -0.05210937 -0.01778537
v -0.01420010 -0.05210887 -0.01786360
v -0.01413109 -0.05210897 -0.01792726
v -0.01404904 -0.05210966 -0.01797297
v -0.01397415 -0.05211062 -0.01799590
v -0.01237455 -0.05211885 -0.01800407
v -0.01237479 -0.05211187 -0.01800383
v -0.01228084 -0.05211885 -0.01799270
v -0.01219280 -0.05211885 -0.01796006
v -0.01211485 -0.05211885 -0.01790823
v -0.01205141 -0.05211885 -0.01783949
v -0.01200572 -0.05211885 -0.01775764
v -0.01198274 -0.05211885 -0.01768267
v -0.01197479 -0.05211885 -0.01760432
v -0.01197503 -0.05211187 -0.01760407
v -0.01198722 -0.05211038 -0.01770166
v -0.01202107 -0.05210943 -0.01779002
v -0.01207053 -0.05210901 -0.01786316
v -0.01213548 -0.05210908 -0.01792408
v -0.01221103 -0.05210962 -0.01796865
v -0.01229111 -0.05211056 -0.01799488
v -0.01233349 -0.05211118 -0.01800163
v -0.01197503 -0.05211187 -0.01760407
v -0.01197503 -0.05211187 -0.01760407
v -0.01197479 -0.05211885 -0.01760432
v -0.01212495 -0.04781885 -0.01745416
v -0.01212495 -0.04781885 -0.01253022
v -0.01197503 -0.05211187 -0.01238030
v -0.01197503 -0.05211187 -0.01238030
v -0.01197479 -0.05211885 -0.01238006
v -0.01197479 -0.05211885 -0.01238006
v -0.01197503 -0.05211187 -0.01238030
v -0.01197479 -0.05211885 -0.01238006
v -0.01198616 -0.05211885 -0.01228635
v -0.01201880 -0.05211885 -0.01219831
v -0.01207063 -0.05211885 -0.01212036
v -0.01213937 -0.05211885 -0.01205692
v -0.01222122 -0.05211885 -0.01201123
v -0.01229620 -0.05211885 -0.01198825
v -0.01237455 -0.05211885 -0.01198030
v -0.01237479 -0.05211187 -0.01198054
v -0.01198639 -0.05211041 -0.01228710
v -0.01201901 -0.05210937 -0.01219901
v -0.01207094 -0.05210887 -0.01212077
v -0.01213995 -0.05210897 -0.01205711
v -0.01222200 -0.05210966 -0.01201140
v -0.01229690 -0.05211062 -0.01198847
v -0.01389650 -0.05211885 -0.01198030
v -0.01389625 -0.05211187 -0.01198054
v -0.01399020 -0.05211885 -0.01199167
v -0.01407825 -0.05211885 -0.01202431
v -0.01415619 -0.05211885 -0.01207614
v -0.01421963 -0.05211885 -0.01214488
v -0.01426532 -0.05211885 -0.01222673
v -0.01428830 -0.05211885 -0.01230171
v -0.01429625 -0.05211885 -0.01238006
v -0.01429601 -0.05211187 -0.01238030
v -0.01398945 -0.05211041 -0.01199189
v -0.01407755 -0.05210937 -0.01202452
v -0.01415578 -0.05210887 -0.01207645
v -0.01421944 -0.05210897 -0.01214546
v -0.01426515 -0.05210966 -0.01222751
v -0.01428808 -0.05211062 -0.01230241
v -0.01376980 -0.05211885 0.01722740
v -0.01376955 -0.05211187 0.01722716
v -0.01386349 -0.05211885 0.01721601
v -0.01395152 -0.05211885 0.01718339
v -0.01402947 -0.05211885 0.01713157
v -0.01409293 -0.05211885 0.01706281
v -0.01413861 -0.05211885 0.01698096
v -0.01416158 -0.05211885 0.01690599
v -0.01416955 -0.05211885 0.01682764
v -0.01416931 -0.05211187 0.01682740
v -0.01415713 -0.05211038 0.01692498
v -0.01412328 -0.05210943 0.01701335
v -0.01407381 -0.05210901 0.01708649
v -0.01400886 -0.05210908 0.01714741
v -0.01393332 -0.05210962 0.01719197
v -0.01385324 -0.05211056 0.01721821
v -0.01381086 -0.05211118 0.01722496
v -0.01416931 -0.05211187 0.01682740
v -0.01416931 -0.05211187 0.01682740
v -0.01416955 -0.05211885 0.01682764
v -0.01401940 -0.04781885 0.01667749
v -0.01401940 -0.04781885 0.01387292
v -0.01416931 -0.05211187 0.01372301
v -0.01416931 -0.05211187 0.01372301
v -0.01416955 -0.05211885 0.01372276
v -0.01416955 -0.05211885 0.01372276
v -0.01416931 -0.05211187 0.01372301
v -0.01416955 -0.05211885 0.01372276
v -0.01415816 -0.05211885 0.01362907
v -0.01412554 -0.05211885 0.01354104
v -0.01407373 -0.05211885 0.01346309
v -0.01400497 -0.05211885 0.01339963
v -0.01392311 -0.05211885 0.01335395
v -0.01384814 -0.05211885 0.01333098
v -0.01376980 -0.05211885 0.01332301
v -0.01376955 -0.05211187 0.01332325
v -0.01415796 -0.05211041 0.01362981
v -0.01412534 -0.05210937 0.01354171
v -0.01407341 -0.05210887 0.01346348
v -0.01400439 -0.05210897 0.01339982
v -0.01392234 -0.05210966 0.01335411
v -0.01384745 -0.05211062 0.01333118
v -0.01237455 -0.05211885 0.01332301
v -0.01237479 -0.05211187 0.01332325
v -0.01228085 -0.05211885 0.01333440
v -0.01219282 -0.05211885 0.01336702
v -0.01211488 -0.05211885 0.01341883
v -0.01205141 -0.05211885 0.01348759
v -0.01200574 -0.05211885 0.01356945
v -0.01198277 -0.05211885 0.01364442
v -0.01197479 -0.05211885 0.01372276
v -0.01197504 -0.05211187 0.01372301
v -0.01198722 -0.05211038 0.01362542
v -0.01202107 -0.05210943 0.01353706
v -0.01207054 -0.05210901 0.01346392
v -0.01213548 -0.05210908 0.01340300
v -0.01221103 -0.05210962 0.01335843
v -0.01229111 -0.05211056 0.01333220
v -0.01233349 -0.05211118 0.01332545
v -0.01197504 -0.05211187 0.01372301
v -0.01197479 -0.05211885 0.01372276
v -0.01212495 -0.04781885 0.01387292
v -0.01212495 -0.04781885 0.01667749
v -0.01197504 -0.05211187 0.01682740
v -0.01197479 -0.05211885 0.01682764
v -0.01197504 -0.05211187 0.01682740
v -0.01197479 -0.05211885 0.01682764
v -0.01198619 -0.05211885 0.01692134
v -0.01201881 -0.05211885 0.01700937
v -0.01207062 -0.05211885 0.01708732
v -0.01213938 -0.05211885 0.01715078
v -0.01222124 -0.05211885 0.01719646
v -0.01229621 -0.05211885 0.01721942
v -0.01237455 -0.05211885 0.01722740
v -0.01237479 -0.05211187 0.01722716
v -0.01198639 -0.05211041 0.01692060
v -0.01201901 -0.05210937 0.01700869
v -0.01207094 -0.05210887 0.01708693
v -0.01213996 -0.05210897 0.01715059
v -0.01222200 -0.05210966 0.01719630
v -0.01229690 -0.05211062 0.01721923
v -0.00165676 -0.05481885 0.03486032
v -0.00165676 -0.05481885 0.03292310
v -0.00165676 -0.05211885 0.03486032
v -0.00165676 -0.05211885 0.03292310
v -0.00165676 -0.05481885 0.03292310
v 0.00036534 -0.05481885 0.03292310
v -0.00165676 -0.05211885 0.03292310
v 0.00036534 -0.05211885 0.03292310
v 0.00036534 -0.05481885 0.03292310
v 0.00036534 -0.05481885 0.03486032
v 0.00036534 -0.05211885 0.03292310
v 0.00036534 -0.05211885 0.03486032
v 0.00036534 -0.05481885 0.03486032
v -0.00165676 -0.05481885 0.03486032
v 0.00036534 -0.05211885 0.03486032
v -0.00165676 -0.05211885 0.03486032
v -0.00874276 -0.04811885 0.01942318
v -0.00874276 -0.05211885 0.01942318
v -0.00874276 -0.04811885 0.02798219
v -0.00874276 -0.05211885 0.02798219
v 0.01433138 -0.04811885 0.01842318
v 0.01433138 -0.05211885 0.01842318
v -0.00774276 -0.04811885 0.01842318
v -0.00774276 -0.05211885 0.01842318
v 0.01533138 -0.04811885 0.02798219
v 0.01533138 -0.05211885 0.02798219
v 0.01533138 -0.04811885 0.01942318
v 0.01533138 -0.05211885 0.01942318
v -0.00774276 -0.04811885 0.02898219
v -0.00774276 -0.05211885 0.02898219
v 0.01433138 -0.04811885 0.02898219
v 0.01433138 -0.05211885 0.02898219
v 0.00896144 -0.05110189 -0.03031800
v 0.00896144 -0.05211885 -0.03031800
v 0.00896144 -0.04464391 -0.02292349
v 0.00896144 -0.04311824 -0.02292349
v 0.00896144 -0.04311824 -0.02117657
v 0.00896144 -0.03911263 -0.01659007
v 0.00896144 -0.03911263 -0.01280081
v 0.00896144 -0.04711885 -0.01280081
v 0.00896144 -0.04711885 -0.02100369
v 0.00896144 -0.04880276 -0.02292349
v 0.00896144 -0.05211885 -0.02292349
v 0.00896144 -0.05211885 -0.02292349
v -0.00903856 -0.05211885 -0.02292349
v -0.00903856 -0.04880276 -0.02292349
v -0.00703856 -0.05146310 -0.02292349
v -0.00739209 -0.05142120 -0.02292349
v -0.00775405 -0.05128703 -0.02292349
v -0.00810403 -0.05105415 -0.02292349
v -0.00841960 -0.05072702 -0.02292349
v -0.00868043 -0.05032188 -0.02292349
v -0.00887246 -0.04986425 -0.02292349
v -0.00899914 -0.04932838 -0.02292349
v 0.00696144 -0.05146310 -0.02292349
v 0.00896144 -0.04880276 -0.02292349
v 0.00890096 -0.04945202 -0.02292349
v 0.00870596 -0.05010377 -0.02292349
v 0.00837565 -0.05068390 -0.02292349
v 0.00802829 -0.05105299 -0.02292349
v 0.00766804 -0.05129153 -0.02292349
v 0.00731051 -0.05142226 -0.02292349
v -0.00903856 -0.05211885 -0.02292349
v -0.00903856 -0.05211885 -0.02831800
v -0.00903856 -0.04935519 -0.02831800
v -0.00903856 -0.03911263 -0.01659007
v -0.00903856 -0.03911263 -0.01274647
v -0.00903856 -0.04711885 -0.01274647
v -0.00903856 -0.04711885 -0.02100369
v -0.00903856 -0.04880276 -0.02292349
v -0.00703856 -0.04935519 -0.03031800
v -0.00748360 -0.04935519 -0.03026786
v -0.00790633 -0.04935519 -0.03011994
v -0.00828554 -0.04935519 -0.02988166
v -0.00860222 -0.04935519 -0.02956498
v -0.00884050 -0.04935519 -0.02918577
v -0.00898842 -0.04935519 -0.02876304
v -0.00903856 -0.04935519 -0.02831800
v -0.00703856 -0.05211885 -0.03031800
v -0.00903856 -0.05211885 -0.02831800
v -0.00898842 -0.05211885 -0.02876304
v -0.00884050 -0.05211885 -0.02918577
v -0.00860222 -0.05211885 -0.02956498
v -0.00828554 -0.05211885 -0.02988166
v -0.00790633 -0.05211885 -0.03011994
v -0.00748360 -0.05211885 -0.03026786
v -0.00703856 -0.05211885 -0.03031800
v 0.00896144 -0.05211885 -0.03031800
v 0.00896144 -0.05110189 -0.03031800
v 0.00846782 -0.04935519 -0.03031800
v 0.00846782 -0.04935519 -0.03031800
v 0.00873566 -0.04987629 -0.03031800
v 0.00890499 -0.05047549 -0.03031800
v 0.00890499 -0.05047549 -0.03031800
v -0.00703856 -0.04935519 -0.03031800
v 0.01296144 -0.05211885 -0.02369793
v 0.01922251 -0.05211885 -0.02369793
v 0.01296144 -0.05211885 -0.01719793
v 0.02105282 -0.05211885 -0.01719793
v 0.02118247 -0.05211885 -0.00104857
v 0.02118247 -0.05211885 -0.00104857
v 0.02118247 -0.05211885 -0.00104857
v 0.02178659 -0.05211885 -0.00824279
v 0.02162734 -0.05211885 -0.01273155
v 0.02019661 -0.05211885 0.00810171
v 0.02019661 -0.05211885 0.00810171
v 0.02019661 -0.05211885 0.00810171
v 0.02049896 -0.05211885 0.00350883
v 0.02019674 -0.05211885 0.02081038
v 0.00388780 -0.05211885 0.03613339
v 0.00948235 -0.05211885 0.03537194
v 0.01218919 -0.05211885 0.03451317
v 0.01520060 -0.05211885 0.03285075
v 0.01728694 -0.05211885 0.03089631
v 0.01870074 -0.05211885 0.02873079
v 0.01960586 -0.05211885 0.02631239
v 0.02007058 -0.05211885 0.02357897
v -0.00265069 -0.05211885 0.03621067
v -0.01453618 -0.05211885 0.02179024
v -0.01384730 -0.05211885 0.02503133
v -0.01254036 -0.05211885 0.02808317
v -0.01075639 -0.05211885 0.03088356
v -0.00853988 -0.05211885 0.03337162
v -0.00614251 -0.05211885 0.03517859
v -0.00433864 -0.05211885 0.03596073
v -0.00350262 -0.05211885 0.03614116
v -0.01503833 -0.05211885 -0.02163250
v -0.01584075 -0.05211885 -0.00769282
v -0.01576417 -0.05211885 0.00627278
v -0.01532987 -0.05211885 0.01404592
v -0.01532987 -0.05211885 0.01404592
v -0.00803157 -0.05211885 -0.03308358
v -0.01009125 -0.05211885 -0.03210853
v -0.01169986 -0.05211885 -0.03082156
v -0.01286511 -0.05211885 -0.02939038
v -0.01374473 -0.05211885 -0.02775853
v -0.01463260 -0.05211885 -0.02475395
v 0.00325708 -0.05211885 -0.03463483
v -0.00056167 -0.05211885 -0.03466672
v -0.00434472 -0.05211885 -0.03409405
v 0.00401600 -0.05211885 -0.03451593
v 0.01481125 -0.05211885 -0.03017565
v 0.01343575 -0.05211885 -0.03127107
v 0.00884046 -0.05211885 -0.03319073
v 0.01754703 -0.05211885 -0.02677131
v 0.01627492 -0.05211885 -0.02855149
v -0.00703856 -0.05211885 -0.03031800
v 0.00896144 -0.05211885 -0.03031800
v -0.00903856 -0.05211885 -0.02831800
v -0.00898842 -0.05211885 -0.02876304
v -0.00884050 -0.05211885 -0.02918577
v -0.00860222 -0.05211885 -0.02956498
v -0.00828554 -0.05211885 -0.02988166
v -0.00790633 -0.05211885 -0.03011994
v -0.00748360 -0.05211885 -0.03026786
v -0.00903856 -0.05211885 -0.02292349
v 0.00896144 -0.05211885 -0.02292349
v 0.01433138 -0.05211885 0.02898219
v -0.00774276 -0.05211885 0.02898219
v 0.01533138 -0.05211885 0.02798219
v 0.01530631 -0.05211885 0.02820471
v 0.01523235 -0.05211885 0.02841607
v 0.01511321 -0.05211885 0.02860568
v 0.01495487 -0.05211885 0.02876402
v 0.01476527 -0.05211885 0.02888316
v 0.01455390 -0.05211885 0.02895712
v 0.01533138 -0.05211885 0.01942318
v 0.01433138 -0.05211885 0.01842318
v 0.01455390 -0.05211885 0.01844825
v 0.01476527 -0.05211885 0.01852221
v 0.01495487 -0.05211885 0.01864135
v 0.01511321 -0.05211885 0.01879969
v 0.01523235 -0.05211885 0.01898929
v 0.01530631 -0.05211885 0.01920066
v -0.00774276 -0.05211885 0.01842318
v -0.00774276 -0.05211885 0.01842318
v -0.00874276 -0.05211885 0.01942318
v -0.00871769 -0.05211885 0.01920066
v -0.00864373 -0.05211885 0.01898929
v -0.00852460 -0.05211885 0.01879969
v -0.00836625 -0.05211885 0.01864135
v -0.00817665 -0.05211885 0.01852221
v -0.00796528 -0.05211885 0.01844825
v -0.00874276 -0.05211885 0.02798219
v -0.00796528 -0.05211885 0.02895712
v -0.00817665 -0.05211885 0.02888316
v -0.00836625 -0.05211885 0.02876402
v -0.00852460 -0.05211885 0.02860568
v -0.00864373 -0.05211885 0.02841607
v -0.00871769 -0.05211885 0.02820471
v 0.00036534 -0.05211885 0.03486032
v -0.00165676 -0.05211885 0.03486032
v 0.00036534 -0.05211885 0.03292310
v -0.00165676 -0.05211885 0.03292310
v -0.01197479 -0.05211885 0.01372276
v -0.01197479 -0.05211885 0.01372276
v -0.01197479 -0.05211885 0.01682764
v -0.01237455 -0.05211885 0.01332301
v -0.01228085 -0.05211885 0.01333440
v -0.01219282 -0.05211885 0.01336702
v -0.01211488 -0.05211885 0.01341883
v -0.01205141 -0.05211885 0.01348759
v -0.01200574 -0.05211885 0.01356945
v -0.01198277 -0.05211885 0.01364442
v -0.01198277 -0.05211885 0.01364442
v -0.01376980 -0.05211885 0.01332301
v -0.01416955 -0.05211885 0.01372276
v -0.01415816 -0.05211885 0.01362907
v -0.01412554 -0.05211885 0.01354104
v -0.01407373 -0.05211885 0.01346309
v -0.01407373 -0.05211885 0.01346309
v -0.01400497 -0.05211885 0.01339963
v -0.01400497 -0.05211885 0.01339963
v -0.01392311 -0.05211885 0.01335395
v -0.01384814 -0.05211885 0.01333098
v -0.01416955 -0.05211885 0.01682764
v -0.01376980 -0.05211885 0.01722740
v -0.01386349 -0.05211885 0.01721601
v -0.01395152 -0.05211885 0.01718339
v -0.01402947 -0.05211885 0.01713157
v -0.01409293 -0.05211885 0.01706281
v -0.01413861 -0.05211885 0.01698096
v -0.01416158 -0.05211885 0.01690599
v -0.01237455 -0.05211885 0.01722740
v -0.01198619 -0.05211885 0.01692134
v -0.01201881 -0.05211885 0.01700937
v -0.01207062 -0.05211885 0.01708732
v -0.01213938 -0.05211885 0.01715078
v -0.01222124 -0.05211885 0.01719646
v -0.01229621 -0.05211885 0.01721942
v -0.01429625 -0.05211885 -0.01238006
v -0.01429625 -0.05211885 -0.01760432
v -0.01389650 -0.05211885 -0.01198030
v -0.01399020 -0.05211885 -0.01199167
v -0.01407825 -0.05211885 -0.01202431
v -0.01415619 -0.05211885 -0.01207614
v -0.01421963 -0.05211885 -0.01214488
v -0.01426532 -0.05211885 -0.01222673
v -0.01428830 -0.05211885 -0.01230171
v -0.01237455 -0.05211885 -0.01198030
v -0.01197479 -0.05211885 -0.01238006
v -0.01198616 -0.05211885 -0.01228635
v -0.01201880 -0.05211885 -0.01219831
v -0.01207063 -0.05211885 -0.01212036
v -0.01213937 -0.05211885 -0.01205692
v -0.01222122 -0.05211885 -0.01201123
v -0.01229620 -0.05211885 -0.01198825
v -0.01197479 -0.05211885 -0.01760432
v -0.01237455 -0.05211885 -0.01800407
v -0.01228084 -0.05211885 -0.01799270
v -0.01219280 -0.05211885 -0.01796006
v -0.01211485 -0.05211885 -0.01790823
v -0.01205141 -0.05211885 -0.01783949
v -0.01200572 -0.05211885 -0.01775764
v -0.01198274 -0.05211885 -0.01768267
v -0.01389650 -0.05211885 -0.01800407
v -0.01428488 -0.05211885 -0.01769803
v -0.01425224 -0.05211885 -0.01778607
v -0.01420041 -0.05211885 -0.01786401
v -0.01413167 -0.05211885 -0.01792745
v -0.01404982 -0.05211885 -0.01797315
v -0.01397484 -0.05211885 -0.01799612
v 0.01362193 -0.05211885 0.01293394
v 0.01362193 -0.05211885 0.00850102
v 0.01362193 -0.05211885 0.00850102
v 0.01392174 -0.05211885 0.01323376
v 0.01384854 -0.05211885 0.01322469
v 0.01378221 -0.05211885 0.01319933
v 0.01372734 -0.05211885 0.01316223
v 0.01368161 -0.05211885 0.01311351
v 0.01364824 -0.05211885 0.01305682
v 0.01364824 -0.05211885 0.01305682
v 0.01362817 -0.05211885 0.01299484
v 0.01362817 -0.05211885 0.01299484
v 0.01822235 -0.05211885 0.01323376
v 0.01852217 -0.05211885 0.01293394
v 0.01851310 -0.05211885 0.01300714
v 0.01848775 -0.05211885 0.01307347
v 0.01845064 -0.05211885 0.01312834
v 0.01840192 -0.05211885 0.01317407
v 0.01834523 -0.05211885 0.01320744
v 0.01828325 -0.05211885 0.01322751
v 0.01852217 -0.05211885 0.00850102
v 0.01822235 -0.05211885 0.00820120
v 0.01829555 -0.05211885 0.00821027
v 0.01829555 -0.05211885 0.00821027
v 0.01836188 -0.05211885 0.00823562
v 0.01836188 -0.05211885 0.00823562
v 0.01841675 -0.05211885 0.00827273
v 0.01841675 -0.05211885 0.00827273
v 0.01846248 -0.05211885 0.00832145
v 0.01846248 -0.05211885 0.00832145
v 0.01849585 -0.05211885 0.00837813
v 0.01849585 -0.05211885 0.00837813
v 0.01851593 -0.05211885 0.00844012
v 0.01851593 -0.05211885 0.00844012
v 0.01392174 -0.05211885 0.00820120
v 0.01363099 -0.05211885 0.00842782
v 0.01363099 -0.05211885 0.00842782
v 0.01365635 -0.05211885 0.00836149
v 0.01365635 -0.05211885 0.00836149
v 0.01369345 -0.05211885 0.00830662
v 0.01369345 -0.05211885 0.00830662
v 0.01374217 -0.05211885 0.00826089
v 0.01379886 -0.05211885 0.00822752
v 0.01386084 -0.05211885 0.00820744
v 0.01822235 -0.05211885 -0.00426960
v 0.01392174 -0.05211885 -0.00426960
v 0.01852217 -0.05211885 -0.00456942
v 0.01851311 -0.05211885 -0.00449622
v 0.01848775 -0.05211885 -0.00442989
v 0.01845065 -0.05211885 -0.00437502
v 0.01845065 -0.05211885 -0.00437502
v 0.01840192 -0.05211885 -0.00432929
v 0.01840192 -0.05211885 -0.00432929
v 0.01834524 -0.05211885 -0.00429592
v 0.01834524 -0.05211885 -0.00429592
v 0.01828325 -0.05211885 -0.00427585
v 0.01828325 -0.05211885 -0.00427585
v 0.01852217 -0.05211885 -0.00769324
v 0.01822235 -0.05211885 -0.00799306
v 0.01829555 -0.05211885 -0.00798400
v 0.01836189 -0.05211885 -0.00795864
v 0.01841675 -0.05211885 -0.00792154
v 0.01846248 -0.05211885 -0.00787282
v 0.01849585 -0.05211885 -0.00781613
v 0.01851593 -0.05211885 -0.00775415
v 0.01392174 -0.05211885 -0.00799306
v 0.01362193 -0.05211885 -0.00769324
v 0.01363099 -0.05211885 -0.00776645
v 0.01365635 -0.05211885 -0.00783278
v 0.01369345 -0.05211885 -0.00788764
v 0.01374217 -0.05211885 -0.00793337
v 0.01379886 -0.05211885 -0.00796674
v 0.01386084 -0.05211885 -0.00798682
v 0.01362193 -0.05211885 -0.00456942
v 0.01384854 -0.05211885 -0.00427867
v 0.01378221 -0.05211885 -0.00430402
v 0.01372734 -0.05211885 -0.00434113
v 0.01368161 -0.05211885 -0.00438985
v 0.01364825 -0.05211885 -0.00444654
v 0.01362817 -0.05211885 -0.00450852
v 0.01855191 -0.05211885 -0.00977004
v 0.01239064 -0.05211885 -0.00977004
v 0.01965529 -0.05211885 -0.01077004
v 0.01962846 -0.05211885 -0.01055085
v 0.01955352 -0.05211885 -0.01035056
v 0.01944296 -0.05211885 -0.01018025
v 0.01929510 -0.05211885 -0.01003090
v 0.01911821 -0.05211885 -0.00991179
v 0.01892374 -0.05211885 -0.00982853
v 0.01873549 -0.05211885 -0.00978397
v 0.01965529 -0.05211885 -0.01442371
v 0.01855191 -0.05211885 -0.01542371
v 0.01882119 -0.05211885 -0.01539347
v 0.01909151 -0.05211885 -0.01529597
v 0.01931028 -0.05211885 -0.01515007
v 0.01946878 -0.05211885 -0.01498003
v 0.01957996 -0.05211885 -0.01478687
v 0.01963737 -0.05211885 -0.01460319
v 0.01239064 -0.05211885 -0.01542371
v 0.01139064 -0.05211885 -0.01442371
v 0.01141572 -0.05211885 -0.01464623
v 0.01148968 -0.05211885 -0.01485759
v 0.01160881 -0.05211885 -0.01504720
v 0.01176715 -0.05211885 -0.01520554
v 0.01195676 -0.05211885 -0.01532467
v 0.01216812 -0.05211885 -0.01539863
v 0.01139064 -0.05211885 -0.01077004
v 0.01216812 -0.05211885 -0.00979511
v 0.01195676 -0.05211885 -0.00986907
v 0.01176715 -0.05211885 -0.00998821
v 0.01160881 -0.05211885 -0.01014655
v 0.01148968 -0.05211885 -0.01033615
v 0.01141572 -0.05211885 -0.01054752
v 0.00181000 -0.05211885 -0.00445000
v 0.00133137 -0.05211885 -0.00450812
v 0.00088055 -0.05211885 -0.00467909
v 0.00048375 -0.05211885 -0.00495298
v 0.00016403 -0.05211885 -0.00531387
v -0.00006003 -0.05211885 -0.00574079
v -0.00017542 -0.05211885 -0.00620893
v -0.00017542 -0.05211885 -0.00669107
v -0.00006003 -0.05211885 -0.00715921
v 0.00016403 -0.05211885 -0.00758613
v 0.00048375 -0.05211885 -0.00794702
v 0.00088055 -0.05211885 -0.00822091
v 0.00133137 -0.05211885 -0.00839188
v 0.00181000 -0.05211885 -0.00845000
v 0.00228863 -0.05211885 -0.00839188
v 0.00273945 -0.05211885 -0.00822091
v 0.00313625 -0.05211885 -0.00794702
v 0.00345597 -0.05211885 -0.00758613
v 0.00368003 -0.05211885 -0.00715921
v 0.00379542 -0.05211885 -0.00669107
v 0.00379542 -0.05211885 -0.00620893
v 0.00368003 -0.05211885 -0.00574079
v 0.00345597 -0.05211885 -0.00531387
v 0.00313625 -0.05211885 -0.00495298
v 0.00273945 -0.05211885 -0.00467909
v 0.00228863 -0.05211885 -0.00450812
v 0.00181000 -0.05211885 0.01005000
v 0.00133137 -0.05211885 0.00999188
v 0.00088055 -0.05211885 0.00982091
v 0.00048375 -0.05211885 0.00954702
v 0.00016403 -0.05211885 0.00918613
v -0.00006003 -0.05211885 0.00875921
v -0.00017542 -0.05211885 0.00829107
v -0.00017542 -0.05211885 0.00780893
v -0.00006003 -0.05211885 0.00734079
v 0.00016403 -0.05211885 0.00691387
v 0.00048375 -0.05211885 0.00655298
v 0.00088055 -0.05211885 0.00627909
v 0.00133137 -0.05211885 0.00610812
v 0.00181000 -0.05211885 0.00605000
v 0.00228863 -0.05211885 0.00610812
v 0.00273945 -0.05211885 0.00627909
v 0.00313625 -0.05211885 0.00655298
v 0.00345597 -0.05211885 0.00691387
v 0.00368003 -0.05211885 0.00734079
v 0.00368003 -0.05211885 0.00734079
v 0.00379542 -0.05211885 0.00780893
v 0.00379542 -0.05211885 0.00780893
v 0.00379542 -0.05211885 0.00829107
v 0.00368003 -0.05211885 0.00875921
v 0.00345597 -0.05211885 0.00918613
v 0.00313625 -0.05211885 0.00954702
v 0.00313625 -0.05211885 0.00954702
v 0.00273945 -0.05211885 0.00982091
v 0.00228863 -0.05211885 0.00999188
v -0.00319000 -0.05211885 -0.01258610
v -0.00319000 -0.05211885 -0.00300000
v -0.00390012 -0.05211885 -0.01187599
v -0.01249075 -0.05211885 -0.00048077
v -0.01200809 -0.05211885 -0.00347216
v -0.01081982 -0.05211885 -0.00625952
v -0.00899577 -0.05211885 -0.00867907
v -0.00664312 -0.05211885 -0.01058863
v -0.01299038 -0.05211885 0.00000000
v -0.00619000 -0.05211885 0.00000000
v -0.00326522 -0.05211885 -0.00233244
v -0.00348709 -0.05211885 -0.00169835
v -0.00384451 -0.05211885 -0.00112953
v -0.00431953 -0.05211885 -0.00065451
v -0.00488835 -0.05211885 -0.00029709
v -0.00552244 -0.05211885 -0.00007522
v 0.00000000 -0.04711885 -0.01562588
v 0.00000000 -0.03801885 -0.01562588
v -0.00903856 -0.04711885 -0.01274647
v -0.00624590 -0.04711885 -0.01432330
v -0.00319014 -0.04711885 -0.01529677
v -0.00903856 -0.03911263 -0.01274647
v -0.00900777 -0.03876266 -0.01276826
v -0.00891757 -0.03842753 -0.01283142
v -0.00877419 -0.03811885 -0.01292988
v -0.01100000 -0.03811885 0.01109811
v -0.01316146 -0.03811885 0.00842283
v -0.01468530 -0.03811885 0.00533949
v -0.01549768 -0.03811885 0.00199747
v -0.01555926 -0.03811885 -0.00144132
v -0.01486706 -0.03811885 -0.00481028
v -0.01345459 -0.03811885 -0.00794620
v -0.01139030 -0.03811885 -0.01069716
v -0.01100000 -0.04711885 0.01109811
v 0.00000000 -0.04711885 0.01562588
v -0.00303145 -0.04711885 0.01532901
v -0.00594770 -0.04711885 0.01444967
v -0.00863796 -0.04711885 0.01302128
v 0.00000000 -0.03801885 0.01562588
v -0.00373952 -0.03801885 -0.01517182
v -0.00726171 -0.03801885 -0.01383603
v -0.01036188 -0.03801885 -0.01169614
v -0.01285985 -0.03801885 -0.00887651
v -0.01461045 -0.03801885 -0.00554101
v -0.01551195 -0.03801885 -0.00188349
v -0.01551195 -0.03801885 0.00188349
v -0.01461045 -0.03801885 0.00554101
v -0.01285985 -0.03801885 0.00887651
v -0.01036188 -0.03801885 0.01169614
v -0.00726171 -0.03801885 0.01383603
v -0.00373952 -0.03801885 0.01517182
v 0.01371272 -0.04951885 -0.00749196
v 0.01371272 -0.04951885 -0.00466021
v 0.01371272 -0.04951885 -0.00466021
v 0.01372179 -0.04951885 -0.00458701
v 0.01372179 -0.04951885 -0.00458701
v 0.01374714 -0.04951885 -0.00452068
v 0.01378425 -0.04951885 -0.00446581
v 0.01383297 -0.04951885 -0.00442008
v 0.01388965 -0.04951885 -0.00438672
v 0.01388965 -0.04951885 -0.00438672
v 0.01395164 -0.04951885 -0.00436664
v 0.01395164 -0.04951885 -0.00436664
v 0.01395164 -0.04951885 -0.00436664
v 0.01401254 -0.04951885 -0.00436040
v 0.01401254 -0.04951885 -0.00436040
v 0.01500517 -0.04951885 -0.00436040
v 0.01421881 -0.04951885 -0.00648024
v 0.01465038 -0.04951885 -0.00543456
v 0.01371272 -0.04951885 -0.00749196
v 0.01377209 -0.04781885 -0.00738226
v 0.01424463 -0.04781885 -0.00642328
v 0.01465050 -0.04781885 -0.00543424
v 0.01498779 -0.04781885 -0.00441976
v 0.01500517 -0.04951885 -0.00436040
v 0.01421881 -0.04951885 -0.00648024
v 0.01465038 -0.04951885 -0.00543456
v 0.00181000 -0.04951885 -0.00845000
v 0.00133137 -0.04951885 -0.00839188
v 0.00088055 -0.04951885 -0.00822091
v 0.00048375 -0.04951885 -0.00794702
v 0.00016403 -0.04951885 -0.00758613
v -0.00006003 -0.04951885 -0.00715921
v -0.00017542 -0.04951885 -0.00669107
v -0.00017542 -0.04951885 -0.00620893
v -0.00006003 -0.04951885 -0.00574079
v 0.00016403 -0.04951885 -0.00531387
v 0.00048375 -0.04951885 -0.00495298
v 0.00088055 -0.04951885 -0.00467909
v 0.00133137 -0.04951885 -0.00450812
v 0.00181000 -0.04951885 -0.00445000
v 0.00228863 -0.04951885 -0.00450812
v 0.00273945 -0.04951885 -0.00467909
v 0.00313625 -0.04951885 -0.00495298
v 0.00345597 -0.04951885 -0.00531387
v 0.00368003 -0.04951885 -0.00574079
v 0.00379542 -0.04951885 -0.00620893
v 0.00379542 -0.04951885 -0.00669107
v 0.00368003 -0.04951885 -0.00715921
v 0.00345597 -0.04951885 -0.00758613
v 0.00313625 -0.04951885 -0.00794702
v 0.00273945 -0.04951885 -0.00822091
v 0.00228863 -0.04951885 -0.00839188
v 0.00181000 -0.04951885 0.00605000
v 0.00133137 -0.04951885 0.00610812
v 0.00088055 -0.04951885 0.00627909
v 0.00048375 -0.04951885 0.00655298
v 0.00016403 -0.04951885 0.00691387
v -0.00006003 -0.04951885 0.00734079
v -0.00017542 -0.04951885 0.00780893
v -0.00017542 -0.04951885 0.00829107
v -0.00006003 -0.04951885 0.00875921
v 0.00016403 -0.04951885 0.00918613
v 0.00048375 -0.04951885 0.00954702
v 0.00088055 -0.04951885 0.00982091
v 0.00133137 -0.04951885 0.00999188
v 0.00181000 -0.04951885 0.01005000
v 0.00228863 -0.04951885 0.00999188
v 0.00273945 -0.04951885 0.00982091
v 0.00313625 -0.04951885 0.00954702
v 0.00345597 -0.04951885 0.00918613
v 0.00368003 -0.04951885 0.00875921
v 0.00379542 -0.04951885 0.00829107
v 0.00379542 -0.04951885 0.00780893
v 0.00368003 -0.04951885 0.00734079
v 0.00345597 -0.04951885 0.00691387
v 0.00313625 -0.04951885 0.00655298
v 0.00273945 -0.04951885 0.00627909
v 0.00228863 -0.04951885 0.00610812
v -0.00390012 -0.04951885 -0.01187599
v -0.00664312 -0.04951885 -0.01058863
v -0.00899577 -0.04951885 -0.00867907
v -0.01081982 -0.04951885 -0.00625952
v -0.01200809 -0.04951885 -0.00347216
v -0.01249075 -0.04951885 -0.00048077
v -0.01299038 -0.04951885 0.00000000
v -0.00619000 -0.04951885 0.00000000
v -0.00552244 -0.04951885 -0.00007522
v -0.00488835 -0.04951885 -0.00029709
v -0.00431953 -0.04951885 -0.00065451
v -0.00384451 -0.04951885 -0.00112953
v -0.00348709 -0.04951885 -0.00169835
v -0.00326522 -0.04951885 -0.00233244
v -0.00319000 -0.04951885 -0.00300000
v -0.00319000 -0.04951885 -0.01258610
v 0.01139356 -0.04951885 -0.01069368
v 0.01143225 -0.04951885 -0.01048460
v 0.01151426 -0.04951885 -0.01028842
v 0.01163591 -0.04951885 -0.01011401
v 0.01179167 -0.04951885 -0.00996927
v 0.01197452 -0.04951885 -0.00986073
v 0.01217618 -0.04951885 -0.00979331
v 0.01166205 -0.04951885 -0.01040023
v 0.01192297 -0.04951885 -0.01010004
v 0.01139356 -0.04951885 -0.01069368
v 0.01139356 -0.04911885 -0.01069368
v 0.01140488 -0.04897757 -0.01068165
v 0.01143749 -0.04884383 -0.01064675
v 0.01148933 -0.04872464 -0.01059073
v 0.01155830 -0.04862692 -0.01051537
v 0.01164057 -0.04855593 -0.01042417
v 0.01173087 -0.04851547 -0.01032250
v 0.01181462 -0.04850828 -0.01022657
v 0.01188851 -0.04852640 -0.01014050
v 0.01195833 -0.04856619 -0.01005805
v 0.01202163 -0.04862581 -0.00998236
v 0.01207599 -0.04870339 -0.00991659
v 0.01211940 -0.04879576 -0.00986353
v 0.01215101 -0.04889918 -0.00982458
v 0.01216978 -0.04900696 -0.00980129
v 0.01217618 -0.04911885 -0.00979331
v 0.01217618 -0.04951885 -0.00979331
v 0.01166205 -0.04951885 -0.01040023
v 0.01192297 -0.04951885 -0.01010004
v -0.01311176 -0.02401885 -0.00850000
v -0.01319095 -0.02546205 -0.00837661
v -0.01341450 -0.02685211 -0.00801372
v -0.01374445 -0.02814109 -0.00743365
v -0.01413808 -0.02930736 -0.00665451
v -0.01454796 -0.03032164 -0.00570307
v -0.01493720 -0.03117441 -0.00458783
v -0.01526356 -0.03183281 -0.00334544
v -0.01549958 -0.03228437 -0.00198262
v -0.01561590 -0.03250055 -0.00055865
v -0.01560012 -0.03247139 0.00089695
v -0.01545378 -0.03219816 0.00231275
v -0.01519228 -0.03169269 0.00365555
v -0.01484623 -0.03098249 0.00487417
v -0.01444785 -0.03008698 0.00595212
v -0.01403783 -0.02903313 0.00686348
v -0.01365609 -0.02783611 0.00759475
v -0.01334926 -0.02652578 0.00812190
v -0.01317279 -0.02528528 0.00840519
v -0.01311176 -0.02401885 0.00850000
v -0.01319280 -0.02255880 0.00837367
v -0.01341949 -0.02116155 0.00800534
v -0.01375527 -0.01986063 0.00741359
v -0.01415311 -0.01869039 0.00662250
v -0.01456650 -0.01767333 0.00565560
v -0.01495586 -0.01682443 0.00452660
v -0.01528147 -0.01616994 0.00326262
v -0.01551133 -0.01573130 0.00188850
v -0.01561959 -0.01553036 0.00044351
v -0.01559263 -0.01558012 -0.00101876
v -0.01543358 -0.01587768 -0.00244401
v -0.01516023 -0.01640865 -0.00378627
v -0.01480408 -0.01714552 -0.00500064
v -0.01439864 -0.01806883 -0.00607020
v -0.01398741 -0.01914753 -0.00696567
v -0.01360876 -0.02037463 -0.00767918
v -0.01331379 -0.02170805 -0.00817998
v -0.01316411 -0.02284616 -0.00841869
v 0.01696277 -0.04811885 -0.00085256
v 0.01696277 -0.04611885 -0.00085256
v 0.01596277 -0.04811885 -0.00185256
v 0.01618529 -0.04811885 -0.00182749
v 0.01639665 -0.04811885 -0.00175353
v 0.01658626 -0.04811885 -0.00163439
v 0.01674460 -0.04811885 -0.00147605
v 0.01686374 -0.04811885 -0.00128645
v 0.01693769 -0.04811885 -0.00107508
v 0.01596277 -0.04611885 -0.00185256
v 0.01618529 -0.04611885 -0.00182749
v 0.01639665 -0.04611885 -0.00175353
v 0.01658626 -0.04611885 -0.00163439
v 0.01674460 -0.04611885 -0.00147605
v 0.01686374 -0.04611885 -0.00128645
v 0.01693769 -0.04611885 -0.00107508
v 0.01696277 -0.04611885 0.00477751
v 0.01696277 -0.04811885 0.00477751
v 0.01693769 -0.04611885 0.00500003
v 0.01686374 -0.04611885 0.00521139
v 0.01674460 -0.04611885 0.00540100
v 0.01658626 -0.04611885 0.00555934
v 0.01639665 -0.04611885 0.00567847
v 0.01618529 -0.04611885 0.00575243
v 0.01596277 -0.04611885 0.00577751
v 0.01596277 -0.04811885 0.00577751
v 0.01693769 -0.04811885 0.00500003
v 0.01686374 -0.04811885 0.00521139
v 0.01674460 -0.04811885 0.00540100
v 0.01658626 -0.04811885 0.00555934
v 0.01639665 -0.04811885 0.00567847
v 0.01618529 -0.04811885 0.00575243
v 0.01596277 -0.04611885 -0.00185256
v 0.01596277 -0.04611885 -0.00185256
v 0.01596277 -0.04589633 -0.00182749
v 0.01596277 -0.04568496 -0.00175353
v 0.01596277 -0.04549536 -0.00163439
v 0.01596277 -0.04533702 -0.00147605
v 0.01596277 -0.04521788 -0.00128645
v 0.01596277 -0.04514392 -0.00107508
v 0.01596277 -0.04511885 -0.00085256
v 0.01618529 -0.04514392 -0.00085256
v 0.01639665 -0.04521788 -0.00085256
v 0.01658626 -0.04533702 -0.00085256
v 0.01674460 -0.04549536 -0.00085256
v 0.01686374 -0.04568496 -0.00085256
v 0.01693769 -0.04589633 -0.00085256
v 0.01696277 -0.04611885 -0.00085256
v 0.01618529 -0.04611885 -0.00182749
v 0.01639665 -0.04611885 -0.00175353
v 0.01658626 -0.04611885 -0.00163439
v 0.01674460 -0.04611885 -0.00147605
v 0.01686374 -0.04611885 -0.00128645
v 0.01693769 -0.04611885 -0.00107508
v 0.01646277 -0.04561885 -0.00155967
v 0.01696277 -0.04611885 0.00477751
v 0.01693769 -0.04589633 0.00477751
v 0.01686374 -0.04568496 0.00477751
v 0.01674460 -0.04549536 0.00477751
v 0.01658626 -0.04533702 0.00477751
v 0.01639665 -0.04521788 0.00477751
v 0.01618529 -0.04514392 0.00477751
v 0.01596277 -0.04511885 0.00477751
v 0.01596277 -0.04514392 0.00500003
v 0.01596277 -0.04521788 0.00521139
v 0.01596277 -0.04533702 0.00540100
v 0.01596277 -0.04549536 0.00555934
v 0.01596277 -0.04568496 0.00567847
v 0.01596277 -0.04589633 0.00575243
v 0.01596277 -0.04611885 0.00577751
v 0.01596277 -0.04611885 0.00577751
v 0.01693769 -0.04611885 0.00500003
v 0.01686374 -0.04611885 0.00521139
v 0.01674460 -0.04611885 0.00540100
v 0.01658626 -0.04611885 0.00555934
v 0.01639665 -0.04611885 0.00567847
v 0.01618529 -0.04611885 0.00575243
v 0.01645597 -0.04561215 0.00548461
v 0.01551567 -0.04611885 -0.00185256
v 0.01551567 -0.04811885 -0.00185256
v 0.01596277 -0.04811885 -0.00185256
v 0.01596277 -0.04611885 -0.00185256
v 0.01696277 -0.04811885 -0.00085256
v 0.01696277 -0.04611885 -0.00085256
v 0.01696277 -0.04811885 0.00477751
v 0.01696277 -0.04611885 0.00477751
v 0.01451856 -0.04811885 0.00577751
v 0.01451856 -0.04611885 0.00577751
v 0.01596277 -0.04611885 0.00577751
v 0.01596277 -0.04811885 0.00577751
v 0.01551567 -0.04611885 -0.00185256
v 0.01551897 -0.04588475 -0.00182480
v 0.01552834 -0.04566429 -0.00174325
v 0.01554244 -0.04546904 -0.00161263
v 0.01555927 -0.04531042 -0.00144060
v 0.01557675 -0.04519615 -0.00123600
v 0.01559056 -0.04513869 -0.00104856
v 0.01560260 -0.04511885 -0.00085256
v 0.01596277 -0.04511885 -0.00085256
v 0.01596277 -0.04611885 -0.00185256
v 0.01596277 -0.04589633 -0.00182749
v 0.01596277 -0.04568496 -0.00175353
v 0.01596277 -0.04549536 -0.00163439
v 0.01596277 -0.04533702 -0.00147605
v 0.01596277 -0.04521788 -0.00128645
v 0.01596277 -0.04514392 -0.00107508
v 0.01487762 -0.04511885 0.00477751
v 0.01479377 -0.04515147 0.00503114
v 0.01471087 -0.04524774 0.00526862
v 0.01464237 -0.04538434 0.00545611
v 0.01458969 -0.04554367 0.00559545
v 0.01454951 -0.04573074 0.00569912
v 0.01452656 -0.04591968 0.00575740
v 0.01451856 -0.04611885 0.00577751
v 0.01596277 -0.04611885 0.00577751
v 0.01596277 -0.04511885 0.00477751
v 0.01596277 -0.04514392 0.00500003
v 0.01596277 -0.04521788 0.00521139
v 0.01596277 -0.04533702 0.00540100
v 0.01596277 -0.04549536 0.00555934
v 0.01596277 -0.04568496 0.00567847
v 0.01596277 -0.04589633 0.00575243
v 0.01596277 -0.04511885 -0.00085256
v 0.01618529 -0.04514392 -0.00085256
v 0.01639665 -0.04521788 -0.00085256
v 0.01658626 -0.04533702 -0.00085256
v 0.01674460 -0.04549536 -0.00085256
v 0.01686374 -0.04568496 -0.00085256
v 0.01693769 -0.04589633 -0.00085256
v 0.01696277 -0.04611885 -0.00085256
v 0.01596277 -0.04511885 0.00477751
v 0.01696277 -0.04611885 0.00477751
v 0.01693769 -0.04589633 0.00477751
v 0.01686374 -0.04568496 0.00477751
v 0.01674460 -0.04549536 0.00477751
v 0.01658626 -0.04533702 0.00477751
v 0.01639665 -0.04521788 0.00477751
v 0.01618529 -0.04514392 0.00477751
v 0.01551567 -0.04811885 -0.00185256
v 0.01560861 -0.04811885 0.00073443
v 0.01527317 -0.04811885 0.00330127
v 0.01451856 -0.04811885 0.00577751
v 0.01596277 -0.04811885 0.00577751
v 0.01596277 -0.04811885 0.00577751
v 0.01696277 -0.04811885 0.00477751
v 0.01693769 -0.04811885 0.00500003
v 0.01686374 -0.04811885 0.00521139
v 0.01674460 -0.04811885 0.00540100
v 0.01658626 -0.04811885 0.00555934
v 0.01639665 -0.04811885 0.00567847
v 0.01639665 -0.04811885 0.00567847
v 0.01618529 -0.04811885 0.00575243
v 0.01696277 -0.04811885 -0.00085256
v 0.01596277 -0.04811885 -0.00185256
v 0.01596277 -0.04811885 -0.00185256
v 0.01618529 -0.04811885 -0.00182749
v 0.01639665 -0.04811885 -0.00175353
v 0.01639665 -0.04811885 -0.00175353
v 0.01639665 -0.04811885 -0.00175353
v 0.01658626 -0.04811885 -0.00163439
v 0.01674460 -0.04811885 -0.00147605
v 0.01674460 -0.04811885 -0.00147605
v 0.01686374 -0.04811885 -0.00128645
v 0.01693769 -0.04811885 -0.00107508
v 0.01487762 -0.04511885 0.00477751
v 0.01534777 -0.04511885 0.00293497
v 0.01559063 -0.04511885 0.00104897
v 0.01560260 -0.04511885 -0.00085256
v 0.01596277 -0.04511885 -0.00085256
v 0.01596277 -0.04511885 0.00477751
v 0.01551567 -0.04611885 -0.00185256
v 0.01551567 -0.04811885 -0.00185256
v 0.01551897 -0.04588475 -0.00182480
v 0.01552834 -0.04566429 -0.00174325
v 0.01554244 -0.04546904 -0.00161263
v 0.01555927 -0.04531042 -0.00144060
v 0.01557675 -0.04519615 -0.00123600
v 0.01559056 -0.04513869 -0.00104856
v 0.01560260 -0.04511885 -0.00085256
v 0.01487762 -0.04511885 0.00477751
v 0.01534777 -0.04511885 0.00293497
v 0.01559063 -0.04511885 0.00104897
v 0.01479377 -0.04515147 0.00503114
v 0.01471087 -0.04524774 0.00526862
v 0.01464237 -0.04538434 0.00545611
v 0.01458969 -0.04554367 0.00559545
v 0.01454951 -0.04573074 0.00569912
v 0.01452656 -0.04591968 0.00575740
v 0.01451856 -0.04611885 0.00577751
v 0.01451856 -0.04811885 0.00577751
v 0.01560861 -0.04811885 0.00073443
v 0.01527317 -0.04811885 0.00330127
v 0.02600000 -0.01431885 0.00000000
v 0.02599499 -0.01436335 0.00000000
v 0.02598019 -0.01440562 0.00000000
v 0.02595637 -0.01444354 0.00000000
v 0.02592470 -0.01447521 0.00000000
v 0.02588678 -0.01449904 0.00000000
v 0.02584451 -0.01451383 0.00000000
v 0.02580000 -0.01451885 0.00000000
v -0.02580000 -0.01451885 0.00000000
v -0.02520901 -0.01451885 -0.00549052
v -0.02355183 -0.01451885 -0.01053335
v -0.02088897 -0.01451885 -0.01514235
v -0.01739222 -0.01451885 -0.01905651
v -0.01323116 -0.01451885 -0.02214896
v -0.00859018 -0.01451885 -0.02432794
v -0.00366216 -0.01451885 -0.02553877
v 0.00135817 -0.01451885 -0.02576423
v 0.00681151 -0.01451885 -0.02488460
v 0.01189659 -0.01451885 -0.02289348
v 0.01640023 -0.01451885 -0.01991664
v 0.02014597 -0.01451885 -0.01611769
v 0.02300027 -0.01451885 -0.01168877
v 0.02487667 -0.01451885 -0.00684041
v 0.02559456 -0.01451885 -0.00324936
v -0.02600000 -0.01431885 0.00000000
v -0.02599499 -0.01436335 0.00000000
v -0.02598019 -0.01440562 0.00000000
v -0.02595637 -0.01444354 0.00000000
v -0.02592470 -0.01447521 0.00000000
v -0.02588678 -0.01449904 0.00000000
v -0.02584451 -0.01451383 0.00000000
v -0.02543184 -0.01431885 -0.00540570
v -0.02375218 -0.01431885 -0.01057515
v -0.02103444 -0.01431885 -0.01528242
v -0.01739740 -0.01431885 -0.01932177
v -0.01300000 -0.01431885 -0.02251666
v -0.00803444 -0.01431885 -0.02472747
v -0.00271774 -0.01431885 -0.02585757
v 0.00271774 -0.01431885 -0.02585757
v 0.00803444 -0.01431885 -0.02472747
v 0.01300000 -0.01431885 -0.02251666
v 0.01739740 -0.01431885 -0.01932177
v 0.02103444 -0.01431885 -0.01528242
v 0.02375218 -0.01431885 -0.01057515
v 0.02543184 -0.01431885 -0.00540570
v 0.02589275 -0.01446027 -0.00158836
v 0.02587390 -0.01447691 -0.00158721
v 0.02585462 -0.01449015 -0.00158602
v 0.02557992 -0.01446027 -0.00431565
v 0.02520674 -0.01446027 -0.00613004
v 0.02444241 -0.01446027 -0.00869056
v 0.02342253 -0.01446027 -0.01115089
v 0.02214953 -0.01446027 -0.01350392
v 0.02062938 -0.01446027 -0.01572851
v 0.01889543 -0.01446027 -0.01777414
v 0.01693007 -0.01446027 -0.01965528
v 0.01480364 -0.01446027 -0.02130281
v 0.01247075 -0.01446027 -0.02274726
v 0.01003959 -0.01446027 -0.02391995
v 0.00743564 -0.01446027 -0.02485294
v 0.00480389 -0.01446027 -0.02549274
v 0.00203965 -0.01446027 -0.02586111
v -0.00067613 -0.01446027 -0.02593261
v -0.00319777 -0.01446027 -0.02574357
v -0.00588161 -0.01446027 -0.02526587
v -0.00832779 -0.01446027 -0.02456838
v -0.01087187 -0.01446027 -0.02355334
v -0.01313773 -0.01446027 -0.02236867
v -0.01543629 -0.01446027 -0.02084894
v -0.01742301 -0.01446027 -0.01921968
v -0.01937627 -0.01446027 -0.01724869
v -0.02099526 -0.01446027 -0.01523668
v -0.02249542 -0.01446027 -0.01291950
v -0.02368981 -0.01446027 -0.01057120
v -0.02468205 -0.01446027 -0.00798459
v -0.02536090 -0.01446027 -0.00545727
v -0.02584212 -0.01442207 -0.00258719
v -0.02582895 -0.01444138 -0.00258587
v -0.02581238 -0.01446027 -0.00258421
v -0.02600000 -0.01431885 0.00000000
v -0.02600000 -0.01401885 0.00000000
v 0.00000000 -0.01401885 -0.02600000
v -0.00507235 -0.01401885 -0.02550042
v -0.00994977 -0.01401885 -0.02402087
v -0.01444483 -0.01401885 -0.02161821
v -0.01838478 -0.01401885 -0.01838478
v -0.02161821 -0.01401885 -0.01444483
v -0.02402087 -0.01401885 -0.00994977
v -0.02550042 -0.01401885 -0.00507235
v 0.02600000 -0.01401885 0.00000000
v 0.02550042 -0.01401885 -0.00507235
v 0.02402087 -0.01401885 -0.00994977
v 0.02161821 -0.01401885 -0.01444483
v 0.01838478 -0.01401885 -0.01838478
v 0.01444483 -0.01401885 -0.02161821
v 0.00994977 -0.01401885 -0.02402087
v 0.00507235 -0.01401885 -0.02550042
v 0.02600000 -0.01431885 0.00000000
v -0.02543184 -0.01431885 -0.00540570
v -0.02375218 -0.01431885 -0.01057515
v -0.02103444 -0.01431885 -0.01528242
v -0.01739740 -0.01431885 -0.01932177
v -0.01300000 -0.01431885 -0.02251666
v -0.00803444 -0.01431885 -0.02472747
v -0.00271774 -0.01431885 -0.02585757
v 0.00271774 -0.01431885 -0.02585757
v 0.00803444 -0.01431885 -0.02472747
v 0.01300000 -0.01431885 -0.02251666
v 0.01739740 -0.01431885 -0.01932177
v 0.02103444 -0.01431885 -0.01528242
v 0.02375218 -0.01431885 -0.01057515
v 0.02543184 -0.01431885 -0.00540570
v 0.00000000 -0.01451885 0.02550000
v 0.00530175 -0.01451885 0.02494276
v 0.01037178 -0.01451885 0.02329541
v 0.01498852 -0.01451885 0.02062993
v 0.01895019 -0.01451885 0.01706283
v 0.02208365 -0.01451885 0.01275000
v 0.02425194 -0.01451885 0.00787993
v 0.02536031 -0.01451885 0.00266548
v 0.02536031 -0.01451885 -0.00266548
v 0.02425194 -0.01451885 -0.00787993
v 0.02208365 -0.01451885 -0.01275000
v 0.01895019 -0.01451885 -0.01706283
v 0.01498852 -0.01451885 -0.02062993
v 0.01037178 -0.01451885 -0.02329541
v 0.00530175 -0.01451885 -0.02494276
v 0.00000000 -0.01451885 -0.02550000
v 0.00000000 -0.01401885 -0.02600000
v 0.02600000 -0.01401885 0.00000000
v 0.02550042 -0.01401885 -0.00507235
v 0.02402087 -0.01401885 -0.00994977
v 0.02161821 -0.01401885 -0.01444483
v 0.01838478 -0.01401885 -0.01838478
v 0.01444483 -0.01401885 -0.02161821
v 0.00994977 -0.01401885 -0.02402087
v 0.00507235 -0.01401885 -0.02550042
v 0.00000000 -0.01401885 0.02600000
v 0.00507235 -0.01401885 0.02550042
v 0.00994977 -0.01401885 0.02402087
v 0.01444483 -0.01401885 0.02161821
v 0.01838478 -0.01401885 0.01838478
v 0.02161821 -0.01401885 0.01444483
v 0.02402087 -0.01401885 0.00994977
v 0.02550042 -0.01401885 0.00507235
v 0.02580000 -0.01451885 0.00000000
v 0.02520901 -0.01451885 0.00549052
v 0.02355183 -0.01451885 0.01053335
v 0.02088897 -0.01451885 0.01514235
v 0.01739222 -0.01451885 0.01905651
v 0.01323116 -0.01451885 0.02214896
v 0.00859018 -0.01451885 0.02432794
v 0.00366216 -0.01451885 0.02553877
v -0.00135817 -0.01451885 0.02576423
v -0.00681151 -0.01451885 0.02488460
v -0.01189659 -0.01451885 0.02289348
v -0.01640023 -0.01451885 0.01991664
v -0.02014597 -0.01451885 0.01611769
v -0.02300027 -0.01451885 0.01168877
v -0.02487667 -0.01451885 0.00684041
v -0.02559456 -0.01451885 0.00324936
v -0.02580000 -0.01451885 0.00000000
v 0.02600000 -0.01431885 0.00000000
v 0.02599499 -0.01436335 0.00000000
v 0.02598019 -0.01440562 0.00000000
v 0.02595637 -0.01444354 0.00000000
v 0.02592470 -0.01447521 0.00000000
v 0.02588678 -0.01449904 0.00000000
v 0.02584451 -0.01451383 0.00000000
v 0.02543184 -0.01431885 0.00540570
v 0.02375218 -0.01431885 0.01057515
v 0.02103444 -0.01431885 0.01528242
v 0.01739740 -0.01431885 0.01932177
v 0.01300000 -0.01431885 0.02251666
v 0.00803444 -0.01431885 0.02472747
v 0.00271774 -0.01431885 0.02585757
v -0.00271774 -0.01431885 0.02585757
v -0.00803444 -0.01431885 0.02472747
v -0.01300000 -0.01431885 0.02251666
v -0.01739740 -0.01431885 0.01932177
v -0.02103444 -0.01431885 0.01528242
v -0.02375218 -0.01431885 0.01057515
v -0.02543184 -0.01431885 0.00540570
v -0.02600000 -0.01431885 0.00000000
v -0.02599499 -0.01436335 0.00000000
v -0.02598019 -0.01440562 0.00000000
v -0.02595637 -0.01444354 0.00000000
v -0.02592470 -0.01447521 0.00000000
v -0.02588678 -0.01449904 0.00000000
v -0.02584451 -0.01451383 0.00000000
v -0.02589275 -0.01446027 0.00158836
v -0.02587390 -0.01447691 0.00158721
v -0.02585462 -0.01449015 0.00158602
v -0.02557992 -0.01446027 0.00431565
v -0.02520674 -0.01446027 0.00613004
v -0.02444241 -0.01446027 0.00869056
v -0.02342253 -0.01446027 0.01115089
v -0.02214953 -0.01446027 0.01350392
v -0.02062938 -0.01446027 0.01572851
v -0.01889543 -0.01446027 0.01777414
v -0.01693007 -0.01446027 0.01965528
v -0.01480364 -0.01446027 0.02130281
v -0.01247075 -0.01446027 0.02274726
v -0.01003959 -0.01446027 0.02391995
v -0.00743564 -0.01446027 0.02485294
v -0.00480389 -0.01446027 0.02549274
v -0.00203965 -0.01446027 0.02586111
v 0.00067613 -0.01446027 0.02593261
v 0.00319777 -0.01446027 0.02574357
v 0.00588161 -0.01446027 0.02526587
v 0.00832779 -0.01446027 0.02456838
v 0.01087187 -0.01446027 0.02355334
v 0.01313773 -0.01446027 0.02236867
v 0.01543629 -0.01446027 0.02084894
v 0.01742301 -0.01446027 0.01921968
v 0.01937627 -0.01446027 0.01724869
v 0.02099526 -0.01446027 0.01523668
v 0.02249542 -0.01446027 0.01291950
v 0.02368981 -0.01446027 0.01057120
v 0.02468205 -0.01446027 0.00798459
v 0.02536090 -0.01446027 0.00545727
v 0.02584212 -0.01442207 0.00258719
v 0.02582895 -0.01444138 0.00258587
v 0.02581238 -0.01446027 0.00258421
v 0.00000000 -0.01451885 -0.02550000
v 0.00000000 -0.01401885 -0.02600000
v -0.00530175 -0.01451885 -0.02494276
v -0.01037178 -0.01451885 -0.02329541
v -0.01498852 -0.01451885 -0.02062993
v -0.01895019 -0.01451885 -0.01706283
v -0.02208365 -0.01451885 -0.01275000
v -0.02425194 -0.01451885 -0.00787993
v -0.02536031 -0.01451885 -0.00266548
v -0.02536031 -0.01451885 0.00266548
v -0.02425194 -0.01451885 0.00787993
v -0.02208365 -0.01451885 0.01275000
v -0.01895019 -0.01451885 0.01706283
v -0.01498852 -0.01451885 0.02062993
v -0.01037178 -0.01451885 0.02329541
v -0.00530175 -0.01451885 0.02494276
v 0.00000000 -0.01451885 0.02550000
v 0.00000000 -0.01401885 0.02600000
v -0.02600000 -0.01401885 0.00000000
v -0.02550042 -0.01401885 0.00507235
v -0.02402087 -0.01401885 0.00994977
v -0.02161821 -0.01401885 0.01444483
v -0.01838478 -0.01401885 0.01838478
v -0.01444483 -0.01401885 0.02161821
v -0.00994977 -0.01401885 0.02402087
v -0.00507235 -0.01401885 0.02550042
v -0.00507235 -0.01401885 -0.02550042
v -0.00994977 -0.01401885 -0.02402087
v -0.01444483 -0.01401885 -0.02161821
v -0.01838478 -0.01401885 -0.01838478
v -0.02161821 -0.01401885 -0.01444483
v -0.02402087 -0.01401885 -0.00994977
v -0.02550042 -0.01401885 -0.00507235
v 0.02580000 -0.01451885 0.00000000
v 0.02520901 -0.01451885 0.00549052
v 0.02355183 -0.01451885 0.01053335
v 0.02088897 -0.01451885 0.01514235
v 0.01739222 -0.01451885 0.01905651
v 0.01323116 -0.01451885 0.02214896
v 0.00859018 -0.01451885 0.02432794
v 0.00366216 -0.01451885 0.02553877
v -0.00135817 -0.01451885 0.02576423
v -0.00681151 -0.01451885 0.02488460
v -0.01189659 -0.01451885 0.02289348
v -0.01640023 -0.01451885 0.01991664
v -0.02014597 -0.01451885 0.01611769
v -0.02300027 -0.01451885 0.01168877
v -0.02487667 -0.01451885 0.00684041
v -0.02559456 -0.01451885 0.00324936
v -0.02580000 -0.01451885 0.00000000
v -0.02520901 -0.01451885 -0.00549052
v -0.02355183 -0.01451885 -0.01053335
v -0.02088897 -0.01451885 -0.01514235
v -0.01739222 -0.01451885 -0.01905651
v -0.01323116 -0.01451885 -0.02214896
v -0.00859018 -0.01451885 -0.02432794
v -0.00366216 -0.01451885 -0.02553877
v 0.00135817 -0.01451885 -0.02576423
v 0.00681151 -0.01451885 -0.02488460
v 0.01189659 -0.01451885 -0.02289348
v 0.01640023 -0.01451885 -0.01991664
v 0.02014597 -0.01451885 -0.01611769
v 0.02300027 -0.01451885 -0.01168877
v 0.02487667 -0.01451885 -0.00684041
v 0.02559456 -0.01451885 -0.00324936
v 0.00000000 -0.01451885 0.02550000
v 0.00530175 -0.01451885 0.02494276
v 0.01037178 -0.01451885 0.02329541
v 0.01498852 -0.01451885 0.02062993
v 0.01895019 -0.01451885 0.01706283
v 0.02208365 -0.01451885 0.01275000
v 0.02425194 -0.01451885 0.00787993
v 0.02536031 -0.01451885 0.00266548
v 0.02536031 -0.01451885 -0.00266548
v 0.02425194 -0.01451885 -0.00787993
v 0.02208365 -0.01451885 -0.01275000
v 0.01895019 -0.01451885 -0.01706283
v 0.01498852 -0.01451885 -0.02062993
v 0.01037178 -0.01451885 -0.02329541
v 0.00530175 -0.01451885 -0.02494276
v 0.00000000 -0.01451885 -0.02550000
v -0.00530175 -0.01451885 -0.02494276
v -0.01037178 -0.01451885 -0.02329541
v -0.01498852 -0.01451885 -0.02062993
v -0.01895019 -0.01451885 -0.01706283
v -0.02208365 -0.01451885 -0.01275000
v -0.02425194 -0.01451885 -0.00787993
v -0.02536031 -0.01451885 -0.00266548
v -0.02536031 -0.01451885 0.00266548
v -0.02425194 -0.01451885 0.00787993
v -0.02208365 -0.01451885 0.01275000
v -0.01895019 -0.01451885 0.01706283
v -0.01498852 -0.01451885 0.02062993
v -0.01037178 -0.01451885 0.02329541
v -0.00530175 -0.01451885 0.02494276
v 0.00000000 -0.01401885 0.02600000
v 0.00507235 -0.01401885 0.02550042
v 0.00994977 -0.01401885 0.02402087
v 0.01444483 -0.01401885 0.02161821
v 0.01838478 -0.01401885 0.01838478
v 0.02161821 -0.01401885 0.01444483
v 0.02402087 -0.01401885 0.00994977
v 0.02550042 -0.01401885 0.00507235
v 0.02600000 -0.01401885 0.00000000
v -0.02600000 -0.01401885 0.00000000
v -0.02550042 -0.01401885 0.00507235
v -0.02402087 -0.01401885 0.00994977
v -0.02161821 -0.01401885 0.01444483
v -0.01838478 -0.01401885 0.01838478
v -0.01444483 -0.01401885 0.02161821
v -0.00994977 -0.01401885 0.02402087
v -0.00507235 -0.01401885 0.02550042
v -0.02600000 -0.01431885 0.00000000
v 0.02600000 -0.01431885 0.00000000
v 0.02543184 -0.01431885 0.00540570
v 0.02375218 -0.01431885 0.01057515
v 0.02103444 -0.01431885 0.01528242
v 0.01739740 -0.01431885 0.01932177
v 0.01300000 -0.01431885 0.02251666
v 0.00803444 -0.01431885 0.02472747
v 0.00271774 -0.01431885 0.02585757
v -0.00271774 -0.01431885 0.02585757
v -0.00803444 -0.01431885 0.02472747
v -0.01300000 -0.01431885 0.02251666
v -0.01739740 -0.01431885 0.01932177
v -0.02103444 -0.01431885 0.01528242
v -0.02375218 -0.01431885 0.01057515
v -0.02543184 -0.01431885 0.00540570
f 2 1 11
f 8 11 12
f 8 12 7
f 8 2 11
f 10 4 3
f 10 3 9
f 6 5 4
f 6 4 10
f 13 3 2
f 13 8 9
f 13 2 8
f 13 9 3
f 19 25 18
f 19 26 25
f 20 27 26
f 20 26 19
f 21 28 27
f 21 27 20
f 22 29 28
f 22 28 21
f 23 30 29
f 23 29 22
f 24 31 30
f 24 30 23
f 16 17 31
f 15 31 24
f 15 16 31
f 14 15 24
f 33 32 48
f 33 48 49
f 42 49 41
f 42 33 49
f 43 34 33
f 43 33 42
f 44 35 34
f 44 34 43
f 46 37 36
f 46 36 45
f 47 38 37
f 47 37 46
f 40 39 38
f 40 38 47
f 50 36 35
f 50 44 45
f 50 35 44
f 50 45 36
f 56 57 58
f 55 56 58
f 54 55 58
f 53 54 58
f 72 52 53
f 72 58 69
f 72 53 58
f 73 72 69
f 73 52 72
f 74 61 51
f 74 69 70
f 74 75 69
f 74 51 75
f 76 61 74
f 76 74 70
f 77 60 61
f 77 70 71
f 77 76 70
f 77 61 76
f 78 60 77
f 78 77 71
f 79 62 63
f 79 63 64
f 79 64 65
f 79 65 66
f 79 71 62
f 79 78 71
f 79 60 78
f 80 60 79
f 80 79 66
f 81 59 60
f 81 66 67
f 81 67 68
f 81 68 59
f 81 80 66
f 81 60 80
f 82 51 52
f 82 52 73
f 82 75 51
f 83 73 69
f 83 69 75
f 83 82 73
f 83 75 82
f 98 104 97
f 99 104 98
f 92 93 103
f 108 84 85
f 108 85 86
f 108 86 87
f 109 87 88
f 109 88 89
f 109 108 87
f 110 90 91
f 110 91 84
f 110 84 108
f 110 108 109
f 111 89 107
f 111 109 89
f 112 111 107
f 113 96 90
f 113 90 112
f 114 95 96
f 115 95 114
f 116 107 106
f 116 115 107
f 117 116 106
f 118 94 95
f 118 95 117
f 119 94 118
f 120 106 105
f 120 119 106
f 121 93 94
f 122 105 104
f 123 99 100
f 123 100 101
f 123 101 102
f 123 102 103
f 123 104 99
f 123 103 93
f 124 110 109
f 124 90 110
f 124 109 111
f 124 112 90
f 124 111 112
f 125 113 112
f 125 107 126
f 125 112 107
f 127 107 115
f 127 115 114
f 127 126 107
f 128 115 116
f 128 117 95
f 128 95 115
f 128 116 117
f 129 117 106
f 129 118 117
f 129 106 119
f 129 119 118
f 130 131 94
f 130 94 119
f 130 119 120
f 132 131 105
f 132 133 121
f 132 105 122
f 132 122 133
f 134 123 93
f 134 93 121
f 134 121 133
f 134 133 122
f 135 125 126
f 135 96 113
f 135 113 125
f 136 126 127
f 136 127 114
f 136 96 135
f 136 114 96
f 136 135 126
f 137 130 120
f 137 120 105
f 137 105 131
f 137 131 130
f 138 94 131
f 138 121 94
f 138 131 132
f 138 132 121
f 139 134 122
f 139 122 104
f 139 123 134
f 139 104 123
f 145 158 162
f 146 162 161
f 146 145 162
f 147 161 160
f 147 146 161
f 148 160 159
f 148 147 160
f 163 148 159
f 149 148 163
f 150 149 171
f 151 170 169
f 151 150 170
f 168 151 169
f 152 151 168
f 167 152 168
f 153 152 167
f 154 153 166
f 155 154 165
f 174 143 142
f 172 173 174
f 164 172 174
f 156 164 174
f 156 174 142
f 156 155 164
f 157 142 141
f 157 156 142
f 144 141 140
f 144 157 141
f 165 164 155
f 166 165 154
f 167 166 153
f 171 170 150
f 163 171 149
f 178 190 177
f 178 202 190
f 179 201 202
f 179 202 178
f 180 200 201
f 180 201 179
f 181 199 200
f 181 200 180
f 182 198 199
f 182 199 181
f 183 197 198
f 183 198 182
f 184 196 197
f 184 197 183
f 185 195 196
f 185 196 184
f 186 194 195
f 186 195 185
f 187 193 194
f 187 194 186
f 188 192 193
f 188 193 187
f 189 191 192
f 189 192 188
f 176 175 191
f 176 191 189
f 206 218 205
f 206 230 218
f 207 229 230
f 207 230 206
f 208 228 229
f 208 229 207
f 209 227 228
f 209 228 208
f 210 226 227
f 210 227 209
f 211 225 226
f 211 226 210
f 212 224 225
f 212 225 211
f 213 223 224
f 213 224 212
f 214 222 223
f 214 223 213
f 215 221 222
f 215 222 214
f 216 220 221
f 216 221 215
f 217 219 220
f 217 220 216
f 204 203 219
f 204 219 217
f 258 257 231
f 232 258 231
f 259 258 232
f 233 259 232
f 260 259 233
f 234 260 233
f 250 260 234
f 235 250 234
f 251 250 235
f 236 251 235
f 252 251 236
f 237 252 236
f 253 252 237
f 254 237 238
f 254 253 237
f 255 238 239
f 255 254 238
f 256 239 240
f 256 255 239
f 246 256 240
f 241 246 240
f 247 246 241
f 242 247 241
f 248 247 242
f 243 248 242
f 249 248 243
f 244 249 243
f 245 249 244
f 291 274 273
f 291 292 274
f 290 273 272
f 290 291 273
f 281 272 271
f 289 272 281
f 289 290 272
f 270 281 271
f 288 289 281
f 282 281 270
f 269 282 270
f 283 282 269
f 268 283 269
f 284 283 268
f 285 268 267
f 285 284 268
f 286 267 266
f 286 285 267
f 287 266 265
f 287 286 266
f 280 265 264
f 280 287 265
f 263 280 264
f 278 279 280
f 278 280 263
f 277 263 262
f 277 278 263
f 276 262 261
f 276 277 262
f 275 276 261
f 296 299 295
f 296 300 299
f 296 301 300
f 297 302 301
f 297 301 296
f 298 294 302
f 298 302 297
f 293 294 298
f 315 303 304
f 315 305 303
f 329 304 343
f 329 343 344
f 329 344 342
f 330 314 315
f 330 315 304
f 330 304 329
f 331 313 314
f 331 314 330
f 332 312 313
f 332 313 331
f 333 311 312
f 333 312 332
f 310 311 333
f 334 310 333
f 309 310 334
f 335 309 334
f 308 309 335
f 336 307 308
f 336 308 335
f 337 306 307
f 337 322 306
f 337 307 336
f 338 320 321
f 338 321 322
f 338 322 337
f 339 320 338
f 339 319 320
f 340 319 339
f 340 318 319
f 323 316 317
f 324 323 317
f 341 317 318
f 341 324 317
f 341 318 340
f 328 324 341
f 328 325 326
f 328 326 327
f 328 327 324
f 382 351 383
f 381 350 351
f 381 351 382
f 380 349 350
f 380 350 381
f 379 348 349
f 379 349 380
f 378 348 379
f 377 347 348
f 377 348 378
f 376 346 347
f 376 347 377
f 375 345 346
f 375 346 376
f 374 345 375
f 373 361 362
f 373 362 345
f 373 345 374
f 372 360 361
f 372 361 373
f 371 359 360
f 371 360 372
f 370 358 359
f 370 359 371
f 369 358 370
f 357 358 369
f 368 357 369
f 356 357 368
f 367 356 368
f 355 356 367
f 366 355 367
f 366 354 355
f 365 354 366
f 365 353 354
f 364 352 353
f 364 353 365
f 363 352 364
f 391 389 386
f 387 391 386
f 390 391 387
f 388 390 387
f 385 390 388
f 384 385 388
f 399 418 417
f 399 414 418
f 400 417 416
f 400 399 417
f 401 416 415
f 401 415 419
f 401 400 416
f 402 419 420
f 402 420 421
f 402 401 419
f 403 421 422
f 403 402 421
f 404 422 423
f 404 403 422
f 405 423 424
f 405 404 423
f 406 424 425
f 406 425 426
f 406 405 424
f 407 426 427
f 407 406 426
f 408 427 428
f 408 428 429
f 408 407 427
f 409 429 430
f 409 430 431
f 409 408 429
f 410 431 392
f 410 409 431
f 411 392 393
f 411 393 394
f 411 410 392
f 412 411 394
f 412 394 395
f 413 395 396
f 413 412 395
f 398 396 397
f 398 413 396
f 441 433 432
f 436 438 437
f 436 439 438
f 435 440 439
f 435 439 436
f 434 441 440
f 434 433 441
f 434 440 435
f 445 457 444
f 445 469 457
f 446 468 469
f 446 469 445
f 447 467 468
f 447 468 446
f 448 466 467
f 448 467 447
f 449 465 466
f 449 466 448
f 450 464 465
f 450 465 449
f 451 463 464
f 451 464 450
f 452 462 463
f 452 463 451
f 453 461 462
f 453 462 452
f 454 460 461
f 454 461 453
f 455 459 460
f 455 460 454
f 456 458 459
f 456 459 455
f 443 442 458
f 443 458 456
f 479 498 492
f 480 497 498
f 480 498 479
f 481 496 497
f 481 497 480
f 482 495 496
f 482 496 481
f 483 494 495
f 483 495 482
f 484 493 494
f 484 494 483
f 485 477 493
f 485 493 484
f 486 476 477
f 486 477 485
f 487 475 476
f 487 476 486
f 488 474 475
f 488 475 487
f 489 473 474
f 489 474 488
f 490 472 473
f 490 473 489
f 491 471 472
f 491 472 490
f 478 470 471
f 478 471 491
f 502 514 501
f 502 526 514
f 503 525 526
f 503 526 502
f 504 524 525
f 504 525 503
f 505 523 524
f 505 524 504
f 506 522 523
f 506 523 505
f 507 521 522
f 507 522 506
f 508 520 521
f 508 521 507
f 509 519 520
f 509 520 508
f 510 518 519
f 510 519 509
f 511 517 518
f 511 518 510
f 512 516 517
f 512 517 511
f 513 515 516
f 513 516 512
f 500 499 515
f 500 515 513
f 536 555 549
f 537 554 555
f 537 555 536
f 538 553 554
f 538 554 537
f 539 552 553
f 539 553 538
f 540 551 552
f 540 552 539
f 541 550 551
f 541 551 540
f 542 534 550
f 542 550 541
f 543 533 534
f 543 534 542
f 544 532 533
f 544 533 543
f 545 531 532
f 545 532 544
f 546 530 531
f 546 531 545
f 547 529 530
f 547 530 546
f 548 528 529
f 548 529 547
f 535 527 528
f 535 528 548
f 559 571 558
f 559 572 571
f 560 573 572
f 560 572 559
f 561 574 573
f 561 573 560
f 562 575 574
f 562 574 561
f 563 576 575
f 563 575 562
f 564 577 576
f 564 576 563
f 565 578 577
f 565 577 564
f 566 579 578
f 566 578 565
f 567 580 579
f 567 579 566
f 568 581 580
f 568 582 581
f 568 580 567
f 569 582 568
f 570 583 582
f 570 582 569
f 557 556 583
f 557 583 570
f 600 598 601
f 602 595 594
f 602 596 595
f 602 597 596
f 602 598 597
f 602 601 598
f 603 598 600
f 604 593 592
f 604 594 593
f 604 601 602
f 604 600 601
f 604 602 594
f 605 599 598
f 605 598 603
f 606 592 591
f 606 600 604
f 606 604 592
f 606 603 600
f 607 599 605
f 608 590 589
f 608 591 590
f 608 603 606
f 608 606 591
f 608 605 603
f 609 599 607
f 610 588 587
f 610 589 588
f 610 608 589
f 610 607 605
f 610 605 608
f 611 585 584
f 611 586 585
f 611 587 586
f 611 584 599
f 611 610 587
f 611 599 609
f 611 609 607
f 611 607 610
f 629 627 630
f 631 624 623
f 631 625 624
f 631 626 625
f 631 627 626
f 631 630 627
f 632 627 629
f 633 622 621
f 633 623 622
f 633 630 631
f 633 631 623
f 633 629 630
f 634 628 627
f 634 627 632
f 635 620 619
f 635 621 620
f 635 629 633
f 635 633 621
f 635 632 629
f 636 628 634
f 637 618 617
f 637 619 618
f 637 632 635
f 637 635 619
f 637 634 632
f 638 628 636
f 639 616 615
f 639 617 616
f 639 637 617
f 639 636 634
f 639 634 637
f 640 613 612
f 640 614 613
f 640 615 614
f 640 612 628
f 640 639 615
f 640 628 638
f 640 638 636
f 640 636 639
f 657 655 658
f 659 652 651
f 659 653 652
f 659 654 653
f 659 655 654
f 659 658 655
f 660 655 657
f 661 650 649
f 661 651 650
f 661 658 659
f 661 657 658
f 661 659 651
f 662 656 655
f 662 655 660
f 663 648 647
f 663 649 648
f 663 657 661
f 663 661 649
f 663 660 657
f 664 656 662
f 665 647 646
f 665 663 647
f 665 660 663
f 665 662 660
f 666 656 664
f 667 645 644
f 667 646 645
f 667 665 646
f 667 664 662
f 667 662 665
f 668 642 641
f 668 643 642
f 668 644 643
f 668 641 656
f 668 667 644
f 668 656 666
f 668 666 664
f 668 664 667
f 686 684 687
f 688 681 680
f 688 682 681
f 688 683 682
f 688 684 683
f 688 687 684
f 689 684 686
f 690 679 678
f 690 680 679
f 690 687 688
f 690 688 680
f 690 686 687
f 691 685 684
f 691 684 689
f 692 677 676
f 692 678 677
f 692 686 690
f 692 690 678
f 692 689 686
f 693 685 691
f 694 675 674
f 694 676 675
f 694 689 692
f 694 692 676
f 694 691 689
f 695 685 693
f 696 673 672
f 696 674 673
f 696 694 674
f 696 693 691
f 696 691 694
f 697 670 669
f 697 671 670
f 697 672 671
f 697 669 685
f 697 696 672
f 697 685 695
f 697 695 693
f 697 693 696
f 701 713 700
f 701 714 713
f 702 715 714
f 702 714 701
f 703 716 715
f 703 715 702
f 704 717 716
f 704 716 703
f 705 718 717
f 705 717 704
f 706 719 718
f 706 718 705
f 707 720 719
f 707 719 706
f 708 721 720
f 708 720 707
f 709 722 721
f 709 721 708
f 710 723 722
f 710 722 709
f 711 724 723
f 711 723 710
f 712 725 724
f 712 724 711
f 699 698 725
f 699 725 712
f 729 741 728
f 729 742 741
f 730 743 742
f 730 742 729
f 731 744 743
f 731 743 730
f 732 745 744
f 732 744 731
f 733 746 745
f 733 745 732
f 734 747 746
f 734 746 733
f 735 748 747
f 735 747 734
f 736 749 748
f 736 748 735
f 737 750 749
f 737 749 736
f 738 751 750
f 738 750 737
f 739 752 751
f 739 751 738
f 753 752 739
f 740 753 739
f 727 726 753
f 727 753 740
f 757 769 756
f 757 770 769
f 758 771 770
f 758 770 757
f 759 772 771
f 759 771 758
f 760 773 772
f 760 772 759
f 761 774 773
f 761 773 760
f 762 775 774
f 762 774 761
f 776 775 762
f 763 776 762
f 777 776 763
f 764 777 763
f 765 778 777
f 765 777 764
f 766 779 778
f 766 778 765
f 780 779 766
f 767 780 766
f 768 781 780
f 768 780 767
f 755 754 781
f 755 781 768
f 785 797 784
f 785 798 797
f 786 799 798
f 786 798 785
f 787 800 799
f 787 799 786
f 788 801 800
f 788 800 787
f 789 802 801
f 789 801 788
f 790 803 802
f 790 802 789
f 791 804 803
f 791 803 790
f 792 805 804
f 792 804 791
f 793 806 805
f 793 805 792
f 794 807 806
f 794 806 793
f 795 808 807
f 795 807 794
f 796 809 808
f 796 808 795
f 783 782 809
f 783 809 796
f 813 811 810
f 813 812 811
f 817 815 814
f 817 816 815
f 818 826 819
f 828 825 826
f 828 826 818
f 829 824 825
f 829 825 828
f 830 823 824
f 830 824 829
f 831 822 823
f 831 823 830
f 832 821 822
f 832 822 831
f 833 820 821
f 833 821 832
f 827 820 833
f 834 836 837
f 834 837 835
f 840 849 845
f 841 848 849
f 841 849 840
f 842 847 848
f 842 848 841
f 843 847 842
f 844 846 847
f 844 847 843
f 838 839 846
f 838 846 844
f 853 852 850
f 851 853 850
f 869 868 854
f 855 869 854
f 870 869 855
f 856 870 855
f 871 870 856
f 857 871 856
f 872 871 857
f 858 872 857
f 859 873 872
f 859 872 858
f 874 873 859
f 860 874 859
f 861 875 874
f 861 874 860
f 862 876 875
f 862 875 861
f 877 876 862
f 863 877 862
f 864 878 877
f 864 877 863
f 879 878 864
f 865 879 864
f 880 879 865
f 866 880 865
f 867 881 880
f 867 880 866
f 883 896 882
f 883 897 896
f 884 898 897
f 884 897 883
f 885 899 898
f 885 898 884
f 886 900 899
f 886 899 885
f 887 901 900
f 887 900 886
f 888 902 901
f 888 901 887
f 889 903 902
f 889 902 888
f 890 904 903
f 890 903 889
f 905 904 890
f 891 905 890
f 892 906 905
f 892 905 891
f 907 906 892
f 893 907 892
f 908 907 893
f 894 908 893
f 895 909 908
f 895 908 894
f 911 924 910
f 911 925 924
f 912 926 925
f 912 925 911
f 913 927 926
f 913 926 912
f 914 928 927
f 914 927 913
f 915 929 928
f 915 928 914
f 930 929 915
f 916 930 915
f 917 931 930
f 917 930 916
f 918 932 931
f 918 931 917
f 933 932 918
f 919 933 918
f 920 934 933
f 920 933 919
f 921 935 934
f 921 934 920
f 936 935 921
f 922 936 921
f 937 936 922
f 923 937 922
f 953 952 938
f 939 953 938
f 954 953 939
f 940 954 939
f 955 954 940
f 941 955 940
f 956 955 941
f 942 956 941
f 957 956 942
f 943 957 942
f 958 957 943
f 944 958 943
f 959 958 944
f 945 959 944
f 960 959 945
f 946 960 945
f 961 960 946
f 947 961 946
f 962 961 947
f 948 962 947
f 963 962 948
f 949 963 948
f 950 964 963
f 950 963 949
f 965 964 950
f 951 965 950
f 971 970 969
f 966 968 967
f 973 972 971
f 991 968 966
f 975 974 973
f 976 975 973
f 987 989 988
f 987 990 989
f 987 991 990
f 978 977 976
f 978 976 973
f 978 973 971
f 985 987 986
f 985 991 987
f 980 979 978
f 983 985 984
f 982 969 968
f 982 981 980
f 982 971 969
f 982 968 991
f 982 978 971
f 982 985 983
f 982 980 978
f 982 991 985
f 1009 1007 1010
f 1011 1004 1003
f 1011 1005 1004
f 1011 1006 1005
f 1011 1007 1006
f 1011 1010 1007
f 1012 1008 1007
f 1012 1007 1009
f 1013 1002 1001
f 1013 1003 1002
f 1013 1010 1011
f 1013 1011 1003
f 1013 1009 1010
f 1014 1008 1012
f 1015 1000 999
f 1015 1001 1000
f 1015 1009 1013
f 1015 1013 1001
f 1015 1012 1009
f 1016 1008 1014
f 1017 998 997
f 1017 999 998
f 1017 1012 1015
f 1017 1014 1012
f 1017 1015 999
f 1018 1008 1016
f 1019 996 995
f 1019 997 996
f 1019 1017 997
f 1019 1016 1014
f 1019 1014 1017
f 1020 993 992
f 1020 994 993
f 1020 995 994
f 1020 992 1008
f 1020 1019 995
f 1020 1008 1018
f 1020 1018 1016
f 1020 1016 1019
f 1037 1035 1038
f 1039 1032 1031
f 1039 1033 1032
f 1039 1034 1033
f 1039 1035 1034
f 1039 1038 1035
f 1040 1036 1035
f 1040 1035 1037
f 1041 1030 1029
f 1041 1031 1030
f 1041 1038 1039
f 1041 1037 1038
f 1041 1039 1031
f 1042 1036 1040
f 1043 1029 1028
f 1043 1037 1041
f 1043 1041 1029
f 1043 1040 1037
f 1044 1036 1042
f 1045 1027 1026
f 1045 1028 1027
f 1045 1042 1040
f 1045 1040 1043
f 1045 1043 1028
f 1046 1036 1044
f 1047 1025 1024
f 1047 1026 1025
f 1047 1045 1026
f 1047 1044 1042
f 1047 1042 1045
f 1047 1046 1044
f 1048 1022 1021
f 1048 1023 1022
f 1048 1024 1023
f 1048 1021 1036
f 1048 1046 1047
f 1048 1047 1024
f 1048 1036 1046
f 1066 1064 1067
f 1068 1061 1060
f 1068 1062 1061
f 1068 1063 1062
f 1068 1064 1063
f 1068 1067 1064
f 1069 1065 1064
f 1069 1064 1066
f 1070 1059 1058
f 1070 1060 1059
f 1070 1067 1068
f 1070 1068 1060
f 1070 1066 1067
f 1071 1065 1069
f 1072 1057 1056
f 1072 1058 1057
f 1072 1066 1070
f 1072 1070 1058
f 1072 1069 1066
f 1073 1065 1071
f 1074 1055 1054
f 1074 1056 1055
f 1074 1069 1072
f 1074 1071 1069
f 1074 1072 1056
f 1075 1065 1073
f 1076 1053 1052
f 1076 1054 1053
f 1076 1074 1054
f 1076 1073 1071
f 1076 1071 1074
f 1076 1075 1073
f 1077 1050 1049
f 1077 1051 1050
f 1077 1052 1051
f 1077 1049 1065
f 1077 1075 1076
f 1077 1076 1052
f 1077 1065 1075
f 1094 1092 1095
f 1096 1089 1088
f 1096 1090 1089
f 1096 1091 1090
f 1096 1092 1091
f 1096 1095 1092
f 1097 1093 1092
f 1097 1092 1094
f 1098 1087 1086
f 1098 1088 1087
f 1098 1095 1096
f 1098 1094 1095
f 1098 1096 1088
f 1099 1093 1097
f 1100 1086 1085
f 1100 1094 1098
f 1100 1098 1086
f 1100 1097 1094
f 1101 1093 1099
f 1102 1084 1083
f 1102 1085 1084
f 1102 1099 1097
f 1102 1097 1100
f 1102 1100 1085
f 1103 1093 1101
f 1104 1082 1081
f 1104 1083 1082
f 1104 1102 1083
f 1104 1101 1099
f 1104 1099 1102
f 1105 1079 1078
f 1105 1080 1079
f 1105 1081 1080
f 1105 1078 1093
f 1105 1104 1081
f 1105 1093 1103
f 1105 1103 1101
f 1105 1101 1104
f 1107 1120 1106
f 1107 1121 1120
f 1107 1122 1121
f 1108 1122 1107
f 1109 1123 1122
f 1109 1122 1108
f 1110 1124 1123
f 1110 1123 1109
f 1111 1125 1124
f 1111 1124 1110
f 1112 1126 1125
f 1112 1125 1111
f 1113 1127 1126
f 1113 1126 1112
f 1114 1128 1127
f 1114 1127 1113
f 1115 1129 1128
f 1115 1128 1114
f 1116 1130 1129
f 1116 1131 1130
f 1116 1129 1115
f 1117 1131 1116
f 1118 1132 1131
f 1118 1131 1117
f 1119 1133 1132
f 1119 1132 1118
f 1150 1142 1141
f 1150 1143 1142
f 1149 1141 1140
f 1149 1150 1141
f 1148 1140 1139
f 1148 1149 1140
f 1147 1139 1138
f 1147 1148 1139
f 1146 1138 1137
f 1146 1147 1138
f 1145 1137 1136
f 1145 1146 1137
f 1144 1136 1135
f 1144 1145 1136
f 1134 1144 1135
f 1161 1153 1154
f 1162 1154 1155
f 1162 1161 1154
f 1163 1155 1156
f 1163 1162 1155
f 1164 1156 1157
f 1164 1163 1156
f 1165 1157 1158
f 1165 1164 1157
f 1166 1158 1159
f 1166 1165 1158
f 1167 1159 1160
f 1167 1166 1159
f 1151 1160 1152
f 1151 1167 1160
f 1184 1179 1180
f 1168 1169 1170
f 1189 1180 1181
f 1189 1181 1182
f 1189 1182 1183
f 1189 1183 1178
f 1190 1184 1180
f 1190 1180 1189
f 1191 1185 1184
f 1191 1184 1190
f 1192 1178 1177
f 1192 1189 1178
f 1193 1192 1177
f 1194 1188 1185
f 1194 1185 1193
f 1195 1188 1194
f 1196 1177 1176
f 1196 1195 1177
f 1197 1196 1176
f 1198 1187 1188
f 1198 1188 1197
f 1199 1187 1198
f 1200 1176 1175
f 1200 1199 1176
f 1201 1200 1175
f 1202 1186 1187
f 1202 1187 1201
f 1203 1186 1202
f 1204 1175 1174
f 1204 1203 1175
f 1205 1171 1170
f 1205 1172 1171
f 1205 1173 1172
f 1205 1174 1173
f 1205 1204 1174
f 1206 1205 1170
f 1206 1170 1169
f 1207 1169 1186
f 1207 1206 1169
f 1208 1189 1192
f 1208 1193 1185
f 1208 1190 1189
f 1208 1192 1193
f 1208 1191 1190
f 1208 1185 1191
f 1209 1195 1194
f 1209 1177 1195
f 1209 1193 1177
f 1209 1194 1193
f 1210 1197 1188
f 1210 1195 1196
f 1210 1188 1195
f 1210 1196 1197
f 1211 1197 1176
f 1211 1198 1197
f 1211 1176 1199
f 1211 1199 1198
f 1212 1201 1187
f 1212 1187 1199
f 1212 1199 1200
f 1212 1200 1201
f 1213 1201 1175
f 1213 1202 1201
f 1213 1175 1203
f 1213 1203 1202
f 1214 1186 1203
f 1214 1203 1204
f 1214 1204 1205
f 1214 1205 1206
f 1214 1207 1186
f 1214 1206 1207
f 1239 1233 1232
f 1239 1234 1233
f 1239 1235 1234
f 1239 1236 1235
f 1240 1236 1239
f 1241 1219 1220
f 1241 1237 1236
f 1241 1238 1237
f 1241 1220 1238
f 1241 1236 1240
f 1242 1232 1231
f 1242 1241 1240
f 1242 1240 1239
f 1242 1239 1232
f 1243 1242 1231
f 1244 1218 1219
f 1244 1243 1231
f 1244 1219 1243
f 1245 1231 1230
f 1245 1244 1231
f 1246 1245 1230
f 1247 1217 1218
f 1247 1218 1246
f 1248 1217 1247
f 1249 1230 1229
f 1249 1248 1230
f 1250 1249 1229
f 1251 1216 1217
f 1251 1217 1250
f 1252 1216 1251
f 1253 1229 1228
f 1253 1252 1229
f 1254 1253 1228
f 1255 1215 1216
f 1255 1216 1254
f 1256 1215 1255
f 1257 1228 1227
f 1257 1256 1228
f 1258 1226 1225
f 1258 1227 1226
f 1258 1257 1227
f 1259 1221 1222
f 1259 1222 1215
f 1260 1221 1259
f 1260 1223 1221
f 1260 1224 1223
f 1260 1225 1224
f 1260 1259 1258
f 1260 1258 1225
f 1261 1242 1243
f 1261 1219 1241
f 1261 1241 1242
f 1261 1243 1219
f 1262 1246 1218
f 1262 1218 1244
f 1262 1245 1246
f 1262 1244 1245
f 1263 1248 1247
f 1263 1246 1230
f 1263 1230 1248
f 1263 1247 1246
f 1264 1217 1248
f 1264 1250 1217
f 1264 1248 1249
f 1264 1249 1250
f 1265 1250 1229
f 1265 1251 1250
f 1265 1229 1252
f 1265 1252 1251
f 1266 1254 1216
f 1266 1216 1252
f 1266 1252 1253
f 1266 1253 1254
f 1267 1254 1228
f 1267 1255 1254
f 1267 1228 1256
f 1267 1256 1255
f 1268 1256 1257
f 1268 1257 1258
f 1268 1259 1215
f 1268 1258 1259
f 1268 1215 1256
f 1269 1290 1283
f 1270 1289 1290
f 1270 1290 1269
f 1271 1288 1289
f 1271 1289 1270
f 1272 1287 1288
f 1272 1288 1271
f 1273 1286 1287
f 1273 1287 1272
f 1274 1285 1286
f 1274 1286 1273
f 1275 1284 1285
f 1275 1285 1274
f 1276 1297 1284
f 1276 1284 1275
f 1277 1296 1297
f 1277 1297 1276
f 1278 1295 1296
f 1278 1296 1277
f 1279 1294 1295
f 1279 1295 1278
f 1280 1293 1294
f 1280 1294 1279
f 1281 1292 1293
f 1281 1293 1280
f 1282 1291 1292
f 1282 1292 1281
f 1299 1312 1298
f 1299 1325 1312
f 1300 1324 1325
f 1300 1325 1299
f 1301 1323 1324
f 1301 1324 1300
f 1302 1322 1323
f 1302 1323 1301
f 1303 1321 1322
f 1303 1322 1302
f 1304 1320 1321
f 1304 1321 1303
f 1305 1319 1320
f 1305 1320 1304
f 1306 1318 1319
f 1306 1319 1305
f 1307 1317 1318
f 1307 1318 1306
f 1308 1316 1317
f 1308 1317 1307
f 1309 1315 1316
f 1309 1316 1308
f 1310 1313 1314
f 1310 1314 1315
f 1310 1315 1309
f 1311 1313 1310
f 1326 1347 1340
f 1327 1346 1347
f 1327 1347 1326
f 1328 1345 1346
f 1328 1346 1327
f 1329 1344 1345
f 1329 1345 1328
f 1330 1343 1344
f 1330 1344 1329
f 1331 1342 1343
f 1331 1343 1330
f 1332 1341 1342
f 1332 1342 1331
f 1333 1354 1341
f 1333 1341 1332
f 1334 1353 1354
f 1334 1354 1333
f 1335 1352 1353
f 1335 1353 1334
f 1336 1351 1352
f 1336 1352 1335
f 1337 1350 1351
f 1337 1351 1336
f 1338 1349 1350
f 1338 1350 1337
f 1339 1348 1349
f 1339 1349 1338
f 1356 1369 1355
f 1356 1382 1369
f 1357 1381 1382
f 1357 1382 1356
f 1358 1380 1381
f 1358 1381 1357
f 1359 1379 1380
f 1359 1380 1358
f 1360 1378 1379
f 1360 1379 1359
f 1361 1377 1378
f 1361 1378 1360
f 1362 1376 1377
f 1362 1377 1361
f 1363 1375 1376
f 1363 1376 1362
f 1364 1374 1375
f 1364 1375 1363
f 1365 1373 1374
f 1365 1374 1364
f 1366 1372 1373
f 1366 1373 1365
f 1367 1370 1371
f 1367 1371 1372
f 1367 1372 1366
f 1368 1370 1367
f 1384 1403 1385
f 1383 1403 1384
f 1404 1391 1390
f 1404 1392 1391
f 1404 1393 1392
f 1404 1394 1393
f 1405 1395 1394
f 1405 1396 1395
f 1405 1397 1396
f 1405 1398 1397
f 1405 1399 1398
f 1405 1400 1399
f 1405 1402 1400
f 1405 1404 1402
f 1405 1394 1404
f 1406 1402 1404
f 1406 1404 1390
f 1407 1390 1389
f 1407 1401 1402
f 1407 1406 1390
f 1407 1402 1406
f 1408 1401 1407
f 1408 1407 1389
f 1409 1386 1385
f 1409 1387 1386
f 1409 1388 1387
f 1409 1389 1388
f 1409 1403 1401
f 1409 1401 1408
f 1409 1408 1389
f 1409 1385 1403
f 1429 1427 1426
f 1429 1428 1427
f 1430 1423 1422
f 1430 1424 1423
f 1430 1425 1424
f 1430 1426 1425
f 1430 1412 1429
f 1430 1429 1426
f 1431 1412 1430
f 1431 1430 1422
f 1432 1411 1412
f 1432 1422 1421
f 1432 1431 1422
f 1432 1412 1431
f 1433 1432 1421
f 1433 1411 1432
f 1434 1411 1433
f 1435 1410 1411
f 1435 1413 1410
f 1435 1414 1413
f 1435 1415 1414
f 1435 1411 1434
f 1436 1421 1420
f 1436 1433 1421
f 1436 1434 1433
f 1437 1416 1415
f 1437 1417 1416
f 1437 1418 1417
f 1437 1419 1418
f 1437 1420 1419
f 1437 1415 1435
f 1437 1434 1436
f 1437 1435 1434
f 1437 1436 1420
f 1448 1446 1445
f 1448 1447 1446
f 1444 1448 1445
f 1449 1448 1444
f 1443 1449 1444
f 1450 1449 1443
f 1442 1450 1443
f 1451 1450 1442
f 1441 1451 1442
f 1440 1451 1441
f 1439 1451 1440
f 1438 1451 1439
f 1453 1456 1454
f 1457 1456 1453
f 1458 1457 1453
f 1452 1458 1453
f 1455 1454 1456
f 1488 1462 1461
f 1489 1463 1462
f 1489 1462 1488
f 1487 1461 1460
f 1487 1488 1461
f 1490 1464 1463
f 1490 1463 1489
f 1486 1460 1459
f 1486 1487 1460
f 1491 1465 1464
f 1491 1464 1490
f 1485 1459 1484
f 1485 1486 1459
f 1492 1466 1465
f 1492 1465 1491
f 1510 1485 1484
f 1483 1510 1484
f 1493 1467 1466
f 1493 1466 1492
f 1509 1510 1483
f 1494 1468 1467
f 1494 1467 1493
f 1508 1483 1482
f 1508 1509 1483
f 1495 1468 1494
f 1469 1468 1495
f 1481 1508 1482
f 1481 1507 1508
f 1496 1469 1495
f 1470 1469 1496
f 1480 1507 1481
f 1480 1506 1507
f 1471 1496 1497
f 1471 1470 1496
f 1479 1506 1480
f 1479 1504 1505
f 1479 1505 1506
f 1472 1471 1497
f 1472 1497 1498
f 1478 1504 1479
f 1473 1472 1498
f 1473 1498 1499
f 1477 1504 1478
f 1477 1503 1504
f 1474 1499 1500
f 1474 1500 1501
f 1474 1473 1499
f 1476 1501 1502
f 1476 1502 1503
f 1476 1503 1477
f 1475 1474 1501
f 1475 1501 1476
f 1520 1515 1516
f 1520 1516 1517
f 1520 1517 1514
f 1513 1520 1514
f 1512 1519 1520
f 1512 1520 1513
f 1511 1518 1519
f 1511 1519 1512
f 1522 1524 1523
f 1522 1526 1524
f 1525 1526 1522
f 1521 1525 1522
f 1540 1538 1537
f 1540 1539 1538
f 1528 1532 1527
f 1528 1533 1532
f 1558 1534 1533
f 1558 1535 1534
f 1558 1536 1535
f 1558 1537 1536
f 1558 1533 1528
f 1558 1540 1537
f 1559 1528 1529
f 1559 1541 1540
f 1559 1540 1558
f 1559 1558 1528
f 1560 1559 1529
f 1560 1541 1559
f 1561 1529 1530
f 1561 1542 1541
f 1561 1560 1529
f 1561 1541 1560
f 1562 1530 1531
f 1562 1561 1530
f 1562 1542 1561
f 1563 1542 1562
f 1563 1562 1531
f 1564 1543 1542
f 1564 1531 1555
f 1564 1563 1531
f 1564 1542 1563
f 1565 1543 1564
f 1565 1564 1555
f 1566 1544 1543
f 1566 1555 1556
f 1566 1565 1555
f 1566 1543 1565
f 1567 1544 1566
f 1567 1566 1556
f 1568 1545 1544
f 1568 1556 1557
f 1568 1544 1567
f 1568 1567 1556
f 1569 1545 1568
f 1569 1568 1557
f 1570 1553 1552
f 1570 1554 1553
f 1570 1557 1554
f 1571 1546 1545
f 1571 1545 1569
f 1572 1547 1546
f 1572 1548 1547
f 1572 1549 1548
f 1572 1546 1571
f 1572 1571 1570
f 1573 1572 1570
f 1573 1550 1549
f 1573 1551 1550
f 1573 1552 1551
f 1573 1549 1572
f 1573 1570 1552
f 1574 1571 1569
f 1574 1569 1557
f 1574 1557 1570
f 1574 1570 1571
f 1576 1575 1577
f 1600 1577 1578
f 1600 1576 1577
f 1601 1578 1579
f 1601 1579 1580
f 1601 1600 1578
f 1602 1580 1581
f 1602 1601 1580
f 1603 1581 1582
f 1603 1602 1581
f 1604 1582 1585
f 1604 1603 1582
f 1605 1585 1584
f 1605 1604 1585
f 1606 1584 1583
f 1606 1583 1587
f 1606 1605 1584
f 1607 1587 1586
f 1607 1606 1587
f 1608 1586 1588
f 1608 1588 1589
f 1608 1607 1586
f 1609 1589 1590
f 1609 1608 1589
f 1610 1590 1591
f 1610 1609 1590
f 1611 1591 1592
f 1611 1610 1591
f 1612 1611 1592
f 1612 1592 1593
f 1612 1593 1594
f 1612 1594 1598
f 1613 1612 1598
f 1613 1597 1596
f 1613 1598 1597
f 1599 1613 1596
f 1599 1596 1595
f 1621 1618 1619
f 1621 1619 1620
f 1621 1620 1617
f 1616 1621 1617
f 1622 1621 1616
f 1615 1622 1616
f 1623 1622 1615
f 1624 1623 1615
f 1625 1624 1615
f 1614 1625 1615
f 1640 1626 1627
f 1640 1636 1626
f 1640 1637 1636
f 1640 1638 1637
f 1640 1639 1638
f 1640 1635 1639
f 1641 1627 1628
f 1641 1634 1635
f 1641 1640 1627
f 1641 1635 1640
f 1642 1628 1629
f 1642 1629 1630
f 1642 1630 1631
f 1642 1631 1632
f 1642 1632 1633
f 1642 1633 1634
f 1642 1634 1641
f 1642 1641 1628
f 1645 1643 1644
f 1645 1651 1643
f 1646 1652 1651
f 1646 1651 1645
f 1647 1653 1652
f 1647 1652 1646
f 1648 1654 1653
f 1648 1653 1647
f 1649 1650 1654
f 1649 1654 1648
f 1656 1671 1672
f 1661 1660 1666
f 1676 1672 1673
f 1676 1673 1674
f 1676 1674 1675
f 1676 1675 1670
f 1677 1656 1672
f 1677 1672 1676
f 1678 1655 1656
f 1678 1656 1677
f 1679 1670 1669
f 1679 1676 1670
f 1680 1679 1669
f 1681 1659 1655
f 1681 1655 1680
f 1682 1659 1681
f 1683 1669 1668
f 1683 1682 1669
f 1684 1683 1668
f 1685 1658 1659
f 1685 1659 1684
f 1686 1658 1685
f 1687 1668 1667
f 1687 1686 1668
f 1688 1687 1667
f 1689 1657 1658
f 1689 1658 1688
f 1690 1657 1689
f 1691 1667 1662
f 1691 1690 1667
f 1692 1662 1663
f 1692 1663 1664
f 1692 1664 1665
f 1692 1665 1666
f 1692 1691 1662
f 1693 1666 1660
f 1693 1692 1666
f 1694 1660 1657
f 1694 1693 1660
f 1695 1680 1655
f 1695 1678 1677
f 1695 1677 1676
f 1695 1655 1678
f 1695 1679 1680
f 1695 1676 1679
f 1696 1682 1681
f 1696 1669 1682
f 1696 1680 1669
f 1696 1681 1680
f 1697 1684 1659
f 1697 1683 1684
f 1697 1659 1682
f 1697 1682 1683
f 1698 1684 1668
f 1698 1685 1684
f 1698 1668 1686
f 1698 1686 1685
f 1699 1688 1658
f 1699 1658 1686
f 1699 1686 1687
f 1699 1687 1688
f 1700 1688 1667
f 1700 1689 1688
f 1700 1667 1690
f 1700 1690 1689
f 1701 1657 1690
f 1701 1690 1691
f 1701 1691 1692
f 1701 1692 1693
f 1701 1694 1657
f 1701 1693 1694
f 1715 1739 1736
f 1716 1737 1738
f 1716 1738 1739
f 1716 1739 1715
f 1717 1740 1737
f 1717 1741 1740
f 1717 1745 1741
f 1717 1737 1716
f 1718 1744 1745
f 1718 1745 1717
f 1719 1743 1744
f 1719 1744 1718
f 1720 1742 1743
f 1720 1746 1742
f 1720 1747 1746
f 1720 1743 1719
f 1721 1752 1747
f 1721 1747 1720
f 1722 1751 1752
f 1722 1752 1721
f 1723 1751 1722
f 1723 1750 1751
f 1724 1750 1723
f 1724 1749 1750
f 1725 1749 1724
f 1725 1748 1749
f 1726 1748 1725
f 1726 1756 1748
f 1727 1756 1726
f 1727 1755 1756
f 1728 1755 1727
f 1728 1754 1755
f 1729 1754 1728
f 1729 1753 1754
f 1730 1753 1729
f 1730 1702 1753
f 1731 1703 1702
f 1731 1704 1703
f 1731 1708 1704
f 1731 1702 1730
f 1732 1707 1708
f 1732 1708 1731
f 1733 1706 1707
f 1733 1707 1732
f 1734 1705 1706
f 1734 1709 1705
f 1734 1710 1709
f 1734 1706 1733
f 1735 1712 1713
f 1735 1713 1710
f 1735 1710 1734
f 1714 1711 1712
f 1714 1712 1735
f 1769 1768 1771
f 1758 1761 1760
f 1758 1762 1761
f 1758 1757 1762
f 1758 1760 1763
f 1759 1763 1764
f 1759 1764 1765
f 1759 1765 1766
f 1759 1766 1767
f 1759 1770 1769
f 1759 1767 1770
f 1759 1769 1771
f 1759 1758 1763
f 1773 1772 1777
f 1781 1777 1776
f 1781 1773 1777
f 1780 1776 1775
f 1780 1781 1776
f 1779 1780 1775
f 1778 1775 1774
f 1778 1779 1775
f 1787 1783 1782
f 1787 1784 1783
f 1787 1785 1784
f 1787 1796 1785
f 1786 1790 1793
f 1786 1793 1794
f 1786 1794 1795
f 1786 1795 1796
f 1786 1796 1787
f 1791 1790 1786
f 1792 1791 1786
f 1788 1789 1792
f 1788 1792 1786
f 1806 1797 1798
f 1806 1798 1802
f 1805 1802 1801
f 1805 1806 1802
f 1804 1801 1800
f 1804 1805 1801
f 1803 1800 1799
f 1803 1804 1800
f 1815 1807 1808
f 1809 1815 1808
f 1816 1815 1809
f 1810 1816 1809
f 1817 1816 1810
f 1811 1817 1810
f 1818 1817 1811
f 1812 1818 1811
f 1814 1818 1812
f 1813 1814 1812
f 1833 1819 1820
f 1833 1828 1829
f 1833 1829 1830
f 1833 1830 1831
f 1833 1831 1832
f 1833 1832 1819
f 1834 1820 1821
f 1834 1827 1828
f 1834 1833 1820
f 1834 1828 1833
f 1835 1821 1822
f 1835 1822 1823
f 1835 1823 1824
f 1835 1824 1825
f 1835 1825 1826
f 1835 1826 1827
f 1835 1834 1821
f 1835 1827 1834
f 1836 1839 1838
f 1836 1838 1837
f 1854 1840 1841
f 1854 1850 1840
f 1854 1851 1850
f 1854 1852 1851
f 1854 1853 1852
f 1854 1849 1853
f 1855 1841 1842
f 1855 1848 1849
f 1855 1854 1841
f 1855 1849 1854
f 1856 1842 1843
f 1856 1843 1844
f 1856 1844 1845
f 1856 1845 1846
f 1856 1846 1847
f 1856 1847 1848
f 1856 1848 1855
f 1856 1855 1842
f 1859 1857 1858
f 1859 1865 1857
f 1860 1866 1865
f 1860 1865 1859
f 1861 1867 1866
f 1861 1866 1860
f 1862 1868 1867
f 1862 1867 1861
f 1863 1864 1868
f 1863 1868 1862
f 1901 1896 1895
f 1900 1896 1901
f 1869 1896 1900
f 1870 1896 1869
f 1871 1896 1870
f 1872 1896 1871
f 1873 1896 1872
f 1874 1897 1896
f 1874 1896 1873
f 1881 1898 1897
f 1881 1897 1874
f 1880 1899 1898
f 1880 1898 1881
f 1879 1890 1899
f 1879 1899 1880
f 1878 1891 1890
f 1878 1890 1879
f 1877 1891 1878
f 1892 1891 1877
f 1876 1892 1877
f 1893 1892 1876
f 1875 1893 1876
f 1894 1875 1882
f 1894 1882 1883
f 1894 1893 1875
f 1884 1894 1883
f 1885 1894 1884
f 1886 1894 1885
f 1889 1894 1886
f 1888 1894 1889
f 1887 1894 1888
f 1911 1903 1902
f 1911 1902 1907
f 1910 1907 1906
f 1910 1911 1907
f 1909 1905 1904
f 1909 1906 1905
f 1909 1910 1906
f 1908 1909 1904
f 1912 1913 1917
f 1921 1917 1916
f 1921 1912 1917
f 1920 1916 1915
f 1920 1921 1916
f 1919 1920 1915
f 1918 1915 1914
f 1918 1919 1915
f 1927 1925 1931
f 1927 1931 1932
f 1927 1932 1930
f 1928 1924 1925
f 1928 1925 1927
f 1929 1923 1924
f 1929 1924 1928
f 1926 1922 1923
f 1926 1923 1929
f 1937 1939 1938
f 1946 1941 1940
f 1946 1942 1941
f 1946 1943 1942
f 1946 1944 1943
f 1946 1945 1944
f 1934 1947 1948
f 1934 1948 1949
f 1934 1949 1950
f 1934 1950 1951
f 1934 1951 1952
f 1934 1952 1953
f 1934 1953 1954
f 1934 1954 1946
f 1934 1946 1940
f 1935 1937 1936
f 1935 1939 1937
f 1933 1940 1939
f 1933 1939 1935
f 1933 1934 1940
f 1956 1959 1955
f 1962 1959 1956
f 1957 1961 1962
f 1957 1962 1956
f 1958 1960 1961
f 1958 1961 1957
f 1975 1977 1978
f 1975 1978 1979
f 1975 1979 1980
f 1975 1980 1981
f 1975 1981 1982
f 1976 1977 1975
f 1964 1976 1975
f 1965 1963 1964
f 1966 1965 1964
f 1967 1966 1964
f 1968 1964 1975
f 1968 1967 1964
f 1969 1975 1974
f 1969 1968 1975
f 1970 1969 1974
f 1973 1971 1970
f 1973 1970 1974
f 1972 1971 1973
f 2001 2003 2002
f 2001 2009 2003
f 2000 2008 2009
f 2000 2009 2001
f 1999 2007 2008
f 1999 2008 2000
f 1998 2007 1999
f 1997 2006 2007
f 1997 2007 1998
f 1996 2005 2006
f 1996 2006 1997
f 1995 2004 2005
f 1995 2005 1996
f 1994 2012 2004
f 1994 2004 1995
f 1993 2010 2011
f 1993 2011 2012
f 1993 2012 1994
f 1992 2016 2010
f 1992 2010 1993
f 1991 2015 2016
f 1991 2016 1992
f 1990 2014 2015
f 1990 2015 1991
f 1989 2014 1990
f 2013 2014 1989
f 1988 2021 2013
f 1988 2013 1989
f 1987 2020 2021
f 1987 2021 1988
f 1986 2020 1987
f 1986 2019 2020
f 1985 2019 1986
f 1985 2018 2019
f 1984 2018 1985
f 1984 2017 2018
f 1983 2017 1984
f 2022 2040 2036
f 2023 2039 2040
f 2023 2040 2022
f 2024 2038 2039
f 2024 2039 2023
f 2025 2037 2038
f 2025 2044 2037
f 2025 2038 2024
f 2026 2043 2044
f 2026 2044 2025
f 2027 2042 2043
f 2027 2043 2026
f 2028 2041 2042
f 2028 2042 2027
f 2029 2046 2047
f 2029 2047 2041
f 2029 2041 2028
f 2030 2045 2046
f 2030 2050 2045
f 2030 2046 2029
f 2031 2049 2050
f 2031 2050 2030
f 2032 2048 2049
f 2032 2054 2048
f 2032 2049 2031
f 2033 2053 2054
f 2033 2054 2032
f 2034 2052 2053
f 2034 2053 2033
f 2035 2051 2052
f 2035 2052 2034
f 2059 2055 2056
f 2061 2059 2056
f 2058 2059 2061
f 2062 2058 2061
f 2057 2058 2062
f 2060 2057 2062
f 2102 2072 2064
f 2101 2102 2064
f 2063 2101 2064
f 2103 2073 2072
f 2103 2072 2102
f 2100 2101 2063
f 2067 2100 2063
f 2104 2074 2073
f 2104 2073 2103
f 2099 2067 2066
f 2099 2100 2067
f 2065 2099 2066
f 2105 2075 2074
f 2105 2074 2104
f 2098 2065 2070
f 2098 2099 2065
f 2106 2076 2075
f 2106 2075 2105
f 2069 2098 2070
f 2097 2098 2069
f 2068 2097 2069
f 2107 2077 2076
f 2107 2076 2106
f 2096 2097 2068
f 2108 2077 2107
f 2071 2096 2068
f 2078 2077 2108
f 2095 2096 2071
f 2109 2078 2108
f 2091 2095 2071
f 2079 2078 2109
f 2094 2095 2091
f 2110 2079 2109
f 2090 2094 2091
f 2090 2093 2094
f 2080 2079 2110
f 2111 2080 2110
f 2089 2092 2093
f 2089 2093 2090
f 2081 2080 2111
f 2088 2092 2089
f 2088 2117 2092
f 2082 2081 2111
f 2082 2111 2112
f 2087 2116 2117
f 2087 2117 2088
f 2083 2082 2112
f 2083 2112 2113
f 2086 2115 2116
f 2086 2116 2087
f 2084 2113 2114
f 2084 2083 2113
f 2085 2114 2115
f 2085 2084 2114
f 2085 2115 2086
f 2133 2127 2120
f 2121 2133 2120
f 2132 2133 2121
f 2122 2132 2121
f 2131 2132 2122
f 2123 2131 2122
f 2130 2131 2123
f 2124 2130 2123
f 2125 2129 2130
f 2125 2130 2124
f 2126 2128 2129
f 2126 2129 2125
f 2118 2119 2128
f 2118 2128 2126
f 2140 2134 2135
f 2140 2141 2134
f 2139 2135 2136
f 2139 2140 2135
f 2137 2139 2136
f 2138 2139 2137
f 2148 2147 2146
f 2145 2148 2146
f 2149 2148 2145
f 2144 2149 2145
f 2150 2149 2144
f 2143 2150 2144
f 2151 2150 2143
f 2153 2151 2143
f 2152 2153 2143
f 2142 2152 2143
f 2158 2154 2155
f 2159 2155 2156
f 2159 2158 2155
f 2157 2159 2156
f 2165 2164 2163
f 2162 2165 2163
f 2161 2165 2162
f 2160 2161 2162
f 2190 2176 2177
f 2191 2169 2168
f 2191 2177 2178
f 2191 2178 2179
f 2191 2179 2180
f 2191 2180 2169
f 2191 2190 2177
f 2191 2168 2190
f 2192 2168 2167
f 2192 2190 2168
f 2193 2192 2167
f 2193 2181 2192
f 2194 2182 2181
f 2194 2181 2193
f 2194 2193 2167
f 2195 2183 2182
f 2195 2188 2189
f 2195 2189 2183
f 2196 2187 2188
f 2196 2195 2182
f 2196 2182 2194
f 2196 2188 2195
f 2197 2170 2171
f 2197 2171 2172
f 2197 2172 2173
f 2197 2173 2174
f 2197 2174 2175
f 2197 2175 2176
f 2197 2181 2170
f 2197 2192 2181
f 2197 2190 2192
f 2197 2176 2190
f 2198 2167 2166
f 2198 2166 2184
f 2198 2184 2185
f 2198 2185 2186
f 2198 2186 2187
f 2198 2194 2167
f 2198 2196 2194
f 2198 2187 2196
f 2214 2221 2215
f 2225 2220 2221
f 2226 2219 2220
f 2226 2220 2225
f 2224 2214 2213
f 2224 2221 2214
f 2224 2225 2221
f 2227 2218 2219
f 2227 2219 2226
f 2223 2213 2212
f 2223 2224 2213
f 2228 2218 2227
f 2222 2212 2211
f 2222 2223 2212
f 2229 2217 2218
f 2229 2218 2228
f 2247 2222 2211
f 2230 2217 2229
f 2210 2247 2211
f 2246 2247 2210
f 2231 2217 2230
f 2216 2217 2231
f 2209 2245 2246
f 2209 2246 2210
f 2232 2216 2231
f 2244 2245 2209
f 2233 2216 2232
f 2208 2244 2209
f 2243 2244 2208
f 2199 2216 2233
f 2207 2243 2208
f 2242 2243 2207
f 2206 2242 2207
f 2206 2241 2242
f 2200 2199 2233
f 2200 2233 2234
f 2240 2241 2206
f 2205 2240 2206
f 2205 2239 2240
f 2201 2200 2234
f 2201 2234 2235
f 2204 2238 2239
f 2204 2239 2205
f 2202 2201 2235
f 2202 2235 2236
f 2203 2238 2204
f 2203 2236 2237
f 2203 2237 2238
f 2203 2202 2236
f 2271 2251 2252
f 2271 2252 2253
f 2250 2251 2271
f 2285 2268 2284
f 2267 2268 2285
f 2266 2267 2285
f 2265 2266 2285
f 2286 2249 2250
f 2286 2250 2271
f 2287 2271 2272
f 2287 2249 2286
f 2287 2286 2271
f 2288 2287 2272
f 2289 2254 2248
f 2289 2248 2288
f 2290 2254 2289
f 2290 2272 2273
f 2291 2254 2290
f 2291 2290 2273
f 2292 2255 2254
f 2292 2254 2291
f 2293 2273 2274
f 2293 2255 2292
f 2294 2293 2274
f 2294 2255 2293
f 2295 2256 2255
f 2295 2255 2294
f 2296 2274 2275
f 2296 2256 2295
f 2297 2296 2275
f 2297 2256 2296
f 2298 2257 2256
f 2298 2256 2297
f 2299 2275 2276
f 2299 2257 2298
f 2300 2257 2299
f 2300 2299 2276
f 2301 2258 2257
f 2301 2257 2300
f 2302 2276 2277
f 2302 2258 2301
f 2303 2302 2277
f 2303 2258 2302
f 2304 2303 2277
f 2304 2277 2278
f 2304 2258 2303
f 2305 2259 2258
f 2305 2258 2304
f 2306 2259 2305
f 2307 2278 2279
f 2307 2259 2306
f 2307 2306 2278
f 2308 2260 2259
f 2308 2259 2307
f 2309 2260 2308
f 2310 2279 2280
f 2310 2309 2279
f 2310 2260 2309
f 2311 2261 2260
f 2311 2260 2310
f 2312 2261 2311
f 2313 2262 2261
f 2313 2280 2281
f 2313 2312 2280
f 2313 2261 2312
f 2314 2313 2281
f 2314 2262 2313
f 2315 2263 2262
f 2315 2281 2282
f 2315 2314 2281
f 2315 2262 2314
f 2316 2315 2282
f 2316 2263 2315
f 2317 2264 2263
f 2317 2282 2283
f 2317 2316 2282
f 2317 2263 2316
f 2318 2264 2317
f 2318 2317 2283
f 2319 2270 2264
f 2319 2283 2284
f 2319 2264 2318
f 2319 2318 2283
f 2320 2319 2284
f 2320 2270 2319
f 2320 2269 2270
f 2321 2320 2284
f 2321 2284 2268
f 2321 2268 2269
f 2321 2269 2320
f 2322 2248 2249
f 2322 2287 2288
f 2322 2249 2287
f 2322 2288 2248
f 2323 2289 2288
f 2323 2290 2289
f 2323 2272 2290
f 2323 2288 2272
f 2324 2273 2293
f 2324 2293 2292
f 2324 2292 2291
f 2324 2291 2273
f 2325 2294 2274
f 2325 2295 2294
f 2325 2296 2295
f 2325 2274 2296
f 2326 2298 2297
f 2326 2297 2275
f 2326 2275 2299
f 2326 2299 2298
f 2327 2300 2276
f 2327 2301 2300
f 2327 2276 2302
f 2327 2302 2301
f 2328 2304 2278
f 2328 2305 2304
f 2328 2278 2306
f 2328 2306 2305
f 2329 2307 2279
f 2329 2308 2307
f 2329 2279 2309
f 2329 2309 2308
f 2330 2310 2280
f 2330 2311 2310
f 2330 2280 2312
f 2330 2312 2311
f 2346 2356 2345
f 2346 2358 2356
f 2347 2332 2357
f 2347 2357 2358
f 2347 2358 2346
f 2348 2331 2332
f 2348 2339 2331
f 2348 2332 2347
f 2349 2337 2338
f 2349 2338 2339
f 2349 2339 2348
f 2350 2336 2337
f 2350 2337 2349
f 2351 2335 2336
f 2351 2336 2350
f 2352 2334 2335
f 2352 2335 2351
f 2353 2333 2334
f 2353 2340 2333
f 2353 2334 2352
f 2354 2342 2343
f 2354 2343 2340
f 2354 2340 2353
f 2355 2341 2342
f 2355 2342 2354
f 2344 2341 2355
f 2360 2359 2377
f 2375 2381 2382
f 2375 2382 2376
f 2383 2377 2378
f 2383 2378 2379
f 2383 2379 2380
f 2383 2380 2381
f 2383 2360 2377
f 2383 2381 2375
f 2384 2361 2360
f 2384 2375 2374
f 2384 2360 2383
f 2384 2383 2375
f 2385 2361 2384
f 2385 2384 2374
f 2386 2362 2361
f 2386 2369 2370
f 2386 2370 2371
f 2386 2371 2372
f 2386 2372 2373
f 2386 2373 2362
f 2387 2374 2363
f 2387 2385 2374
f 2388 2363 2364
f 2388 2364 2365
f 2388 2365 2366
f 2388 2366 2367
f 2388 2367 2368
f 2388 2368 2369
f 2388 2369 2386
f 2388 2386 2387
f 2388 2387 2363
f 2389 2361 2385
f 2389 2386 2361
f 2389 2387 2386
f 2389 2385 2387
f 2399 2391 2390
f 2399 2392 2391
f 2399 2393 2392
f 2394 2393 2399
f 2398 2394 2399
f 2395 2394 2398
f 2397 2395 2398
f 2396 2395 2397
f 2413 2400 2414
f 2401 2400 2413
f 2412 2401 2413
f 2402 2401 2412
f 2411 2402 2412
f 2410 2402 2411
f 2403 2402 2410
f 2409 2404 2403
f 2409 2403 2410
f 2408 2405 2404
f 2408 2404 2409
f 2407 2408 2409
f 2406 2407 2409
f 2416 2415 2419
f 2417 2419 2420
f 2417 2420 2418
f 2417 2416 2419
f 2422 2421 2428
f 2423 2422 2428
f 2424 2428 2427
f 2424 2423 2428
f 2425 2427 2426
f 2425 2424 2427
f 2439 2429 2440
f 2430 2429 2439
f 2438 2430 2439
f 2431 2430 2438
f 2437 2431 2438
f 2432 2431 2437
f 2436 2432 2437
f 2433 2432 2436
f 2435 2434 2433
f 2435 2433 2436
f 2454 2456 2455
f 2457 2456 2454
f 2453 2457 2454
f 2458 2457 2453
f 2452 2458 2453
f 2459 2458 2452
f 2451 2459 2452
f 2460 2459 2451
f 2450 2460 2451
f 2441 2460 2450
f 2449 2441 2450
f 2442 2441 2449
f 2448 2442 2449
f 2443 2442 2448
f 2445 2444 2443
f 2446 2445 2443
f 2447 2443 2448
f 2447 2446 2443
f 2468 2461 2462
f 2468 2469 2461
f 2463 2468 2462
f 2467 2468 2463
f 2466 2463 2464
f 2466 2467 2463
f 2465 2467 2466
f 2471 2478 2477
f 2471 2470 2478
f 2472 2477 2476
f 2472 2471 2477
f 2473 2472 2476
f 2475 2473 2476
f 2474 2473 2475
f 2479 2482 2481
f 2480 2479 2481
f 2489 2483 2484
f 2489 2485 2483
f 2490 2486 2485
f 2490 2485 2489
f 2488 2487 2486
f 2488 2486 2490
f 2492 2497 2496
f 2492 2491 2497
f 2493 2496 2495
f 2493 2492 2496
f 2494 2493 2495
f 2498 2501 2500
f 2499 2498 2500
f 2505 2503 2502
f 2505 2504 2503
f 2520 2506 2507
f 2520 2516 2506
f 2520 2517 2516
f 2520 2518 2517
f 2520 2519 2518
f 2520 2515 2519
f 2521 2507 2508
f 2521 2510 2515
f 2521 2515 2520
f 2521 2520 2507
f 2522 2508 2509
f 2522 2511 2510
f 2522 2512 2511
f 2522 2513 2512
f 2522 2514 2513
f 2522 2509 2514
f 2522 2510 2521
f 2522 2521 2508
f 2534 2523 2524
f 2529 2534 2524
f 2533 2534 2529
f 2528 2533 2529
f 2532 2533 2528
f 2527 2532 2528
f 2531 2532 2527
f 2526 2531 2527
f 2530 2531 2526
f 2525 2530 2526
f 2536 2535 2537
f 2536 2537 2538
f 2541 2540 2539
f 2541 2542 2540
f 2547 2546 2550
f 2547 2550 2551
f 2543 2553 2544
f 2548 2551 2552
f 2548 2547 2551
f 2549 2552 2553
f 2549 2548 2552
f 2549 2553 2543
f 2545 2549 2543
f 2557 2555 2554
f 2556 2557 2554
f 2559 2568 2558
f 2565 2564 2568
f 2565 2568 2559
f 2566 2559 2560
f 2566 2565 2559
f 2567 2560 2561
f 2567 2566 2560
f 2563 2561 2562
f 2563 2567 2561
f 2570 2572 2571
f 2570 2569 2572
f 2574 2576 2575
f 2574 2573 2576
f 2580 2582 2581
f 2583 2580 2579
f 2583 2582 2580
f 2584 2579 2578
f 2584 2583 2579
f 2585 2578 2577
f 2585 2584 2578
f 2590 2589 2588
f 2591 2588 2587
f 2591 2590 2588
f 2592 2587 2586
f 2592 2591 2587
f 2599 2593 2594
f 2599 2595 2593
f 2600 2596 2595
f 2600 2595 2599
f 2598 2597 2596
f 2598 2596 2600
f 2601 2603 2602
f 2604 2603 2601
f 2606 2605 2607
f 2606 2607 2608
f 2611 2609 2612
f 2610 2609 2611
f 2619 2613 2614
f 2619 2615 2613
f 2620 2616 2615
f 2620 2615 2619
f 2618 2617 2616
f 2618 2616 2620
f 2625 2624 2623
f 2626 2623 2622
f 2626 2625 2623
f 2627 2622 2621
f 2627 2626 2622
f 2631 2633 2632
f 2634 2631 2630
f 2634 2633 2631
f 2635 2630 2629
f 2635 2634 2630
f 2636 2629 2628
f 2636 2635 2629
f 2640 2638 2637
f 2640 2639 2638
f 2643 2642 2641
f 2644 2643 2641
f 2645 2647 2648
f 2646 2645 2648
f 2653 2652 2656
f 2653 2656 2657
f 2649 2659 2650
f 2654 2657 2658
f 2654 2653 2657
f 2655 2658 2659
f 2655 2654 2658
f 2655 2659 2649
f 2651 2655 2649
f 2661 2670 2660
f 2667 2666 2670
f 2667 2670 2661
f 2668 2661 2662
f 2668 2667 2661
f 2669 2662 2663
f 2669 2668 2662
f 2665 2663 2664
f 2665 2669 2663
f 2671 2677 2676
f 2672 2678 2677
f 2672 2677 2671
f 2673 2679 2678
f 2673 2678 2672
f 2674 2680 2679
f 2674 2679 2673
f 2675 2680 2674
f 2687 2695 2694
f 2688 2696 2695
f 2688 2695 2687
f 2689 2697 2696
f 2689 2696 2688
f 2690 2681 2697
f 2690 2697 2689
f 2691 2682 2681
f 2691 2681 2690
f 2692 2683 2682
f 2692 2682 2691
f 2693 2684 2683
f 2693 2683 2692
f 2686 2685 2684
f 2686 2684 2693
f 2772 2699 2698
f 2772 2698 2712
f 2771 2712 2711
f 2771 2772 2712
f 2766 2711 2710
f 2770 2711 2766
f 2770 2771 2711
f 2767 2710 2709
f 2767 2766 2710
f 2768 2767 2709
f 2769 2770 2766
f 2761 2768 2709
f 2762 2761 2709
f 2760 2768 2761
f 2763 2762 2709
f 2763 2709 2708
f 2765 2768 2760
f 2764 2763 2708
f 2759 2708 2756
f 2759 2764 2708
f 2757 2756 2708
f 2707 2757 2708
f 2758 2757 2707
f 2753 2758 2707
f 2706 2753 2707
f 2754 2753 2706
f 2723 2722 2742
f 2744 2751 2750
f 2724 2723 2741
f 2705 2755 2706
f 2705 2752 2755
f 2745 2749 2752
f 2745 2752 2705
f 2725 2724 2740
f 2726 2725 2739
f 2746 2745 2705
f 2727 2726 2738
f 2737 2727 2738
f 2704 2746 2705
f 2747 2746 2704
f 2728 2727 2737
f 2736 2728 2737
f 2748 2747 2704
f 2729 2728 2736
f 2735 2729 2736
f 2730 2729 2735
f 2730 2735 2734
f 2719 2733 2732
f 2719 2732 2748
f 2731 2733 2719
f 2731 2730 2734
f 2731 2734 2733
f 2720 2719 2748
f 2720 2748 2704
f 2721 2704 2703
f 2721 2720 2704
f 2718 2721 2703
f 2702 2718 2703
f 2716 2718 2702
f 2716 2717 2718
f 2715 2702 2701
f 2715 2716 2702
f 2714 2701 2700
f 2714 2715 2701
f 2713 2714 2700
f 2739 2738 2726
f 2740 2739 2725
f 2741 2740 2724
f 2742 2741 2723
f 2744 2743 2751
f 2745 2744 2749
f 2750 2749 2744
f 2755 2754 2706
f 2776 2777 2778
f 2782 2776 2778
f 2775 2776 2782
f 2781 2775 2782
f 2774 2775 2781
f 2780 2774 2781
f 2773 2774 2780
f 2779 2773 2780
f 2797 2793 2794
f 2797 2795 2793
f 2798 2794 2790
f 2798 2797 2794
f 2799 2789 2788
f 2799 2790 2791
f 2799 2791 2792
f 2799 2792 2789
f 2799 2798 2790
f 2800 2796 2797
f 2800 2797 2798
f 2801 2796 2800
f 2802 2788 2787
f 2802 2799 2788
f 2802 2798 2799
f 2802 2801 2800
f 2802 2800 2798
f 2803 2783 2796
f 2803 2796 2801
f 2804 2784 2783
f 2804 2785 2784
f 2804 2783 2803
f 2805 2786 2785
f 2805 2787 2786
f 2805 2802 2787
f 2805 2804 2803
f 2805 2801 2802
f 2805 2785 2804
f 2805 2803 2801
f 2810 2811 2812
f 2814 2809 2810
f 2814 2812 2813
f 2814 2810 2812
f 2815 2809 2814
f 2807 2808 2809
f 2807 2809 2815
f 2806 2807 2815
f 2817 2826 2816
f 2824 2825 2826
f 2824 2826 2817
f 2823 2817 2818
f 2823 2824 2817
f 2822 2818 2819
f 2822 2823 2818
f 2821 2819 2820
f 2821 2822 2819
f 2834 2833 2832
f 2828 2834 2827
f 2829 2833 2834
f 2829 2834 2828
f 2830 2831 2833
f 2830 2833 2829
f 2848 2847 2846
f 2855 2846 2845
f 2855 2848 2846
f 2854 2844 2843
f 2854 2845 2844
f 2854 2855 2845
f 2853 2843 2842
f 2853 2854 2843
f 2852 2841 2840
f 2852 2842 2841
f 2852 2853 2842
f 2851 2840 2839
f 2851 2852 2840
f 2850 2839 2838
f 2850 2851 2839
f 2849 2837 2836
f 2849 2838 2837
f 2849 2850 2838
f 2835 2849 2836
f 2857 2856 2878
f 2876 2878 2879
f 2876 2879 2877
f 2876 2857 2878
f 2875 2857 2876
f 2874 2857 2875
f 2863 2862 2861
f 2864 2863 2861
f 2865 2864 2861
f 2870 2869 2871
f 2880 2858 2857
f 2880 2857 2874
f 2881 2874 2873
f 2881 2858 2880
f 2881 2880 2874
f 2882 2859 2858
f 2882 2873 2872
f 2882 2858 2881
f 2882 2881 2873
f 2883 2859 2882
f 2883 2882 2872
f 2884 2860 2859
f 2884 2872 2871
f 2884 2883 2872
f 2884 2859 2883
f 2885 2860 2884
f 2885 2884 2871
f 2886 2861 2860
f 2886 2866 2865
f 2886 2867 2866
f 2886 2868 2867
f 2886 2869 2868
f 2886 2860 2885
f 2886 2865 2861
f 2886 2885 2871
f 2886 2871 2869
f 2893 2895 2894
f 2893 2896 2895
f 2893 2897 2896
f 2898 2897 2893
f 2892 2898 2893
f 2899 2898 2892
f 2891 2899 2892
f 2890 2900 2899
f 2890 2899 2891
f 2889 2901 2900
f 2889 2900 2890
f 2902 2901 2889
f 2888 2902 2889
f 2903 2902 2888
f 2906 2904 2903
f 2905 2906 2903
f 2887 2903 2888
f 2887 2905 2903
f 2913 2912 2911
f 2916 2911 2910
f 2916 2910 2917
f 2914 2913 2911
f 2914 2911 2916
f 2915 2914 2916
f 2930 2922 2921
f 2930 2925 2926
f 2930 2926 2927
f 2930 2927 2928
f 2930 2928 2929
f 2930 2929 2922
f 2931 2921 2920
f 2931 2930 2921
f 2932 2908 2931
f 2932 2931 2920
f 2933 2909 2908
f 2933 2920 2919
f 2933 2908 2932
f 2933 2932 2920
f 2934 2919 2918
f 2934 2909 2933
f 2934 2933 2919
f 2935 2910 2909
f 2935 2918 2917
f 2935 2909 2934
f 2935 2934 2918
f 2935 2917 2910
f 2936 2908 2907
f 2936 2907 2923
f 2936 2923 2924
f 2936 2924 2925
f 2936 2931 2908
f 2936 2930 2931
f 2936 2925 2930
f 2938 2937 2957
f 2939 2957 2956
f 2939 2938 2957
f 2940 2955 2954
f 2940 2956 2955
f 2940 2939 2956
f 2941 2954 2953
f 2941 2940 2954
f 2942 2952 2951
f 2942 2953 2952
f 2942 2941 2953
f 2943 2951 2950
f 2943 2942 2951
f 2944 2950 2949
f 2944 2943 2950
f 2945 2948 2947
f 2945 2949 2948
f 2945 2944 2949
f 2946 2945 2947
f 2962 2959 2960
f 2962 2960 2961
f 2958 2959 2962
f 2967 2962 2963
f 2967 2958 2962
f 2965 2963 2964
f 2965 2967 2963
f 2966 2967 2965
f 2969 2981 2968
f 2980 2981 2969
f 2970 2980 2969
f 2979 2980 2970
f 2971 2979 2970
f 2978 2971 2972
f 2978 2979 2971
f 2977 2972 2973
f 2977 2978 2972
f 2975 2973 2974
f 2975 2977 2973
f 2976 2977 2975
f 2984 2982 2983
f 2984 2985 2982
f 2988 2986 2987
f 2988 2989 2986
f 2999 3000 2990
f 2991 2999 2990
f 2998 2991 2992
f 2998 2999 2991
f 2997 2992 2993
f 2997 2998 2992
f 2994 2997 2993
f 2996 2994 2995
f 2996 2997 2994
f 3002 3018 3001
f 3016 3015 3018
f 3016 3018 3002
f 3017 3002 3003
f 3017 3016 3002
f 3011 3003 3004
f 3011 3017 3003
f 3012 3004 3005
f 3012 3011 3004
f 3006 3012 3005
f 3013 3012 3006
f 3007 3013 3006
f 3014 3007 3008
f 3014 3013 3007
f 3010 3008 3009
f 3010 3014 3008
f 3030 3025 3019
f 3020 3030 3019
f 3029 3030 3020
f 3028 3029 3020
f 3021 3028 3020
f 3027 3021 3022
f 3027 3028 3021
f 3023 3027 3022
f 3026 3023 3024
f 3026 3027 3023
f 3042 3040 3041
f 3036 3038 3037
f 3034 3033 3035
f 3044 3041 3039
f 3044 3042 3041
f 3045 3043 3042
f 3045 3042 3044
f 3046 3045 3044
f 3047 3036 3035
f 3047 3039 3038
f 3047 3044 3039
f 3047 3038 3036
f 3047 3046 3044
f 3048 3046 3047
f 3048 3047 3035
f 3048 3045 3046
f 3048 3035 3033
f 3049 3032 3031
f 3049 3033 3032
f 3049 3031 3043
f 3049 3043 3045
f 3049 3045 3048
f 3049 3048 3033
f 3054 3056 3055
f 3057 3058 3050
f 3050 3058 3051
f 3051 3059 3052
f 3052 3060 3053
f 3053 3061 3054
f 3059 3051 3058
f 3060 3052 3059
f 3061 3053 3060
f 3056 3054 3061
f 3062 3064 3063
f 3065 3064 3062
f 3074 3078 3077
f 3074 3079 3078
f 3075 3079 3074
f 3076 3083 3079
f 3076 3079 3075
f 3068 3083 3076
f 3069 3082 3083
f 3069 3083 3068
f 3070 3080 3081
f 3070 3081 3082
f 3070 3082 3069
f 3071 3086 3080
f 3071 3080 3070
f 3072 3084 3085
f 3072 3085 3086
f 3072 3086 3071
f 3073 3087 3088
f 3073 3088 3084
f 3073 3084 3072
f 3067 3066 3087
f 3067 3087 3073
f 3090 3092 3091
f 3090 3089 3092
f 3096 3094 3093
f 3095 3096 3093
f 3100 3102 3101
f 3103 3100 3099
f 3103 3102 3100
f 3104 3099 3098
f 3104 3103 3099
f 3105 3098 3097
f 3105 3104 3098
f 3110 3109 3108
f 3111 3108 3107
f 3111 3110 3108
f 3112 3107 3106
f 3112 3111 3107
f 3114 3115 3113
f 3119 3116 3115
f 3119 3115 3114
f 3120 3116 3119
f 3118 3117 3116
f 3118 3116 3120
f 3124 3122 3121
f 3124 3123 3122
f 3127 3126 3125
f 3128 3127 3125
f 3131 3129 3135
f 3132 3131 3135
f 3130 3129 3131
f 3133 3132 3134
f 3134 3132 3135
f 3142 3137 3136
f 3142 3138 3137
f 3141 3138 3142
f 3139 3141 3140
f 3138 3141 3139
f 3160 3144 3143
f 3160 3145 3144
f 3160 3146 3145
f 3154 3147 3146
f 3154 3160 3159
f 3154 3146 3160
f 3155 3148 3147
f 3155 3149 3148
f 3155 3147 3154
f 3153 3159 3158
f 3153 3154 3159
f 3156 3149 3155
f 3150 3149 3156
f 3152 3158 3157
f 3152 3153 3158
f 3151 3150 3156
f 3187 3188 3179
f 3186 3187 3179
f 3185 3186 3179
f 3184 3185 3179
f 3167 3171 3172
f 3167 3172 3173
f 3170 3171 3167
f 3169 3167 3168
f 3169 3170 3167
f 3189 3179 3180
f 3189 3183 3184
f 3189 3184 3179
f 3190 3183 3189
f 3190 3189 3180
f 3191 3165 3166
f 3191 3180 3181
f 3191 3192 3180
f 3191 3166 3192
f 3193 3191 3181
f 3193 3165 3191
f 3194 3164 3165
f 3194 3181 3182
f 3194 3165 3193
f 3194 3193 3181
f 3195 3194 3182
f 3195 3164 3194
f 3196 3163 3164
f 3196 3182 3175
f 3196 3195 3182
f 3196 3164 3195
f 3197 3163 3196
f 3197 3196 3175
f 3198 3175 3176
f 3198 3197 3175
f 3198 3163 3197
f 3199 3162 3163
f 3199 3176 3177
f 3199 3198 3176
f 3199 3163 3198
f 3200 3199 3177
f 3200 3162 3199
f 3201 3161 3162
f 3201 3177 3178
f 3201 3162 3200
f 3201 3200 3177
f 3202 3161 3201
f 3202 3201 3178
f 3203 3173 3174
f 3203 3178 3167
f 3203 3167 3173
f 3204 3166 3183
f 3204 3192 3166
f 3204 3183 3190
f 3205 3174 3161
f 3205 3161 3202
f 3205 3203 3174
f 3206 3204 3190
f 3206 3180 3192
f 3206 3190 3180
f 3206 3192 3204
f 3207 3205 3202
f 3207 3203 3205
f 3207 3202 3178
f 3207 3178 3203
f 3224 3219 3218
f 3224 3220 3219
f 3223 3224 3218
f 3217 3223 3218
f 3222 3217 3216
f 3222 3223 3217
f 3214 3216 3215
f 3213 3216 3214
f 3212 3216 3213
f 3211 3222 3216
f 3211 3216 3212
f 3210 3222 3211
f 3221 3222 3210
f 3209 3221 3210
f 3221 3209 3208
f 3228 3227 3226
f 3225 3228 3226
f 3229 3228 3225
f 3232 3242 3239
f 3233 3240 3241
f 3233 3241 3242
f 3233 3242 3232
f 3234 3244 3245
f 3234 3245 3240
f 3234 3240 3233
f 3235 3243 3244
f 3235 3244 3234
f 3236 3248 3249
f 3236 3249 3243
f 3236 3243 3235
f 3237 3247 3248
f 3237 3248 3236
f 3238 3246 3247
f 3238 3247 3237
f 3231 3250 3246
f 3231 3230 3250
f 3231 3246 3238
f 3251 3252 3256
f 3253 3256 3255
f 3253 3251 3256
f 3254 3253 3255
f 3270 3257 3258
f 3270 3258 3277
f 3271 3261 3262
f 3271 3262 3257
f 3271 3257 3270
f 3272 3260 3261
f 3272 3261 3271
f 3273 3259 3260
f 3273 3260 3272
f 3274 3265 3259
f 3274 3259 3273
f 3275 3263 3264
f 3275 3264 3265
f 3275 3265 3274
f 3276 3267 3268
f 3276 3268 3263
f 3276 3263 3275
f 3269 3266 3267
f 3269 3267 3276
f 3281 3280 3278
f 3282 3278 3279
f 3282 3281 3278
f 3300 3284 3283
f 3300 3285 3284
f 3300 3286 3285
f 3294 3287 3286
f 3294 3300 3299
f 3294 3286 3300
f 3295 3288 3287
f 3295 3289 3288
f 3295 3287 3294
f 3293 3299 3298
f 3293 3294 3299
f 3296 3289 3295
f 3290 3289 3296
f 3292 3298 3297
f 3292 3293 3298
f 3291 3290 3296
f 3305 3310 3311
f 3309 3310 3305
f 3308 3309 3305
f 3307 3305 3306
f 3307 3308 3305
f 3323 3313 3314
f 3323 3317 3313
f 3323 3318 3317
f 3323 3319 3318
f 3323 3320 3319
f 3324 3323 3303
f 3324 3320 3323
f 3325 3303 3304
f 3325 3321 3320
f 3325 3322 3321
f 3325 3304 3322
f 3325 3320 3324
f 3325 3324 3303
f 3326 3303 3323
f 3326 3323 3314
f 3327 3302 3303
f 3327 3314 3315
f 3327 3303 3326
f 3327 3326 3314
f 3328 3327 3315
f 3328 3302 3327
f 3329 3301 3302
f 3329 3315 3316
f 3329 3328 3315
f 3329 3302 3328
f 3330 3301 3329
f 3330 3329 3316
f 3331 3311 3312
f 3331 3316 3305
f 3331 3305 3311
f 3332 3312 3301
f 3332 3301 3330
f 3332 3331 3312
f 3333 3316 3331
f 3333 3330 3316
f 3333 3332 3330
f 3333 3331 3332
f 3350 3345 3344
f 3350 3346 3345
f 3349 3350 3344
f 3343 3349 3344
f 3348 3343 3342
f 3348 3349 3343
f 3340 3342 3341
f 3339 3342 3340
f 3338 3342 3339
f 3337 3348 3342
f 3337 3342 3338
f 3336 3348 3337
f 3347 3348 3336
f 3335 3347 3336
f 3347 3335 3334
f 3379 3352 3351
f 3353 3379 3351
f 3380 3379 3353
f 3354 3380 3353
f 3381 3380 3354
f 3355 3381 3354
f 3375 3381 3355
f 3356 3375 3355
f 3376 3375 3356
f 3377 3356 3357
f 3377 3376 3356
f 3378 3377 3357
f 3358 3378 3357
f 3371 3378 3358
f 3359 3371 3358
f 3372 3371 3359
f 3360 3372 3359
f 3373 3372 3360
f 3361 3373 3360
f 3374 3373 3361
f 3367 3374 3361
f 3362 3367 3361
f 3368 3367 3362
f 3363 3368 3362
f 3369 3368 3363
f 3364 3369 3363
f 3370 3369 3364
f 3365 3370 3364
f 3366 3370 3365
f 3398 3397 3396
f 3395 3398 3396
f 3394 3398 3395
f 3399 3398 3394
f 3389 3391 3390
f 3389 3392 3391
f 3389 3393 3392
f 3388 3393 3389
f 3383 3382 3403
f 3383 3403 3384
f 3404 3385 3384
f 3404 3386 3385
f 3404 3387 3386
f 3404 3388 3387
f 3404 3394 3393
f 3404 3400 3399
f 3404 3401 3400
f 3404 3402 3401
f 3404 3403 3402
f 3404 3399 3394
f 3404 3393 3388
f 3404 3384 3403
f 3408 3406 3405
f 3407 3408 3405
f 3432 3439 3438
f 3431 3440 3439
f 3431 3439 3432
f 3433 3432 3438
f 3437 3433 3438
f 3430 3441 3440
f 3430 3440 3431
f 3436 3433 3437
f 3429 3441 3430
f 3435 3433 3436
f 3434 3433 3435
f 3428 3442 3441
f 3428 3441 3429
f 3427 3442 3428
f 3426 3443 3442
f 3426 3442 3427
f 3425 3444 3443
f 3425 3443 3426
f 3410 3409 3444
f 3424 3444 3425
f 3411 3410 3444
f 3411 3444 3424
f 3412 3424 3423
f 3412 3411 3424
f 3413 3423 3422
f 3413 3412 3423
f 3414 3422 3421
f 3414 3413 3422
f 3415 3421 3420
f 3415 3414 3421
f 3418 3420 3419
f 3417 3420 3418
f 3417 3415 3420
f 3416 3415 3417
f 3450 3448 3449
f 3451 3447 3448
f 3451 3448 3450
f 3452 3446 3447
f 3452 3447 3451
f 3453 3446 3452
f 3454 3445 3446
f 3454 3446 3453
f 3455 3445 3454
f 3457 3461 3456
f 3464 3462 3461
f 3464 3463 3462
f 3464 3461 3457
f 3465 3457 3458
f 3465 3464 3457
f 3468 3458 3459
f 3468 3459 3460
f 3468 3465 3458
f 3466 3465 3468
f 3467 3466 3468
f 3470 3469 3472
f 3484 3471 3470
f 3484 3470 3472
f 3481 3482 3480
f 3485 3472 3473
f 3485 3473 3474
f 3485 3483 3484
f 3485 3484 3472
f 3486 3485 3474
f 3486 3483 3485
f 3487 3474 3475
f 3487 3475 3476
f 3488 3474 3487
f 3488 3486 3474
f 3489 3476 3477
f 3489 3477 3478
f 3489 3478 3479
f 3489 3479 3480
f 3489 3487 3476
f 3489 3488 3487
f 3489 3480 3482
f 3490 3482 3483
f 3490 3488 3489
f 3490 3486 3488
f 3490 3489 3482
f 3490 3483 3486
f 3496 3495 3494
f 3499 3494 3493
f 3499 3496 3494
f 3498 3493 3492
f 3498 3499 3493
f 3500 3492 3491
f 3500 3498 3492
f 3497 3498 3500
f 3505 3504 3503
f 3506 3505 3503
f 3511 3502 3501
f 3508 3502 3511
f 3508 3507 3502
f 3510 3508 3511
f 3509 3508 3510
f 3512 3503 3502
f 3512 3507 3506
f 3512 3506 3503
f 3512 3502 3507
f 3519 3513 3514
f 3519 3518 3513
f 3520 3514 3515
f 3520 3519 3514
f 3521 3515 3516
f 3521 3520 3515
f 3523 3516 3517
f 3523 3521 3516
f 3522 3521 3523
f 3538 3536 3535
f 3538 3537 3536
f 3547 3525 3524
f 3547 3524 3548
f 3549 3528 3527
f 3549 3529 3528
f 3550 3526 3525
f 3550 3527 3526
f 3550 3551 3549
f 3550 3549 3527
f 3550 3525 3547
f 3552 3533 3532
f 3553 3533 3552
f 3554 3534 3533
f 3554 3535 3534
f 3554 3538 3535
f 3554 3533 3553
f 3555 3552 3551
f 3556 3552 3555
f 3556 3553 3552
f 3557 3550 3547
f 3557 3551 3550
f 3557 3555 3551
f 3558 3554 3553
f 3558 3553 3556
f 3559 3554 3558
f 3560 3539 3538
f 3560 3540 3539
f 3560 3541 3540
f 3560 3538 3554
f 3561 3554 3559
f 3561 3560 3554
f 3562 3546 3545
f 3562 3559 3558
f 3562 3561 3559
f 3563 3542 3541
f 3563 3541 3560
f 3563 3560 3561
f 3563 3561 3562
f 3564 3543 3542
f 3564 3544 3543
f 3564 3545 3544
f 3564 3562 3545
f 3564 3542 3563
f 3564 3563 3562
f 3565 3530 3529
f 3565 3531 3530
f 3565 3532 3531
f 3565 3529 3549
f 3566 3552 3532
f 3566 3532 3565
f 3567 3549 3551
f 3567 3551 3552
f 3567 3565 3549
f 3567 3552 3566
f 3567 3566 3565
f 3568 3547 3546
f 3568 3557 3547
f 3568 3562 3558
f 3568 3555 3557
f 3568 3556 3555
f 3568 3558 3556
f 3568 3546 3562
f 3576 3569 3575
f 3584 3585 3578
f 3586 3577 3578
f 3586 3578 3585
f 3583 3584 3578
f 3587 3577 3586
f 3582 3578 3579
f 3582 3583 3578
f 3581 3582 3579
f 3580 3581 3579
f 3606 3598 3599
f 3606 3599 3600
f 3604 3606 3600
f 3604 3600 3601
f 3604 3601 3602
f 3604 3602 3603
f 3605 3606 3604
f 3609 3570 3569
f 3609 3569 3576
f 3610 3576 3577
f 3610 3587 3588
f 3610 3588 3589
f 3610 3577 3587
f 3610 3609 3576
f 3611 3589 3590
f 3611 3570 3609
f 3611 3609 3610
f 3611 3610 3589
f 3612 3571 3570
f 3612 3590 3591
f 3612 3570 3611
f 3612 3611 3590
f 3613 3571 3612
f 3613 3612 3591
f 3614 3572 3571
f 3614 3571 3613
f 3615 3572 3614
f 3616 3573 3572
f 3616 3574 3573
f 3616 3608 3574
f 3616 3572 3615
f 3617 3593 3594
f 3617 3608 3616
f 3617 3616 3615
f 3618 3608 3617
f 3619 3607 3608
f 3619 3608 3618
f 3620 3594 3595
f 3620 3595 3596
f 3620 3596 3597
f 3620 3618 3617
f 3620 3619 3618
f 3620 3617 3594
f 3621 3620 3597
f 3621 3598 3606
f 3621 3597 3598
f 3621 3606 3607
f 3621 3607 3619
f 3621 3619 3620
f 3622 3613 3591
f 3622 3593 3617
f 3622 3614 3613
f 3622 3591 3592
f 3622 3592 3593
f 3622 3615 3614
f 3622 3617 3615
f 3636 3624 3623
f 3636 3623 3630
f 3635 3624 3636
f 3625 3624 3635
f 3634 3625 3635
f 3626 3625 3634
f 3633 3626 3634
f 3627 3626 3633
f 3632 3628 3627
f 3632 3627 3633
f 3631 3629 3628
f 3631 3628 3632
f 3639 3638 3637
f 3639 3637 3658
f 3651 3653 3652
f 3659 3657 3656
f 3659 3658 3657
f 3659 3639 3658
f 3660 3655 3654
f 3660 3656 3655
f 3660 3659 3656
f 3661 3659 3660
f 3662 3651 3650
f 3662 3654 3653
f 3662 3660 3654
f 3662 3653 3651
f 3662 3661 3660
f 3663 3664 3661
f 3665 3663 3661
f 3665 3662 3650
f 3665 3661 3662
f 3666 3664 3663
f 3666 3663 3665
f 3667 3641 3640
f 3667 3640 3664
f 3668 3642 3641
f 3668 3641 3667
f 3669 3664 3666
f 3669 3667 3664
f 3669 3644 3668
f 3669 3668 3667
f 3670 3643 3642
f 3670 3644 3643
f 3670 3642 3668
f 3670 3668 3644
f 3671 3645 3644
f 3671 3644 3669
f 3672 3649 3648
f 3673 3646 3645
f 3673 3647 3646
f 3673 3648 3647
f 3673 3645 3671
f 3673 3672 3648
f 3673 3671 3672
f 3674 3640 3639
f 3674 3639 3659
f 3674 3661 3664
f 3674 3664 3640
f 3674 3659 3661
f 3675 3650 3649
f 3675 3665 3650
f 3675 3666 3665
f 3675 3669 3666
f 3675 3671 3669
f 3675 3649 3672
f 3675 3672 3671
f 3677 3676 3680
f 3683 3677 3680
f 3678 3677 3683
f 3682 3678 3683
f 3681 3679 3678
f 3681 3678 3682
f 3695 3696 3697
f 3685 3695 3697
f 3686 3685 3684
f 3686 3694 3695
f 3686 3695 3685
f 3687 3692 3693
f 3687 3693 3694
f 3687 3694 3686
f 3688 3692 3687
f 3690 3691 3692
f 3690 3692 3688
f 3689 3690 3688
f 3720 3706 3705
f 3720 3707 3706
f 3720 3708 3707
f 3721 3705 3704
f 3721 3720 3705
f 3722 3703 3702
f 3722 3704 3703
f 3722 3721 3704
f 3723 3701 3700
f 3723 3702 3701
f 3723 3722 3702
f 3724 3709 3708
f 3724 3708 3720
f 3724 3721 3722
f 3724 3720 3721
f 3725 3700 3699
f 3725 3723 3700
f 3726 3699 3698
f 3726 3719 3718
f 3726 3698 3719
f 3726 3725 3699
f 3727 3724 3722
f 3728 3723 3725
f 3728 3722 3723
f 3728 3727 3722
f 3729 3710 3709
f 3730 3726 3718
f 3730 3725 3726
f 3730 3728 3725
f 3731 3709 3724
f 3731 3729 3709
f 3732 3724 3727
f 3733 3713 3712
f 3733 3731 3724
f 3733 3724 3732
f 3734 3711 3710
f 3734 3712 3711
f 3734 3710 3729
f 3734 3729 3731
f 3734 3733 3712
f 3734 3731 3733
f 3735 3713 3733
f 3735 3733 3732
f 3736 3717 3716
f 3737 3716 3715
f 3737 3713 3735
f 3737 3735 3738
f 3737 3736 3716
f 3737 3738 3736
f 3739 3714 3713
f 3739 3715 3714
f 3739 3737 3715
f 3739 3713 3737
f 3740 3727 3728
f 3740 3732 3727
f 3741 3718 3717
f 3741 3730 3718
f 3741 3740 3728
f 3741 3728 3730
f 3742 3741 3717
f 3742 3740 3741
f 3743 3732 3740
f 3743 3735 3732
f 3743 3742 3717
f 3743 3740 3742
f 3743 3738 3735
f 3743 3717 3736
f 3743 3736 3738
f 3753 3745 3744
f 3753 3744 3749
f 3752 3746 3745
f 3752 3745 3753
f 3751 3747 3746
f 3751 3746 3752
f 3750 3748 3747
f 3750 3747 3751
f 3760 3754 3756
f 3766 3764 3765
f 3768 3769 3767
f 3779 3755 3754
f 3779 3778 3755
f 3780 3777 3778
f 3780 3778 3779
f 3781 3754 3760
f 3781 3779 3754
f 3781 3780 3779
f 3782 3780 3781
f 3782 3777 3780
f 3783 3777 3782
f 3784 3759 3758
f 3784 3760 3759
f 3784 3781 3760
f 3784 3782 3781
f 3784 3783 3782
f 3785 3774 3775
f 3785 3775 3776
f 3785 3776 3777
f 3786 3773 3774
f 3786 3774 3785
f 3786 3777 3783
f 3786 3785 3777
f 3787 3758 3757
f 3787 3784 3758
f 3788 3784 3787
f 3788 3783 3784
f 3789 3772 3773
f 3789 3788 3787
f 3790 3757 3761
f 3790 3787 3757
f 3791 3789 3787
f 3791 3787 3790
f 3792 3791 3790
f 3793 3761 3762
f 3793 3790 3761
f 3794 3792 3790
f 3794 3790 3793
f 3795 3771 3772
f 3795 3772 3789
f 3795 3792 3794
f 3795 3791 3792
f 3795 3789 3791
f 3796 3794 3793
f 3796 3795 3794
f 3797 3762 3763
f 3797 3763 3764
f 3797 3764 3766
f 3797 3793 3762
f 3798 3793 3797
f 3798 3796 3793
f 3799 3796 3798
f 3799 3769 3770
f 3799 3770 3771
f 3799 3771 3795
f 3799 3795 3796
f 3800 3798 3797
f 3800 3799 3798
f 3800 3766 3767
f 3800 3769 3799
f 3800 3767 3769
f 3800 3797 3766
f 3801 3773 3786
f 3801 3786 3783
f 3801 3783 3788
f 3801 3789 3773
f 3801 3788 3789
f 3810 3802 3806
f 3803 3802 3810
f 3809 3803 3810
f 3804 3803 3809
f 3808 3804 3809
f 3805 3804 3808
f 3807 3805 3808
f 3826 3812 3811
f 3820 3819 3818
f 3823 3822 3824
f 3827 3814 3813
f 3827 3815 3814
f 3827 3816 3815
f 3827 3817 3816
f 3828 3813 3812
f 3828 3827 3813
f 3828 3812 3826
f 3829 3817 3827
f 3829 3827 3828
f 3830 3818 3817
f 3830 3817 3829
f 3830 3820 3818
f 3831 3826 3825
f 3831 3828 3826
f 3831 3829 3828
f 3831 3830 3829
f 3832 3821 3820
f 3832 3822 3821
f 3832 3825 3824
f 3832 3820 3830
f 3832 3831 3825
f 3832 3830 3831
f 3832 3824 3822
f 3839 3838 3837
f 3841 3840 3839
f 3846 3834 3833
f 3845 3844 3846
f 3847 3835 3834
f 3847 3836 3835
f 3847 3837 3836
f 3847 3839 3837
f 3847 3834 3846
f 3848 3839 3847
f 3848 3847 3846
f 3849 3842 3841
f 3849 3843 3842
f 3849 3844 3843
f 3849 3839 3848
f 3849 3848 3846
f 3849 3841 3839
f 3849 3846 3844
f 3857 3853 3854
f 3861 3850 3851
f 3859 3856 3855
f 3858 3859 3855
f 3862 3851 3852
f 3862 3852 3853
f 3862 3860 3861
f 3862 3853 3857
f 3862 3861 3851
f 3863 3857 3856
f 3863 3859 3860
f 3863 3862 3857
f 3863 3860 3862
f 3863 3856 3859
f 3864 3867 3866
f 3864 3868 3867
f 3864 3869 3868
f 3865 3869 3864
f 3874 3870 3871
f 3874 3871 3875
f 3873 3872 3870
f 3873 3870 3874
f 3877 3880 3879
f 3877 3882 3880
f 3876 3883 3881
f 3878 3884 3877
f 3891 3885 3887
f 3890 3886 3892
f 3889 3888 3885
f 3889 3885 3891
f 3902 3900 3901
f 3899 3900 3902
f 3916 3910 3907
f 3916 3911 3910
f 3917 3908 3918
f 3920 3907 3906
f 3921 3919 3909
f 3915 3902 3911
f 3915 3911 3916
f 3922 3906 3904
f 3922 3920 3906
f 3914 3899 3902
f 3914 3902 3915
f 3923 3922 3904
f 3926 3924 3905
f 3913 3899 3914
f 3912 3925 3904
f 3903 3912 3904
f 3898 3899 3913
f 3897 3898 3913
f 3928 3893 3894
f 3928 3894 3895
f 3930 3929 3928
f 3927 3895 3896
f 3927 3896 3897
f 3927 3928 3895
f 3927 3930 3928
f 3913 3927 3897
f 3933 3947 3934
f 3948 3947 3933
f 3935 3932 3931
f 3936 3932 3935
f 3945 3952 3951
f 3945 3944 3952
f 3941 3946 3940
f 3942 3946 3941
f 3943 3946 3942
f 3953 3933 3932
f 3953 3936 3937
f 3953 3937 3938
f 3953 3938 3939
f 3953 3939 3940
f 3953 3946 3945
f 3953 3949 3948
f 3953 3950 3949
f 3953 3951 3950
f 3953 3948 3933
f 3953 3932 3936
f 3953 3945 3951
f 3953 3940 3946
f 3961 3956 3955
f 3961 3957 3956
f 3958 3962 3954
f 3960 3962 3958
f 3959 3960 3958
f 3963 3955 3954
f 3963 3962 3961
f 3963 3954 3962
f 3963 3961 3955
f 3972 3971 3969
f 3973 3972 3969
f 3974 3973 3969
f 3977 3974 3969
f 3976 3978 3970
f 3964 3968 3967
f 3964 3969 3968
f 3964 3975 3969
f 3965 3967 3966
f 3965 3964 3967
f 3987 3993 3990
f 3988 3992 3993
f 3988 3993 3987
f 3989 3991 3992
f 3989 3996 3991
f 3989 3992 3988
f 3986 3995 3996
f 3986 3996 3989
f 3985 3994 3995
f 3985 3995 3986
f 3984 4000 3994
f 3984 3994 3985
f 3983 3999 4000
f 3983 4000 3984
f 3982 3998 3999
f 3982 3999 3983
f 3981 3997 3998
f 3981 3998 3982
f 3979 4001 3997
f 3979 3980 4001
f 3979 3997 3981
f 4025 4013 4012
f 4014 4013 4025
f 4005 4018 4017
f 4005 4004 4018
f 4011 4019 4002
f 4003 4011 4002
f 4026 4015 4014
f 4026 4016 4015
f 4026 4017 4016
f 4026 4025 4024
f 4026 4014 4025
f 4026 4005 4017
f 4027 4006 4005
f 4027 4024 4023
f 4027 4005 4026
f 4027 4026 4024
f 4028 4007 4006
f 4028 4023 4022
f 4028 4006 4027
f 4028 4027 4023
f 4029 4008 4007
f 4029 4009 4008
f 4029 4022 4021
f 4029 4028 4022
f 4029 4007 4028
f 4030 4010 4009
f 4030 4011 4010
f 4030 4020 4019
f 4030 4021 4020
f 4030 4009 4029
f 4030 4029 4021
f 4030 4019 4011
f 4033 4032 4031
f 4033 4034 4032
f 4058 4046 4045
f 4047 4046 4058
f 4038 4051 4050
f 4038 4037 4051
f 4044 4052 4035
f 4036 4044 4035
f 4059 4048 4047
f 4059 4049 4048
f 4059 4050 4049
f 4059 4058 4057
f 4059 4047 4058
f 4059 4038 4050
f 4060 4039 4038
f 4060 4057 4056
f 4060 4038 4059
f 4060 4059 4057
f 4061 4040 4039
f 4061 4056 4055
f 4061 4039 4060
f 4061 4060 4056
f 4062 4041 4040
f 4062 4042 4041
f 4062 4055 4054
f 4062 4061 4055
f 4062 4040 4061
f 4063 4043 4042
f 4063 4044 4043
f 4063 4053 4052
f 4063 4054 4053
f 4063 4042 4062
f 4063 4062 4054
f 4063 4052 4044
f 4070 4086 4087
f 4070 4087 4071
f 4075 4074 4082
f 4075 4082 4083
f 4081 4065 4064
f 4073 4064 4072
f 4073 4081 4064
f 4088 4070 4069
f 4088 4083 4084
f 4088 4084 4085
f 4088 4085 4086
f 4088 4086 4070
f 4088 4075 4083
f 4089 4069 4068
f 4089 4076 4075
f 4089 4075 4088
f 4089 4088 4069
f 4090 4077 4076
f 4090 4089 4068
f 4090 4076 4089
f 4091 4067 4066
f 4091 4068 4067
f 4091 4078 4077
f 4091 4079 4078
f 4091 4077 4090
f 4091 4090 4068
f 4092 4066 4065
f 4092 4080 4079
f 4092 4081 4080
f 4092 4091 4066
f 4092 4079 4091
f 4092 4065 4081
f 4095 4099 4096
f 4100 4097 4098
f 4100 4098 4099
f 4100 4099 4095
f 4101 4095 4094
f 4101 4100 4095
f 4093 4101 4094
f 4102 4105 4103
f 4104 4105 4102
f 4107 4114 4113
f 4107 4106 4114
f 4111 4113 4110
f 4108 4107 4113
f 4108 4113 4111
f 4112 4108 4111
f 4109 4108 4112
f 4118 4171 4170
f 4118 4172 4171
f 4119 4170 4169
f 4119 4118 4170
f 4117 4173 4172
f 4117 4174 4173
f 4117 4172 4118
f 4120 4119 4169
f 4124 4174 4117
f 4124 4175 4174
f 4121 4120 4169
f 4123 4175 4124
f 4123 4168 4175
f 4115 4121 4169
f 4122 4168 4123
f 4160 4168 4122
f 4128 4165 4163
f 4127 4166 4164
f 4125 4126 4162
f 4125 4160 4122
f 4125 4161 4160
f 4125 4162 4161
f 4131 4157 4167
f 4130 4166 4127
f 4158 4156 4129
f 4132 4158 4129
f 4159 4158 4132
f 4133 4159 4132
f 4153 4159 4133
f 4134 4153 4133
f 4154 4153 4134
f 4176 4115 4169
f 4116 4115 4176
f 4228 4116 4176
f 4229 4228 4176
f 4230 4176 4183
f 4230 4229 4176
f 4231 4183 4182
f 4231 4230 4183
f 4181 4231 4182
f 4232 4231 4181
f 4135 4154 4134
f 4155 4154 4135
f 4180 4232 4181
f 4180 4225 4232
f 4179 4226 4225
f 4179 4225 4180
f 4178 4227 4226
f 4178 4226 4179
f 4177 4224 4227
f 4177 4227 4178
f 4136 4143 4155
f 4136 4155 4135
f 4184 4224 4177
f 4184 4223 4224
f 4192 4223 4184
f 4191 4223 4192
f 4145 4144 4137
f 4189 4223 4191
f 4141 4147 4138
f 4220 4223 4189
f 4148 4146 4140
f 4188 4222 4190
f 4150 4148 4140
f 4151 4149 4139
f 4186 4221 4187
f 4219 4220 4185
f 4198 4219 4185
f 4218 4219 4198
f 4197 4218 4198
f 4217 4218 4197
f 4196 4217 4197
f 4196 4216 4217
f 4195 4216 4196
f 4195 4215 4216
f 4193 4215 4195
f 4193 4212 4215
f 4205 4213 4194
f 4207 4211 4214
f 4204 4210 4206
f 4202 4209 4203
f 4200 4208 4201
f 4199 4208 4200
f 4140 4142 4152
f 4282 4257 4256
f 4281 4256 4255
f 4281 4282 4256
f 4283 4257 4282
f 4280 4255 4254
f 4280 4281 4255
f 4258 4257 4283
f 4284 4258 4283
f 4279 4254 4253
f 4279 4280 4254
f 4233 4258 4284
f 4259 4233 4284
f 4278 4253 4252
f 4278 4279 4253
f 4260 4234 4233
f 4260 4233 4259
f 4277 4252 4251
f 4277 4278 4252
f 4261 4235 4234
f 4261 4234 4260
f 4276 4251 4250
f 4276 4277 4251
f 4262 4236 4235
f 4262 4235 4261
f 4249 4275 4276
f 4249 4276 4250
f 4263 4236 4262
f 4237 4236 4263
f 4248 4275 4249
f 4248 4274 4275
f 4264 4237 4263
f 4238 4237 4264
f 4273 4274 4248
f 4247 4273 4248
f 4265 4238 4264
f 4239 4238 4265
f 4246 4273 4247
f 4246 4272 4273
f 4240 4239 4265
f 4240 4265 4266
f 4245 4272 4246
f 4245 4271 4272
f 4267 4240 4266
f 4241 4240 4267
f 4268 4241 4267
f 4244 4270 4271
f 4244 4271 4245
f 4242 4268 4269
f 4242 4241 4268
f 4243 4270 4244
f 4243 4269 4270
f 4243 4242 4269
f 4295 4297 4296
f 4295 4298 4297
f 4294 4299 4298
f 4294 4300 4299
f 4294 4298 4295
f 4287 4300 4294
f 4288 4306 4300
f 4288 4300 4287
f 4289 4305 4306
f 4289 4306 4288
f 4290 4304 4305
f 4290 4305 4289
f 4291 4303 4304
f 4291 4304 4290
f 4292 4302 4303
f 4292 4303 4291
f 4293 4301 4302
f 4293 4302 4292
f 4285 4286 4301
f 4285 4301 4293
f 4317 4307 4308
f 4317 4315 4307
f 4318 4313 4314
f 4318 4314 4315
f 4318 4315 4317
f 4319 4312 4313
f 4319 4313 4318
f 4320 4311 4312
f 4320 4312 4319
f 4321 4310 4311
f 4321 4311 4320
f 4322 4310 4321
f 4316 4309 4310
f 4316 4310 4322
f 4333 4324 4323
f 4333 4323 4332
f 4334 4325 4324
f 4334 4326 4325
f 4334 4324 4333
f 4335 4327 4326
f 4335 4326 4334
f 4336 4327 4335
f 4337 4328 4327
f 4337 4327 4336
f 4338 4329 4328
f 4338 4328 4337
f 4331 4330 4329
f 4331 4329 4338
f 4353 4352 4351
f 4342 4348 4341
f 4346 4358 4357
f 4347 4339 4358
f 4347 4358 4346
f 4340 4339 4347
f 4359 4344 4345
f 4359 4345 4346
f 4359 4356 4355
f 4359 4357 4356
f 4359 4346 4357
f 4360 4349 4348
f 4360 4350 4349
f 4360 4351 4350
f 4360 4353 4351
f 4360 4348 4342
f 4361 4342 4343
f 4361 4354 4353
f 4361 4360 4342
f 4361 4353 4360
f 4362 4343 4344
f 4362 4355 4354
f 4362 4361 4343
f 4362 4354 4361
f 4362 4344 4359
f 4362 4359 4355
f 4363 4370 4369
f 4364 4371 4370
f 4364 4370 4363
f 4365 4372 4371
f 4365 4371 4364
f 4366 4373 4372
f 4366 4372 4365
f 4367 4373 4366
f 4368 4374 4373
f 4368 4373 4367
f 4386 4388 4387
f 4386 4389 4388
f 4385 4390 4389
f 4385 4389 4386
f 4379 4380 4394
f 4375 4376 4381
f 4395 4384 4383
f 4395 4385 4384
f 4395 4391 4390
f 4395 4392 4391
f 4395 4390 4385
f 4396 4383 4382
f 4396 4393 4392
f 4396 4395 4383
f 4396 4392 4395
f 4397 4382 4381
f 4397 4394 4393
f 4397 4396 4382
f 4397 4393 4396
f 4398 4376 4377
f 4398 4377 4378
f 4398 4378 4379
f 4398 4397 4381
f 4398 4394 4397
f 4398 4379 4394
f 4398 4381 4376
f 4400 4407 4399
f 4400 4414 4407
f 4401 4413 4414
f 4401 4414 4400
f 4402 4412 4413
f 4402 4413 4401
f 4403 4411 4412
f 4403 4412 4402
f 4404 4410 4411
f 4404 4411 4403
f 4405 4409 4410
f 4405 4410 4404
f 4406 4408 4409
f 4406 4409 4405
f 4415 4420 4417
f 4415 4427 4420
f 4418 4415 4417
f 4419 4415 4418
f 4416 4415 4419
f 4433 4426 4427
f 4433 4427 4415
f 4434 4425 4426
f 4434 4426 4433
f 4435 4424 4425
f 4435 4425 4434
f 4436 4423 4424
f 4436 4424 4435
f 4437 4422 4423
f 4437 4423 4436
f 4432 4421 4422
f 4432 4422 4437
f 4430 4432 4429
f 4431 4421 4432
f 4431 4432 4430
f 4428 4421 4431
f 4447 4439 4438
f 4448 4440 4439
f 4448 4439 4447
f 4449 4441 4440
f 4449 4440 4448
f 4450 4441 4449
f 4451 4442 4441
f 4451 4441 4450
f 4452 4443 4442
f 4452 4442 4451
f 4453 4444 4443
f 4453 4443 4452
f 4446 4445 4444
f 4446 4444 4453
f 4468 4460 4461
f 4468 4461 4469
f 4467 4459 4460
f 4467 4460 4468
f 4466 4458 4459
f 4466 4459 4467
f 4465 4456 4457
f 4465 4457 4458
f 4465 4458 4466
f 4464 4455 4456
f 4464 4456 4465
f 4463 4454 4455
f 4463 4455 4464
f 4462 4454 4463
f 4484 4476 4477
f 4484 4477 4485
f 4483 4475 4476
f 4483 4476 4484
f 4482 4474 4475
f 4482 4475 4483
f 4481 4472 4473
f 4481 4473 4474
f 4481 4474 4482
f 4480 4471 4472
f 4480 4472 4481
f 4479 4470 4471
f 4479 4471 4480
f 4478 4470 4479
f 4507 4509 4510
f 4511 4507 4510
f 4506 4508 4512
f 4513 4505 4511
f 4504 4505 4513
f 4503 4504 4513
f 4498 4495 4496
f 4499 4492 4494
f 4499 4494 4497
f 4501 4491 4492
f 4502 4493 4500
f 4490 4491 4501
f 4523 4524 4526
f 4522 4525 4528
f 4519 4527 4530
f 4521 4523 4529
f 4517 4530 4515
f 4518 4520 4531
f 4486 4516 4514
f 4487 4514 4504
f 4487 4486 4514
f 4488 4503 4491
f 4488 4504 4503
f 4488 4491 4490
f 4488 4487 4504
f 4489 4488 4490
f 4543 4537 4538
f 4543 4538 4539
f 4543 4539 4540
f 4543 4540 4542
f 4544 4534 4535
f 4544 4535 4536
f 4544 4536 4537
f 4544 4542 4541
f 4544 4543 4542
f 4544 4537 4543
f 4545 4533 4532
f 4545 4532 4534
f 4545 4541 4533
f 4545 4534 4544
f 4545 4544 4541
f 4554 4546 4547
f 4554 4547 4550
f 4551 4549 4548
f 4553 4550 4549
f 4553 4554 4550
f 4552 4549 4551
f 4552 4553 4549
f 4557 4555 4556
f 4563 4558 4559
f 4563 4562 4558
f 4564 4559 4560
f 4564 4563 4559
f 4565 4564 4560
f 4568 4560 4561
f 4567 4565 4560
f 4567 4560 4568
f 4566 4565 4567
f 4580 4581 4589
f 4575 4576 4577
f 4575 4577 4578
f 4590 4583 4582
f 4593 4571 4592
f 4570 4593 4594
f 4570 4571 4593
f 4569 4570 4594
f 4595 4588 4587
f 4595 4589 4588
f 4595 4580 4589
f 4596 4578 4579
f 4596 4579 4580
f 4596 4580 4595
f 4597 4587 4586
f 4597 4596 4595
f 4597 4595 4587
f 4598 4574 4575
f 4598 4596 4597
f 4598 4578 4596
f 4598 4575 4578
f 4599 4586 4585
f 4599 4597 4586
f 4600 4574 4598
f 4600 4597 4599
f 4600 4598 4597
f 4601 4573 4574
f 4601 4600 4599
f 4601 4574 4600
f 4602 4585 4584
f 4602 4599 4585
f 4603 4599 4602
f 4603 4601 4599
f 4603 4573 4601
f 4604 4571 4572
f 4604 4572 4573
f 4604 4603 4602
f 4604 4573 4603
f 4605 4584 4583
f 4605 4590 4591
f 4605 4591 4592
f 4605 4604 4602
f 4605 4602 4584
f 4605 4583 4590
f 4605 4571 4604
f 4605 4592 4571
f 4621 4622 4614
f 4617 4615 4616
f 4620 4615 4617
f 4618 4620 4617
f 4619 4620 4618
f 4625 4608 4609
f 4625 4609 4610
f 4625 4610 4611
f 4625 4611 4612
f 4626 4606 4607
f 4626 4607 4608
f 4626 4624 4606
f 4626 4608 4625
f 4626 4625 4624
f 4627 4613 4614
f 4627 4622 4623
f 4627 4623 4613
f 4627 4614 4622
f 4628 4614 4615
f 4628 4620 4621
f 4628 4621 4614
f 4628 4615 4620
f 4629 4612 4613
f 4629 4625 4612
f 4629 4624 4625
f 4630 4623 4624
f 4630 4624 4629
f 4630 4613 4623
f 4630 4629 4613
f 4632 4631 4636
f 4639 4636 4635
f 4639 4632 4636
f 4638 4633 4632
f 4638 4632 4639
f 4637 4634 4633
f 4637 4633 4638
f 4649 4642 4643
f 4641 4642 4649
f 4658 4640 4641
f 4657 4649 4648
f 4657 4641 4649
f 4657 4658 4641
f 4656 4657 4648
f 4655 4648 4647
f 4655 4656 4648
f 4650 4645 4644
f 4652 4653 4651
f 4659 4647 4646
f 4660 4653 4654
f 4660 4654 4655
f 4660 4647 4659
f 4660 4659 4653
f 4660 4655 4647
f 4661 4646 4645
f 4661 4650 4651
f 4661 4659 4646
f 4661 4653 4659
f 4661 4645 4650
f 4661 4651 4653
f 4667 4664 4665
f 4667 4665 4666
f 4668 4663 4664
f 4668 4664 4667
f 4669 4662 4663
f 4669 4663 4668
f 4670 4662 4669
f 4683 4674 4675
f 4673 4674 4683
f 4694 4671 4672
f 4694 4672 4673
f 4694 4683 4682
f 4694 4673 4683
f 4693 4682 4681
f 4693 4694 4682
f 4692 4681 4680
f 4692 4693 4681
f 4691 4680 4679
f 4691 4692 4680
f 4690 4691 4679
f 4689 4679 4678
f 4689 4690 4679
f 4684 4677 4676
f 4688 4678 4677
f 4688 4689 4678
f 4687 4688 4677
f 4685 4677 4684
f 4685 4687 4677
f 4686 4687 4685
f 4700 4698 4699
f 4706 4695 4696
f 4706 4696 4697
f 4706 4697 4698
f 4706 4700 4701
f 4706 4701 4702
f 4706 4698 4700
f 4705 4706 4702
f 4704 4706 4705
f 4703 4706 4704
f 4711 4709 4708
f 4712 4711 4707
f 4710 4711 4712
f 4707 4711 4708
f 4723 4719 4720
f 4723 4720 4721
f 4718 4719 4723
f 4717 4718 4723
f 4724 4716 4717
f 4724 4723 4722
f 4724 4717 4723
f 4725 4715 4716
f 4725 4724 4722
f 4725 4716 4724
f 4726 4713 4714
f 4726 4714 4715
f 4726 4722 4713
f 4726 4725 4722
f 4726 4715 4725
f 4735 4727 4728
f 4735 4728 4729
f 4735 4729 4730
f 4736 4730 4731
f 4736 4733 4732
f 4736 4731 4733
f 4736 4732 4734
f 4736 4734 4735
f 4736 4735 4730
f 4740 4737 4738
f 4740 4738 4741
f 4739 4737 4740
f 4751 4743 4742
f 4752 4744 4743
f 4752 4743 4751
f 4753 4745 4744
f 4753 4744 4752
f 4754 4745 4753
f 4755 4746 4745
f 4755 4745 4754
f 4756 4747 4746
f 4756 4746 4755
f 4757 4748 4747
f 4757 4747 4756
f 4750 4749 4748
f 4750 4748 4757
f 4772 4764 4765
f 4772 4765 4773
f 4771 4763 4764
f 4771 4764 4772
f 4770 4762 4763
f 4770 4763 4771
f 4769 4760 4761
f 4769 4761 4762
f 4769 4762 4770
f 4768 4759 4760
f 4768 4760 4769
f 4767 4758 4759
f 4767 4759 4768
f 4766 4758 4767
f 4788 4780 4781
f 4788 4781 4789
f 4787 4779 4780
f 4787 4780 4788
f 4786 4778 4779
f 4786 4779 4787
f 4785 4776 4777
f 4785 4777 4778
f 4785 4778 4786
f 4784 4775 4776
f 4784 4776 4785
f 4783 4774 4775
f 4783 4775 4784
f 4782 4774 4783
f 4804 4796 4797
f 4804 4797 4805
f 4803 4795 4796
f 4803 4796 4804
f 4802 4794 4795
f 4802 4795 4803
f 4801 4792 4793
f 4801 4793 4794
f 4801 4794 4802
f 4800 4791 4792
f 4800 4792 4801
f 4799 4790 4791
f 4799 4791 4800
f 4798 4790 4799
f 4838 4840 4841
f 4842 4838 4841
f 4837 4839 4843
f 4844 4836 4842
f 4834 4836 4844
f 4833 4835 4845
f 4846 4834 4832
f 4851 4854 4855
f 4852 4856 4858
f 4826 4823 4824
f 4849 4857 4861
f 4850 4853 4859
f 4827 4820 4822
f 4827 4822 4825
f 4807 4862 4847
f 4806 4846 4832
f 4806 4848 4860
f 4829 4818 4820
f 4831 4821 4828
f 4817 4819 4830
f 4808 4832 4818
f 4808 4806 4832
f 4808 4818 4816
f 4809 4808 4816
f 4815 4808 4809
f 4810 4815 4809
f 4814 4815 4810
f 4811 4814 4810
f 4813 4814 4811
f 4812 4813 4811
f 4864 4871 4863
f 4864 4872 4871
f 4865 4873 4872
f 4865 4872 4864
f 4866 4874 4873
f 4866 4875 4874
f 4866 4873 4865
f 4867 4876 4875
f 4867 4875 4866
f 4868 4877 4876
f 4868 4876 4867
f 4869 4878 4877
f 4869 4877 4868
f 4870 4879 4878
f 4870 4878 4869
f 4881 4888 4880
f 4881 4889 4888
f 4882 4890 4889
f 4882 4889 4881
f 4883 4891 4890
f 4883 4892 4891
f 4883 4890 4882
f 4884 4893 4892
f 4884 4892 4883
f 4885 4894 4893
f 4885 4893 4884
f 4886 4895 4894
f 4886 4894 4885
f 4887 4896 4895
f 4887 4895 4886
f 4898 4905 4897
f 4898 4906 4905
f 4899 4907 4906
f 4899 4906 4898
f 4900 4908 4907
f 4900 4909 4908
f 4900 4907 4899
f 4901 4910 4909
f 4901 4909 4900
f 4902 4911 4910
f 4902 4910 4901
f 4903 4912 4911
f 4903 4911 4902
f 4904 4913 4912
f 4904 4912 4903
f 4956 4959 4958
f 4960 4959 4956
f 4955 4962 4957
f 4963 4961 4953
f 4966 4964 4954
f 4951 4915 4965
f 4952 4967 4955
f 4919 4921 4922
f 4920 4923 4925
f 4917 4924 4926
f 4918 4927 4929
f 4917 4919 4924
f 4916 4914 4915
f 4916 4928 4914
f 4916 4915 4951
f 4916 4917 4928
f 4947 4945 4946
f 4948 4944 4945
f 4948 4945 4947
f 4949 4944 4948
f 4950 4943 4944
f 4950 4944 4949
f 4942 4943 4950
f 4930 4951 4943
f 4930 4916 4951
f 4930 4943 4942
f 4931 4930 4942
f 4940 4930 4931
f 4933 4939 4940
f 4934 4941 4932
f 4938 4939 4933
f 4935 4938 4933
f 4937 4938 4935
f 4936 4937 4935
f 4976 4985 4977
f 4975 4984 4985
f 4975 4985 4976
f 4974 4983 4984
f 4974 4984 4975
f 4973 4982 4983
f 4973 4983 4974
f 4972 4981 4982
f 4972 4982 4973
f 4971 4981 4972
f 4970 4980 4981
f 4970 4981 4971
f 4969 4979 4980
f 4969 4980 4970
f 4968 4978 4979
f 4968 4979 4969
f 4987 4994 4986
f 4987 4995 4994
f 4988 4996 4995
f 4988 4995 4987
f 4989 4997 4996
f 4989 4998 4997
f 4989 4996 4988
f 4990 4999 4998
f 4990 4998 4989
f 4991 5000 4999
f 4991 4999 4990
f 4992 5001 5000
f 4992 5000 4991
f 4993 5002 5001
f 4993 5001 4992
f 5010 5012 5011
f 5010 5013 5012
f 5009 5013 5010
f 5008 5014 5013
f 5008 5013 5009
f 5007 5015 5014
f 5007 5014 5008
f 5006 5016 5015
f 5006 5015 5007
f 5005 5017 5016
f 5005 5016 5006
f 5004 5018 5017
f 5004 5019 5018
f 5004 5017 5005
f 5003 5020 5019
f 5003 5019 5004
f 5022 5029 5021
f 5022 5030 5029
f 5023 5031 5030
f 5023 5030 5022
f 5024 5032 5031
f 5024 5033 5032
f 5024 5031 5023
f 5025 5034 5033
f 5025 5033 5024
f 5026 5035 5034
f 5026 5034 5025
f 5027 5036 5035
f 5027 5035 5026
f 5028 5037 5036
f 5028 5036 5027
f 5086 5088 5089
f 5090 5086 5089
f 5085 5087 5092
f 5093 5083 5091
f 5096 5084 5094
f 5039 5085 5097
f 5082 5038 5095
f 5070 5073 5072
f 5071 5076 5074
f 5068 5077 5075
f 5069 5080 5078
f 5068 5075 5070
f 5067 5081 5079
f 5067 5082 5081
f 5067 5038 5082
f 5067 5079 5068
f 5040 5038 5067
f 5045 5046 5047
f 5045 5047 5048
f 5043 5048 5049
f 5043 5049 5050
f 5043 5045 5048
f 5041 5050 5040
f 5042 5044 5051
f 5052 5041 5040
f 5053 5040 5067
f 5053 5052 5040
f 5065 5052 5053
f 5055 5064 5066
f 5054 5065 5053
f 5061 5063 5054
f 5056 5061 5054
f 5060 5062 5057
f 5058 5059 5056
f 5106 5115 5107
f 5105 5114 5115
f 5105 5115 5106
f 5104 5113 5114
f 5104 5114 5105
f 5103 5112 5113
f 5103 5113 5104
f 5102 5111 5112
f 5102 5112 5103
f 5101 5111 5102
f 5100 5110 5111
f 5100 5111 5101
f 5099 5109 5110
f 5099 5110 5100
f 5098 5108 5109
f 5098 5109 5099
f 5119 5118 5116
f 5117 5119 5116
f 5139 5141 5140
f 5132 5143 5141
f 5132 5141 5139
f 5133 5123 5142
f 5133 5142 5143
f 5133 5143 5132
f 5134 5120 5121
f 5134 5121 5122
f 5134 5122 5123
f 5134 5123 5133
f 5130 5127 5126
f 5135 5124 5120
f 5135 5120 5134
f 5136 5125 5124
f 5136 5126 5125
f 5136 5124 5135
f 5137 5126 5136
f 5137 5130 5126
f 5138 5129 5130
f 5138 5130 5137
f 5131 5128 5129
f 5131 5129 5138
f 5154 5144 5145
f 5154 5152 5144
f 5155 5151 5152
f 5155 5152 5154
f 5156 5150 5151
f 5156 5151 5155
f 5157 5149 5150
f 5157 5150 5156
f 5158 5148 5149
f 5158 5149 5157
f 5159 5147 5148
f 5159 5148 5158
f 5153 5146 5147
f 5153 5147 5159
f 5176 5170 5162
f 5177 5169 5170
f 5177 5170 5176
f 5160 5176 5162
f 5178 5169 5177
f 5168 5169 5178
f 5179 5168 5178
f 5161 5176 5160
f 5180 5167 5168
f 5180 5168 5179
f 5181 5167 5180
f 5166 5167 5181
f 5175 5166 5181
f 5165 5166 5175
f 5173 5164 5165
f 5173 5175 5172
f 5173 5165 5175
f 5174 5163 5164
f 5174 5164 5173
f 5171 5163 5174
f 5192 5182 5183
f 5192 5190 5182
f 5193 5189 5190
f 5193 5190 5192
f 5194 5188 5189
f 5194 5189 5193
f 5195 5186 5187
f 5195 5187 5188
f 5195 5188 5194
f 5196 5185 5186
f 5196 5186 5195
f 5197 5185 5196
f 5191 5184 5185
f 5191 5185 5197
f 5208 5205 5206
f 5209 5204 5205
f 5209 5205 5208
f 5210 5203 5204
f 5210 5204 5209
f 5211 5202 5203
f 5211 5203 5210
f 5212 5200 5201
f 5212 5201 5202
f 5212 5202 5211
f 5213 5200 5212
f 5214 5199 5200
f 5214 5200 5213
f 5215 5198 5199
f 5215 5199 5214
f 5207 5198 5215
f 5226 5216 5217
f 5226 5224 5216
f 5227 5223 5224
f 5227 5224 5226
f 5228 5222 5223
f 5228 5223 5227
f 5229 5221 5222
f 5229 5222 5228
f 5230 5220 5221
f 5230 5221 5229
f 5231 5219 5220
f 5231 5220 5230
f 5225 5218 5219
f 5225 5219 5231
f 5232 5249 5241
f 5233 5248 5249
f 5233 5249 5232
f 5234 5247 5248
f 5234 5248 5233
f 5235 5246 5247
f 5235 5247 5234
f 5236 5244 5245
f 5236 5245 5246
f 5236 5246 5235
f 5237 5244 5236
f 5238 5243 5244
f 5238 5244 5237
f 5239 5242 5243
f 5239 5243 5238
f 5240 5242 5239
f 5251 5258 5250
f 5265 5257 5258
f 5265 5258 5251
f 5264 5256 5257
f 5264 5257 5265
f 5263 5255 5256
f 5263 5256 5264
f 5262 5254 5255
f 5262 5255 5263
f 5261 5253 5254
f 5261 5254 5262
f 5260 5253 5261
f 5259 5252 5253
f 5259 5253 5260
f 5272 5267 5266
f 5272 5266 5271
f 5273 5268 5267
f 5273 5267 5272
f 5270 5269 5268
f 5270 5268 5273
f 5275 5274 5278
f 5277 5276 5278
f 5276 5275 5278
f 5283 5281 5280
f 5282 5281 5283
f 5283 5280 5279
f 5285 5284 5286
f 5285 5286 5287
f 5298 5294 5295
f 5298 5295 5297
f 5299 5293 5294
f 5299 5294 5298
f 5300 5292 5293
f 5300 5293 5299
f 5301 5291 5292
f 5301 5292 5300
f 5302 5290 5291
f 5302 5291 5301
f 5303 5290 5302
f 5304 5289 5290
f 5304 5290 5303
f 5305 5288 5289
f 5305 5289 5304
f 5296 5288 5305
f 5315 5309 5308
f 5315 5310 5309
f 5315 5311 5310
f 5315 5312 5311
f 5315 5313 5312
f 5316 5314 5313
f 5316 5306 5314
f 5316 5313 5315
f 5317 5306 5316
f 5318 5306 5317
f 5307 5318 5319
f 5320 5323 5307
f 5320 5324 5323
f 5320 5307 5319
f 5321 5325 5324
f 5321 5326 5325
f 5321 5327 5326
f 5321 5328 5327
f 5321 5324 5320
f 5307 5306 5318
f 5321 5322 5330
f 5321 5330 5329
f 5321 5329 5328
f 5334 5338 5335
f 5333 5337 5338
f 5333 5338 5334
f 5332 5336 5337
f 5332 5337 5333
f 5331 5336 5332
f 5354 5340 5339
f 5354 5341 5340
f 5354 5342 5341
f 5355 5343 5342
f 5355 5342 5354
f 5356 5344 5343
f 5356 5343 5355
f 5357 5344 5356
f 5358 5345 5344
f 5358 5344 5357
f 5359 5346 5345
f 5359 5345 5358
f 5351 5346 5359
f 5352 5347 5346
f 5352 5346 5351
f 5353 5348 5347
f 5353 5347 5352
f 5350 5349 5348
f 5350 5348 5353
f 5360 5376 5369
f 5361 5375 5376
f 5361 5376 5360
f 5362 5374 5375
f 5362 5375 5361
f 5363 5373 5374
f 5363 5374 5362
f 5364 5372 5373
f 5364 5373 5363
f 5365 5371 5372
f 5365 5372 5364
f 5366 5371 5365
f 5367 5370 5371
f 5367 5371 5366
f 5368 5370 5367
f 5393 5386 5387
f 5384 5391 5392
f 5384 5392 5385
f 5383 5390 5391
f 5383 5391 5384
f 5382 5389 5390
f 5382 5390 5383
f 5379 5395 5394
f 5378 5377 5395
f 5378 5395 5379
f 5396 5380 5379
f 5396 5381 5380
f 5396 5382 5381
f 5396 5387 5388
f 5396 5388 5389
f 5396 5394 5393
f 5396 5393 5387
f 5396 5389 5382
f 5396 5379 5394
f 5404 5397 5398
f 5404 5399 5397
f 5405 5400 5399
f 5405 5399 5404
f 5406 5401 5400
f 5406 5400 5405
f 5403 5402 5401
f 5403 5401 5406
f 5419 5428 5423
f 5420 5426 5427
f 5420 5427 5428
f 5420 5428 5419
f 5421 5425 5426
f 5421 5426 5420
f 5409 5424 5425
f 5409 5430 5424
f 5422 5425 5421
f 5422 5409 5425
f 5416 5409 5422
f 5410 5429 5430
f 5410 5430 5409
f 5411 5429 5410
f 5417 5414 5409
f 5417 5409 5416
f 5407 5429 5411
f 5408 5407 5411
f 5418 5413 5414
f 5418 5414 5417
f 5415 5412 5413
f 5415 5413 5418
f 5441 5431 5432
f 5441 5439 5431
f 5442 5438 5439
f 5442 5439 5441
f 5443 5437 5438
f 5443 5438 5442
f 5444 5436 5437
f 5444 5437 5443
f 5445 5435 5436
f 5445 5436 5444
f 5446 5433 5434
f 5446 5434 5435
f 5446 5435 5445
f 5440 5433 5446
f 5448 5461 5447
f 5448 5474 5461
f 5449 5473 5474
f 5449 5474 5448
f 5450 5472 5473
f 5450 5473 5449
f 5451 5471 5472
f 5451 5472 5450
f 5452 5470 5471
f 5452 5471 5451
f 5453 5469 5470
f 5453 5470 5452
f 5454 5468 5469
f 5454 5469 5453
f 5455 5467 5468
f 5455 5468 5454
f 5456 5465 5466
f 5456 5466 5467
f 5456 5467 5455
f 5457 5465 5456
f 5458 5463 5464
f 5458 5464 5465
f 5458 5465 5457
f 5459 5463 5458
f 5460 5462 5463
f 5460 5463 5459
f 5476 5489 5475
f 5476 5502 5489
f 5477 5501 5502
f 5477 5502 5476
f 5478 5500 5501
f 5478 5501 5477
f 5479 5499 5500
f 5479 5500 5478
f 5480 5498 5499
f 5480 5499 5479
f 5481 5497 5498
f 5481 5498 5480
f 5482 5496 5497
f 5482 5497 5481
f 5483 5495 5496
f 5483 5496 5482
f 5484 5493 5494
f 5484 5494 5495
f 5484 5495 5483
f 5485 5493 5484
f 5486 5491 5492
f 5486 5492 5493
f 5486 5493 5485
f 5487 5491 5486
f 5488 5490 5491
f 5488 5491 5487
f 5505 5504 5503
f 5505 5506 5504
f 5507 5509 5510
f 5508 5507 5510
f 5512 5519 5511
f 5521 5518 5519
f 5521 5519 5512
f 5522 5517 5518
f 5522 5518 5521
f 5523 5516 5517
f 5523 5517 5522
f 5524 5515 5516
f 5524 5516 5523
f 5525 5514 5515
f 5525 5515 5524
f 5526 5513 5514
f 5526 5514 5525
f 5520 5513 5526
f 5530 5527 5529
f 5528 5527 5530
f 5532 5540 5531
f 5542 5539 5540
f 5542 5540 5532
f 5543 5538 5539
f 5543 5539 5542
f 5544 5537 5538
f 5544 5538 5543
f 5545 5536 5537
f 5545 5537 5544
f 5546 5535 5536
f 5546 5536 5545
f 5547 5534 5535
f 5547 5535 5546
f 5541 5533 5534
f 5541 5534 5547
f 5550 5549 5548
f 5550 5551 5549
f 5552 5554 5553
f 5556 5552 5557
f 5556 5555 5552
f 5554 5552 5555
f 5558 5561 5560
f 5558 5559 5561
f 5565 5562 5563
f 5565 5564 5562
f 5571 5567 5566
f 5569 5568 5567
f 5570 5567 5571
f 5570 5569 5567
f 5574 5572 5573
f 5574 5575 5572
f 5577 5579 5578
f 5576 5577 5578
f 5580 5588 5589
f 5582 5580 5581
f 5587 5588 5580
f 5586 5582 5583
f 5586 5580 5582
f 5586 5587 5580
f 5585 5583 5584
f 5585 5586 5583
f 5591 5597 5598
f 5591 5598 5590
f 5592 5595 5596
f 5594 5595 5592
f 5593 5594 5592
f 5599 5591 5592
f 5599 5596 5597
f 5599 5597 5591
f 5599 5592 5596
f 5607 5603 5604
f 5607 5606 5603
f 5608 5604 5605
f 5608 5607 5604
f 5601 5605 5602
f 5601 5608 5605
f 5600 5608 5601
f 5610 5625 5609
f 5623 5624 5625
f 5622 5625 5610
f 5622 5623 5625
f 5621 5610 5611
f 5621 5622 5610
f 5620 5611 5612
f 5620 5621 5611
f 5619 5612 5613
f 5619 5620 5612
f 5618 5613 5614
f 5618 5619 5613
f 5617 5614 5615
f 5617 5618 5614
f 5616 5617 5615
f 5629 5634 5633
f 5630 5635 5634
f 5630 5634 5629
f 5636 5635 5630
f 5631 5636 5630
f 5637 5636 5631
f 5632 5637 5631
f 5626 5637 5632
f 5628 5627 5626
f 5628 5626 5632
f 5655 5638 5639
f 5655 5656 5638
f 5654 5639 5640
f 5654 5655 5639
f 5653 5640 5641
f 5653 5641 5642
f 5653 5654 5640
f 5652 5642 5643
f 5652 5653 5642
f 5651 5652 5643
f 5650 5643 5644
f 5650 5651 5643
f 5647 5644 5645
f 5647 5645 5646
f 5649 5650 5644
f 5649 5644 5647
f 5648 5649 5647
f 5658 5660 5659
f 5658 5661 5660
f 5657 5662 5661
f 5657 5661 5658
f 5664 5682 5663
f 5680 5681 5682
f 5679 5680 5682
f 5679 5682 5664
f 5678 5664 5665
f 5678 5679 5664
f 5677 5665 5666
f 5677 5678 5665
f 5676 5666 5667
f 5676 5677 5666
f 5675 5667 5668
f 5675 5676 5667
f 5674 5668 5669
f 5674 5675 5668
f 5673 5669 5670
f 5673 5674 5669
f 5672 5670 5671
f 5672 5673 5670
f 5687 5685 5686
f 5683 5684 5685
f 5683 5687 5688
f 5683 5685 5687
f 5692 5693 5691
f 5695 5694 5693
f 5695 5693 5692
f 5690 5695 5692
f 5689 5695 5690
f 5706 5701 5702
f 5706 5702 5703
f 5706 5703 5704
f 5706 5704 5705
f 5700 5706 5707
f 5700 5701 5706
f 5696 5707 5708
f 5699 5700 5707
f 5699 5707 5696
f 5698 5696 5697
f 5698 5699 5696
f 5710 5711 5709
f 5710 5712 5711
f 5713 5716 5715
f 5713 5714 5716
f 5717 5720 5719
f 5717 5718 5720
f 5724 5721 5722
f 5724 5723 5721
f 5725 5728 5727
f 5725 5726 5728
f 5730 5732 5731
f 5730 5733 5732
f 5730 5734 5733
f 5729 5734 5730
f 5745 5735 5736
f 5745 5736 5737
f 5746 5737 5738
f 5746 5745 5737
f 5747 5738 5739
f 5747 5746 5738
f 5740 5747 5739
f 5748 5747 5740
f 5741 5748 5740
f 5749 5748 5741
f 5742 5749 5741
f 5750 5749 5742
f 5743 5750 5742
f 5744 5750 5743
f 5767 5752 5751
f 5753 5766 5767
f 5753 5767 5751
f 5765 5766 5753
f 5754 5765 5753
f 5764 5765 5754
f 5755 5764 5754
f 5763 5764 5755
f 5756 5763 5755
f 5762 5763 5756
f 5757 5762 5756
f 5761 5762 5757
f 5758 5761 5757
f 5760 5758 5759
f 5760 5761 5758
f 5776 5769 5770
f 5773 5768 5775
f 5772 5771 5769
f 5772 5769 5774
f 5787 5777 5778
f 5787 5778 5779
f 5788 5779 5780
f 5788 5787 5779
f 5789 5780 5781
f 5789 5788 5780
f 5782 5789 5781
f 5790 5789 5782
f 5783 5790 5782
f 5791 5790 5783
f 5784 5791 5783
f 5792 5791 5784
f 5785 5792 5784
f 5786 5792 5785
f 5803 5794 5793
f 5803 5793 5795
f 5804 5795 5796
f 5804 5803 5795
f 5805 5796 5797
f 5805 5804 5796
f 5798 5805 5797
f 5806 5805 5798
f 5799 5806 5798
f 5807 5806 5799
f 5800 5807 5799
f 5808 5807 5800
f 5801 5808 5800
f 5802 5808 5801
f 5825 5810 5809
f 5811 5824 5825
f 5811 5825 5809
f 5823 5824 5811
f 5812 5823 5811
f 5822 5823 5812
f 5813 5822 5812
f 5821 5822 5813
f 5814 5821 5813
f 5820 5821 5814
f 5815 5820 5814
f 5819 5820 5815
f 5816 5819 5815
f 5818 5816 5817
f 5818 5819 5816
f 5827 5830 5829
f 5827 5832 5830
f 5826 5833 5831
f 5828 5834 5827
f 5845 5835 5836
f 5845 5836 5837
f 5846 5837 5838
f 5846 5845 5837
f 5847 5838 5839
f 5847 5846 5838
f 5840 5847 5839
f 5848 5847 5840
f 5841 5848 5840
f 5849 5848 5841
f 5842 5849 5841
f 5850 5849 5842
f 5843 5850 5842
f 5844 5850 5843
f 5867 5852 5851
f 5853 5866 5867
f 5853 5867 5851
f 5865 5866 5853
f 5854 5865 5853
f 5864 5865 5854
f 5855 5864 5854
f 5863 5864 5855
f 5856 5863 5855
f 5862 5863 5856
f 5857 5862 5856
f 5861 5862 5857
f 5858 5861 5857
f 5860 5858 5859
f 5860 5861 5858
f 5873 5868 5869
f 5872 5868 5873
f 5871 5870 5868
f 5871 5868 5872
f 5884 5874 5875
f 5884 5875 5876
f 5885 5876 5877
f 5885 5884 5876
f 5886 5877 5878
f 5886 5885 5877
f 5879 5886 5878
f 5887 5886 5879
f 5880 5887 5879
f 5888 5887 5880
f 5881 5888 5880
f 5889 5888 5881
f 5882 5889 5881
f 5883 5889 5882
f 5893 5891 5890
f 5892 5893 5890
f 5897 5895 5894
f 5896 5897 5894
f 5901 5899 5898
f 5900 5901 5898
f 5905 5903 5902
f 5904 5905 5902
f 5907 5908 5909
f 5906 5908 5907
f 5911 5910 5912
f 5911 5912 5913
f 5914 5916 5917
f 5914 5917 5915
f 5920 5919 5918
f 5920 5921 5919
f 5927 5929 5928
f 5926 5930 5929
f 5926 5929 5927
f 5924 5931 5930
f 5924 5930 5926
f 5922 5932 5931
f 5922 5923 5932
f 5922 5931 5924
f 5925 5924 5926
f 5948 5933 5949
f 5950 5949 5933
f 5947 5933 5948
f 5951 5950 5933
f 5944 5951 5933
f 5946 5933 5947
f 5936 5944 5933
f 5934 5937 5936
f 5934 5938 5937
f 5934 5936 5933
f 5939 5938 5934
f 5940 5939 5934
f 5941 5940 5934
f 5942 5941 5934
f 5943 5942 5934
f 5934 5935 5943
f 5945 5933 5946
f 5955 5956 5957
f 5955 5957 5958
f 5954 5952 5953
f 5954 5958 5959
f 5954 5959 5952
f 5954 5955 5958
f 5961 5968 5960
f 5961 5975 5968
f 5962 5974 5975
f 5962 5975 5961
f 5963 5973 5974
f 5963 5974 5962
f 5964 5972 5973
f 5964 5973 5963
f 5965 5971 5972
f 5965 5972 5964
f 5966 5969 5970
f 5966 5970 5971
f 5966 5971 5965
f 5967 5969 5966
f 5979 5976 5977
f 5979 5977 5978
f 5980 5983 5981
f 5979 5978 5982
f 5979 5984 5976
f 6077 6076 6011
f 6078 6077 6011
f 6075 6011 6076
f 6074 6012 6011
f 6074 6011 6075
f 6079 6011 6010
f 6079 6078 6011
f 6048 6013 6012
f 6048 6012 6074
f 6073 6010 6009
f 6073 6079 6010
f 6081 6015 6014
f 6081 6007 6015
f 6083 6014 6013
f 6083 6081 6014
f 6083 6013 6048
f 6080 6007 6081
f 6082 6083 6048
f 5999 6007 6080
f 5999 6080 6082
f 6110 6109 6008
f 6108 6008 6109
f 6111 6110 6008
f 6107 6008 6108
f 6112 6111 6008
f 6106 6008 6107
f 6113 6008 6106
f 6119 6008 6113
f 6019 6105 6112
f 6019 6112 6008
f 6066 6009 6008
f 6066 6118 6117
f 6066 6119 6118
f 6066 6073 6009
f 6066 6008 6119
f 6067 6117 6116
f 6067 6066 6117
f 6096 6105 6019
f 6097 6096 6019
f 6098 6097 6019
f 6068 6116 6115
f 6068 6067 6116
f 6099 6098 6019
f 6102 6100 6020
f 6069 6115 6114
f 6069 6068 6115
f 6070 6114 6086
f 6070 6069 6114
f 6071 6070 6086
f 6072 6071 6086
f 6000 5999 6082
f 6084 6072 6086
f 6084 6064 6072
f 6094 6065 6085
f 6018 6087 6095
f 6018 6103 6101
f 6018 6104 6103
f 6018 6095 6104
f 6018 6101 6019
f 6018 6088 6087
f 6018 6089 6088
f 6047 6001 6000
f 6047 6002 6001
f 6047 6000 6082
f 6055 6002 6047
f 6003 6002 6055
f 6003 6054 6053
f 6003 6055 6054
f 6052 6003 6053
f 6051 6003 6052
f 6004 6050 6049
f 6004 6051 6050
f 6004 6003 6051
f 6295 6064 6093
f 6295 6294 6064
f 6293 6064 6294
f 6296 6295 6093
f 6296 6092 6091
f 6296 6093 6092
f 6292 6064 6293
f 6324 6323 6328
f 6297 6296 6091
f 6297 6091 6090
f 6291 6064 6292
f 6017 6328 6018
f 6017 6324 6328
f 6298 6297 6090
f 6005 6004 6049
f 6329 6298 6090
f 6329 6018 6328
f 6329 6089 6018
f 6329 6299 6298
f 6329 6090 6089
f 6335 6299 6329
f 6335 6300 6299
f 6334 6300 6335
f 6334 6301 6300
f 6325 6324 6017
f 6057 6319 6318
f 6057 6291 6319
f 6057 6064 6291
f 6333 6301 6334
f 6333 6302 6301
f 6006 6005 6049
f 6006 6049 6056
f 6332 6302 6333
f 6332 6303 6302
f 6126 6125 6017
f 6124 6017 6125
f 6127 6126 6017
f 6123 6017 6124
f 6128 6127 6017
f 6122 6017 6123
f 6120 6128 6017
f 6331 6303 6332
f 6331 6304 6303
f 5998 6006 6056
f 5998 6063 6062
f 5998 6056 6063
f 6129 6325 6017
f 6129 6017 6122
f 6136 6326 6325
f 6136 6325 6129
f 6135 6326 6136
f 6134 6326 6135
f 6133 6326 6134
f 6132 6326 6133
f 6131 6326 6132
f 6159 6158 6057
f 6157 6057 6158
f 6160 6318 6316
f 6160 6159 6057
f 6160 6057 6318
f 6156 6057 6157
f 6163 6161 6317
f 6155 6057 6156
f 6155 6058 6057
f 6155 6059 6058
f 6152 6316 6315
f 6152 6162 6316
f 6152 6315 6314
f 6121 6120 6017
f 6327 6131 6130
f 6327 6326 6131
f 6164 6059 6155
f 6164 6060 6059
f 6164 6061 6060
f 6164 6062 6061
f 6171 6062 6164
f 6171 5998 6062
f 6153 6152 6314
f 6153 6313 6311
f 6153 6314 6313
f 6170 5998 6171
f 6188 6154 6312
f 6169 5998 6170
f 6189 6187 6311
f 6189 6311 6309
f 6168 5998 6169
f 6192 6190 6310
f 6191 6309 6308
f 6167 5998 6168
f 6269 6268 6321
f 6193 6191 6308
f 6166 5998 6167
f 6267 6330 6321
f 6267 6321 6268
f 6165 5998 6166
f 6137 6327 6130
f 6270 6269 6321
f 6266 6330 6267
f 6266 6331 6330
f 6271 6270 6321
f 6265 6304 6331
f 6265 6331 6266
f 6265 6305 6304
f 6272 6271 6321
f 6016 6121 6017
f 6016 6139 6138
f 6016 6138 6145
f 6016 6146 6121
f 6016 6147 6146
f 6016 6148 6147
f 6016 6149 6148
f 6016 6150 6149
f 6016 6151 6150
f 6016 6145 6151
f 6290 6305 6265
f 6289 6306 6305
f 6289 6305 6290
f 6322 6327 6137
f 6288 6306 6289
f 6288 6307 6306
f 6320 6322 6137
f 6320 6276 6275
f 6277 6276 6320
f 6278 6277 6320
f 6279 6278 6320
f 5994 5998 6165
f 5994 6165 6172
f 5996 6177 6175
f 5995 6179 6176
f 5994 6180 6178
f 5996 6183 6181
f 5995 6185 6182
f 5994 6172 6184
f 6045 6139 6016
f 6045 6016 6026
f 6045 6140 6139
f 6045 6141 6140
f 6045 6142 6141
f 6045 6143 6142
f 6045 6144 6143
f 6045 6137 6144
f 6045 6320 6137
f 6025 6045 6026
f 5997 5994 6174
f 5997 6174 6173
f 5997 6173 6186
f 6228 6193 6308
f 6228 6308 6307
f 6229 6307 6288
f 6229 6228 6307
f 6229 6288 6287
f 6227 6193 6228
f 6227 6194 6193
f 6230 6229 6287
f 6226 6194 6227
f 6226 6195 6194
f 6231 6230 6287
f 6231 6287 6286
f 6197 5997 6186
f 6197 6186 6195
f 6197 6195 6226
f 6225 6231 6286
f 6225 6286 6285
f 6038 6025 6024
f 6038 6045 6025
f 6039 6024 6023
f 6039 6038 6024
f 6040 6039 6023
f 6041 6040 6023
f 6261 6218 6225
f 6261 6225 6285
f 6261 6285 6284
f 6262 6261 6284
f 6262 6284 6283
f 6260 6218 6261
f 6263 6262 6283
f 6259 6219 6218
f 6259 6218 6260
f 6264 6263 6283
f 6264 6283 6282
f 6022 6042 6041
f 6022 6041 6023
f 6233 6220 6219
f 6233 6221 6220
f 6233 6222 6221
f 6233 6223 6222
f 6233 6224 6223
f 6233 6217 6224
f 6233 6219 6259
f 6258 6264 6282
f 6258 6282 6281
f 6043 6042 6022
f 6196 5989 5997
f 6196 5997 6197
f 6207 5989 6196
f 6205 5990 6208
f 6204 5991 6206
f 6202 5990 6203
f 6200 5989 6201
f 6199 5989 6200
f 6198 5989 6199
f 6021 6043 6022
f 6021 6044 6043
f 6021 6036 6044
f 6251 6258 6281
f 6251 6280 6279
f 6251 6281 6280
f 6252 6251 6279
f 6252 6279 6320
f 6232 6210 6217
f 6232 6217 6233
f 6232 6211 6210
f 6232 6212 6211
f 6241 6212 6232
f 6241 6213 6212
f 6240 6214 6213
f 6240 6213 6241
f 6239 6214 6240
f 6239 6215 6214
f 6029 6036 6021
f 5992 6216 6215
f 5992 6209 6216
f 5992 5989 6198
f 5992 6237 6236
f 5992 6238 6237
f 5992 6239 6238
f 5992 6215 6239
f 5992 6198 6209
f 5987 6256 6255
f 5987 6257 6256
f 5987 6250 6257
f 6235 5992 6236
f 6234 5992 6235
f 6046 6320 6045
f 6046 5987 6255
f 6046 6253 6252
f 6046 6254 6253
f 6046 6255 6254
f 6046 6252 6320
f 6243 6250 5987
f 6028 6036 6029
f 5993 5992 6234
f 5993 6234 6242
f 5993 6242 6249
f 5985 5987 6046
f 5988 6244 6243
f 5988 6245 6244
f 5988 6246 6245
f 5988 6247 6246
f 5988 6248 6247
f 5988 6249 6248
f 5988 5993 6249
f 6037 5985 6046
f 6037 6027 6030
f 6033 6037 6030
f 6034 5986 5985
f 6032 6037 6033
f 6035 6034 5985
f 6031 5985 6037
f 6031 6037 6032
f 6031 6035 5985
f 5987 5988 6243
f 6037 6036 6027
f 6027 6036 6028
f 6048 6047 6082
f 6321 6320 6272
f 6272 6320 6273
f 6273 6320 6274
f 6274 6320 6275
f 6337 6336 6340
f 6359 6340 6339
f 6359 6337 6340
f 6360 6359 6339
f 6341 6339 6338
f 6341 6360 6339
f 6343 6341 6342
f 6344 6360 6341
f 6344 6341 6343
f 6361 6360 6344
f 6362 6361 6352
f 6363 6362 6351
f 6364 6363 6350
f 6349 6364 6350
f 6365 6364 6349
f 6348 6365 6349
f 6347 6365 6348
f 6366 6365 6347
f 6367 6366 6346
f 6368 6345 6353
f 6368 6353 6357
f 6368 6367 6345
f 6369 6368 6357
f 6369 6357 6356
f 6370 6369 6356
f 6370 6356 6355
f 6358 6370 6355
f 6358 6355 6354
f 6346 6345 6367
f 6347 6346 6366
f 6351 6350 6363
f 6352 6351 6362
f 6344 6352 6361
f 6372 6371 6387
f 6388 6372 6387
f 6378 6377 6376
f 6379 6376 6374
f 6379 6378 6376
f 6381 6374 6372
f 6382 6380 6375
f 6384 6372 6388
f 6385 6383 6373
f 6386 6384 6388
f 6393 6394 6396
f 6392 6393 6396
f 6391 6396 6395
f 6391 6392 6396
f 6390 6395 6389
f 6390 6391 6395
f 6402 6401 6400
f 6421 6398 6397
f 6421 6399 6398
f 6421 6397 6422
f 6406 6403 6402
f 6406 6404 6403
f 6406 6405 6404
f 6420 6400 6399
f 6420 6399 6421
f 6418 6420 6419
f 6418 6400 6420
f 6410 6407 6406
f 6410 6408 6407
f 6410 6409 6408
f 6411 6410 6406
f 6415 6417 6416
f 6415 6418 6417
f 6415 6402 6400
f 6415 6400 6418
f 6413 6412 6411
f 6413 6415 6414
f 6413 6406 6402
f 6413 6402 6415
f 6413 6411 6406
f 6423 6425 6424
f 6433 6426 6425
f 6433 6427 6426
f 6433 6428 6427
f 6433 6429 6428
f 6433 6430 6429
f 6433 6431 6430
f 6433 6432 6431
f 6443 6445 6444
f 6443 6446 6445
f 6437 6434 6433
f 6437 6435 6434
f 6437 6436 6435
f 6437 6423 6448
f 6437 6425 6423
f 6437 6433 6425
f 6441 6443 6442
f 6439 6438 6437
f 6439 6441 6440
f 6439 6447 6446
f 6439 6448 6447
f 6439 6446 6443
f 6439 6437 6448
f 6439 6443 6441
f 6456 6453 6452
f 6456 6454 6453
f 6456 6455 6454
f 6463 6450 6449
f 6463 6451 6450
f 6463 6452 6451
f 6463 6449 6464
f 6463 6456 6452
f 6462 6456 6463
f 6458 6457 6456
f 6458 6456 6462
f 6460 6462 6461
f 6459 6458 6462
f 6459 6462 6460
f 6472 6466 6465
f 6472 6467 6466
f 6468 6467 6472
f 6473 6469 6468
f 6473 6468 6472
f 6470 6469 6473
f 6471 6470 6473
f 6490 6491 6493
f 6475 6489 6490
f 6475 6492 6474
f 6475 6493 6492
f 6475 6490 6493
f 6476 6488 6489
f 6476 6489 6475
f 6477 6487 6488
f 6477 6488 6476
f 6478 6486 6487
f 6478 6487 6477
f 6479 6484 6485
f 6479 6485 6486
f 6479 6486 6478
f 6480 6483 6484
f 6480 6484 6479
f 6481 6482 6483
f 6481 6483 6480
f 6531 6494 6495
f 6530 6495 6496
f 6530 6531 6495
f 6529 6496 6497
f 6529 6530 6496
f 6528 6497 6498
f 6528 6529 6497
f 6527 6498 6499
f 6527 6528 6498
f 6526 6499 6500
f 6526 6527 6499
f 6525 6500 6501
f 6525 6526 6500
f 6524 6501 6502
f 6524 6525 6501
f 6523 6502 6503
f 6523 6524 6502
f 6522 6503 6504
f 6522 6523 6503
f 6521 6504 6505
f 6521 6522 6504
f 6520 6505 6506
f 6520 6521 6505
f 6519 6506 6507
f 6519 6520 6506
f 6518 6507 6508
f 6518 6519 6507
f 6517 6508 6509
f 6517 6518 6508
f 6516 6517 6509
f 6516 6509 6510
f 6514 6511 6512
f 6514 6512 6513
f 6515 6516 6510
f 6515 6511 6514
f 6515 6510 6511
f 6533 6540 6532
f 6547 6539 6540
f 6547 6540 6533
f 6546 6538 6539
f 6546 6539 6547
f 6545 6537 6538
f 6545 6538 6546
f 6544 6536 6537
f 6544 6537 6545
f 6543 6535 6536
f 6543 6536 6544
f 6542 6534 6535
f 6542 6535 6543
f 6541 6534 6542
f 6555 6557 6556
f 6555 6562 6563
f 6555 6563 6557
f 6554 6561 6562
f 6554 6562 6555
f 6553 6560 6561
f 6553 6561 6554
f 6552 6559 6560
f 6552 6560 6553
f 6551 6558 6559
f 6551 6559 6552
f 6550 6549 6558
f 6550 6558 6551
f 6548 6549 6550
f 6585 6579 6578
f 6577 6585 6578
f 6576 6585 6577
f 6584 6585 6576
f 6571 6573 6572
f 6571 6574 6573
f 6571 6575 6574
f 6570 6575 6571
f 6566 6564 6580
f 6565 6564 6566
f 6586 6567 6566
f 6586 6568 6567
f 6586 6569 6568
f 6586 6570 6569
f 6586 6576 6575
f 6586 6580 6581
f 6586 6581 6582
f 6586 6582 6583
f 6586 6583 6584
f 6586 6584 6576
f 6586 6575 6570
f 6586 6566 6580
f 6601 6608 6602
f 6600 6608 6601
f 6588 6587 6603
f 6589 6588 6603
f 6590 6603 6604
f 6590 6589 6603
f 6595 6592 6591
f 6595 6591 6596
f 6593 6592 6595
f 6594 6593 6595
f 6609 6591 6590
f 6609 6597 6596
f 6609 6598 6597
f 6609 6599 6598
f 6609 6600 6599
f 6609 6604 6605
f 6609 6605 6606
f 6609 6606 6607
f 6609 6607 6608
f 6609 6608 6600
f 6609 6590 6604
f 6609 6596 6591
f 6611 6613 6610
f 6612 6613 6611
f 6616 6615 6614
f 6617 6615 6616
f 6620 6618 6619
f 6620 6621 6618
f 6629 6637 6630
f 6628 6637 6629
f 6627 6636 6637
f 6627 6637 6628
f 6626 6635 6636
f 6626 6636 6627
f 6625 6634 6635
f 6625 6635 6626
f 6624 6633 6634
f 6624 6634 6625
f 6623 6632 6633
f 6623 6633 6624
f 6622 6631 6632
f 6622 6632 6623
f 6648 6639 6638
f 6648 6638 6647
f 6649 6640 6639
f 6649 6639 6648
f 6650 6641 6640
f 6650 6640 6649
f 6651 6642 6641
f 6651 6641 6650
f 6652 6643 6642
f 6652 6642 6651
f 6653 6644 6643
f 6653 6643 6652
f 6646 6645 6644
f 6646 6644 6653
f 6654 6669 6662
f 6655 6668 6669
f 6655 6669 6654
f 6656 6667 6668
f 6656 6668 6655
f 6657 6666 6667
f 6657 6667 6656
f 6658 6665 6666
f 6658 6666 6657
f 6659 6664 6665
f 6659 6665 6658
f 6660 6663 6664
f 6660 6664 6659
f 6661 6663 6660
f 6689 6693 6691
f 6684 6694 6692
f 6684 6695 6694
f 6686 6690 6687
f 6685 6692 6688
f 6685 6684 6692
f 6670 6684 6685
f 6671 6684 6670
f 6676 6684 6671
f 6672 6676 6671
f 6678 6677 6676
f 6680 6679 6678
f 6680 6678 6676
f 6681 6680 6676
f 6675 6683 6682
f 6674 6676 6672
f 6674 6681 6676
f 6673 6674 6672
f 6697 6701 6696
f 6700 6698 6699
f 6700 6701 6698
f 6698 6701 6697
f 6720 6721 6723
f 6711 6714 6715
f 6711 6715 6716
f 6711 6716 6717
f 6711 6717 6718
f 6712 6718 6719
f 6712 6719 6720
f 6712 6723 6722
f 6712 6720 6723
f 6712 6711 6718
f 6713 6712 6722
f 6702 6722 6703
f 6702 6713 6722
f 6704 6713 6702
f 6705 6713 6704
f 6710 6713 6705
f 6706 6710 6705
f 6707 6710 6706
f 6708 6709 6710
f 6708 6710 6707
f 6769 6725 6724
f 6769 6726 6725
f 6769 6727 6726
f 6769 6728 6727
f 6769 6724 6768
f 6770 6769 6747
f 6770 6728 6769
f 6771 6728 6770
f 6771 6729 6728
f 6771 6730 6729
f 6771 6731 6730
f 6771 6747 6731
f 6771 6770 6747
f 6772 6769 6768
f 6772 6747 6769
f 6772 6746 6747
f 6773 6772 6768
f 6773 6746 6772
f 6774 6746 6773
f 6774 6745 6746
f 6774 6773 6768
f 6774 6768 6767
f 6775 6774 6767
f 6775 6745 6774
f 6776 6744 6745
f 6776 6767 6766
f 6776 6745 6775
f 6776 6775 6767
f 6777 6776 6766
f 6777 6744 6776
f 6778 6743 6744
f 6778 6777 6766
f 6778 6766 6765
f 6778 6744 6777
f 6779 6743 6778
f 6779 6778 6765
f 6780 6742 6743
f 6780 6765 6764
f 6780 6743 6779
f 6780 6779 6765
f 6781 6742 6780
f 6781 6780 6764
f 6782 6741 6742
f 6782 6764 6763
f 6782 6781 6764
f 6782 6742 6781
f 6783 6741 6782
f 6783 6782 6763
f 6784 6740 6741
f 6784 6763 6762
f 6784 6783 6763
f 6784 6741 6783
f 6785 6740 6784
f 6785 6784 6762
f 6786 6739 6740
f 6786 6762 6761
f 6786 6785 6762
f 6786 6740 6785
f 6787 6786 6761
f 6787 6739 6786
f 6788 6738 6739
f 6788 6761 6760
f 6788 6787 6761
f 6788 6739 6787
f 6789 6738 6788
f 6789 6788 6760
f 6790 6737 6738
f 6790 6760 6759
f 6790 6738 6789
f 6790 6789 6760
f 6791 6737 6790
f 6791 6790 6759
f 6792 6736 6737
f 6792 6759 6758
f 6792 6737 6791
f 6792 6791 6759
f 6793 6792 6758
f 6793 6736 6792
f 6794 6793 6758
f 6794 6735 6736
f 6794 6758 6757
f 6794 6736 6793
f 6795 6735 6794
f 6795 6794 6757
f 6796 6734 6735
f 6796 6735 6795
f 6796 6757 6756
f 6796 6795 6757
f 6797 6734 6796
f 6797 6796 6756
f 6798 6733 6734
f 6798 6734 6797
f 6798 6756 6755
f 6798 6797 6756
f 6799 6733 6798
f 6799 6798 6755
f 6800 6748 6749
f 6800 6749 6750
f 6800 6750 6751
f 6800 6755 6748
f 6801 6800 6751
f 6801 6755 6800
f 6802 6732 6733
f 6802 6733 6799
f 6802 6801 6751
f 6802 6751 6752
f 6802 6752 6753
f 6802 6753 6754
f 6802 6754 6732
f 6802 6799 6755
f 6802 6755 6801
f 6814 6821 6813
f 6814 6835 6821
f 6815 6834 6835
f 6815 6835 6814
f 6816 6833 6834
f 6816 6834 6815
f 6817 6832 6833
f 6817 6833 6816
f 6818 6831 6832
f 6818 6832 6817
f 6819 6830 6831
f 6819 6831 6818
f 6820 6829 6830
f 6820 6830 6819
f 6805 6828 6829
f 6805 6829 6820
f 6806 6827 6828
f 6806 6828 6805
f 6807 6826 6827
f 6807 6827 6806
f 6808 6825 6826
f 6808 6826 6807
f 6809 6824 6825
f 6809 6825 6808
f 6810 6823 6824
f 6810 6824 6809
f 6811 6822 6823
f 6811 6823 6810
f 6812 6803 6822
f 6812 6822 6811
f 6804 6803 6812
f 6862 6836 6837
f 6862 6861 6836
f 6863 6837 6838
f 6863 6862 6837
f 6864 6863 6838
f 6839 6864 6838
f 6865 6864 6839
f 6840 6865 6839
f 6866 6865 6840
f 6841 6866 6840
f 6867 6866 6841
f 6842 6867 6841
f 6868 6867 6842
f 6843 6868 6842
f 6853 6868 6843
f 6844 6853 6843
f 6854 6853 6844
f 6845 6854 6844
f 6855 6854 6845
f 6846 6855 6845
f 6856 6855 6846
f 6847 6856 6846
f 6857 6856 6847
f 6848 6857 6847
f 6858 6857 6848
f 6849 6858 6848
f 6859 6858 6849
f 6850 6859 6849
f 6860 6859 6850
f 6851 6860 6850
f 6852 6860 6851
f 6914 6907 6906
f 6914 6908 6907
f 6914 6909 6908
f 6914 6910 6909
f 6914 6911 6910
f 6915 6914 6884
f 6915 6911 6914
f 6916 6884 6885
f 6916 6912 6911
f 6916 6913 6912
f 6916 6885 6913
f 6916 6911 6915
f 6916 6915 6884
f 6917 6914 6906
f 6917 6884 6914
f 6917 6883 6884
f 6918 6883 6917
f 6918 6917 6906
f 6919 6882 6883
f 6919 6906 6905
f 6919 6918 6906
f 6919 6883 6918
f 6920 6919 6905
f 6920 6882 6919
f 6921 6881 6882
f 6921 6905 6904
f 6921 6920 6905
f 6921 6882 6920
f 6922 6881 6921
f 6922 6921 6904
f 6923 6880 6881
f 6923 6904 6903
f 6923 6922 6904
f 6923 6881 6922
f 6924 6880 6923
f 6924 6923 6903
f 6925 6879 6880
f 6925 6903 6902
f 6925 6880 6924
f 6925 6924 6903
f 6926 6879 6925
f 6926 6925 6902
f 6927 6878 6879
f 6927 6902 6901
f 6927 6879 6926
f 6927 6926 6902
f 6928 6878 6927
f 6928 6927 6901
f 6929 6877 6878
f 6929 6928 6901
f 6929 6901 6900
f 6929 6878 6928
f 6930 6877 6929
f 6930 6929 6900
f 6931 6876 6877
f 6931 6900 6899
f 6931 6930 6900
f 6931 6877 6930
f 6932 6931 6899
f 6932 6876 6931
f 6933 6875 6876
f 6933 6899 6898
f 6933 6932 6899
f 6933 6876 6932
f 6934 6875 6933
f 6934 6933 6898
f 6935 6874 6875
f 6935 6898 6897
f 6935 6934 6898
f 6935 6875 6934
f 6936 6874 6935
f 6936 6935 6897
f 6937 6873 6874
f 6937 6897 6896
f 6937 6874 6936
f 6937 6936 6897
f 6938 6873 6937
f 6938 6937 6896
f 6939 6872 6873
f 6939 6896 6895
f 6939 6873 6938
f 6939 6938 6896
f 6940 6872 6939
f 6940 6939 6895
f 6941 6871 6872
f 6941 6872 6940
f 6941 6895 6894
f 6941 6940 6895
f 6942 6871 6941
f 6942 6941 6894
f 6943 6870 6871
f 6943 6871 6942
f 6943 6894 6893
f 6943 6942 6894
f 6944 6870 6943
f 6944 6943 6893
f 6945 6886 6887
f 6945 6887 6888
f 6945 6888 6889
f 6945 6893 6886
f 6946 6945 6889
f 6946 6893 6945
f 6947 6869 6870
f 6947 6889 6890
f 6947 6890 6891
f 6947 6870 6944
f 6947 6891 6892
f 6947 6892 6869
f 6947 6944 6893
f 6947 6946 6889
f 6947 6893 6946
f 6974 6949 6948
f 6974 6948 6950
f 6975 6950 6951
f 6975 6974 6950
f 6976 6975 6951
f 6952 6976 6951
f 6977 6976 6952
f 6953 6977 6952
f 6978 6977 6953
f 6954 6978 6953
f 6979 6978 6954
f 6955 6979 6954
f 6980 6979 6955
f 6956 6980 6955
f 6966 6980 6956
f 6957 6966 6956
f 6967 6966 6957
f 6958 6967 6957
f 6968 6967 6958
f 6959 6968 6958
f 6969 6968 6959
f 6960 6969 6959
f 6970 6969 6960
f 6961 6970 6960
f 6971 6970 6961
f 6962 6971 6961
f 6972 6971 6962
f 6963 6972 6962
f 6973 6972 6963
f 6964 6973 6963
f 6965 6973 6964
f 7024 7009 7008
f 7025 7024 7008
f 7023 7009 7024
f 7007 7025 7008
f 7010 7009 7023
f 7026 7025 7007
f 7022 7010 7023
f 7011 7010 7022
f 7006 7026 7007
f 7027 7026 7006
f 7021 7012 7011
f 7021 7011 7022
f 7005 7027 7006
f 6981 7012 7021
f 7028 7027 7005
f 7020 6981 7021
f 7004 7028 7005
f 6982 6981 7020
f 7029 7028 7004
f 7019 6982 7020
f 7003 7029 7004
f 6983 6982 7019
f 7030 7029 7003
f 7018 6983 7019
f 7002 7030 7003
f 6984 6983 7018
f 7031 7030 7002
f 7017 6984 7018
f 7001 7031 7002
f 6985 6984 7017
f 7032 7031 7001
f 7016 6985 7017
f 7000 7032 7001
f 6986 6985 7016
f 7033 7032 7000
f 7015 6986 7016
f 6999 7033 7000
f 6987 6986 7015
f 7034 7033 6999
f 7014 6987 7015
f 6998 7034 6999
f 6988 6987 7014
f 7035 7034 6998
f 7013 6988 7014
f 6997 7035 6998
f 6989 6988 7013
f 7036 7035 6997
f 6996 7036 6997
f 7042 6989 7013
f 6990 6989 7042
f 6995 7036 6996
f 7037 7036 6995
f 7041 6990 7042
f 6994 7037 6995
f 6991 6990 7041
f 7038 7037 6994
f 7040 6991 7041
f 6993 7039 7038
f 6993 7038 6994
f 6992 7040 7039
f 6992 7039 6993
f 6992 6991 7040
f 7053 7060 7052
f 7053 7075 7060
f 7054 7074 7075
f 7054 7075 7053
f 7055 7073 7074
f 7055 7074 7054
f 7056 7072 7073
f 7056 7073 7055
f 7057 7071 7072
f 7057 7072 7056
f 7058 7070 7071
f 7058 7071 7057
f 7059 7069 7070
f 7059 7070 7058
f 7043 7068 7069
f 7043 7069 7059
f 7044 7067 7068
f 7044 7068 7043
f 7045 7066 7067
f 7045 7067 7044
f 7046 7065 7066
f 7046 7066 7045
f 7047 7064 7065
f 7047 7065 7046
f 7048 7063 7064
f 7048 7064 7047
f 7049 7062 7063
f 7049 7063 7048
f 7050 7061 7062
f 7050 7062 7049
f 7051 7061 7050
